Ticket #,Customer Complaint,Date,Date_month_year,Time,Received Via,City,State,Zip code,Status,Filing on Behalf of Someone,Complaint_Clean
250635,Comcast Cable Internet Speeds,,2025-04-22,15:53:50,Customer Care Call,Abingdon,Maryland,21009,Closed,No,comcast cable internet speeds
223441,Payment disappear - service got disconnected,,2025-08-04,10:22:56,Internet,Acworth,Georgia,30102,Closed,No,payment disappear service got disconnected
242732,Speed and Service,,2025-04-18,09:55:47,Internet,Acworth,Georgia,30101,Closed,Yes,speed and service
277946,Comcast Imposed a New Usage Cap of 300GB that punishes streaming.,,2025-07-05,11:59:35,Internet,Acworth,Georgia,30101,Open,Yes,comcast imposed a new usage cap of 300gb that punishes streaming
307175,Comcast not working and no service to boot,,2025-05-26,13:25:26,Internet,Acworth,Georgia,30101,Solved,No,comcast not working and no service to boot
338519,ISP Charging for arbitrary data limits with overage fees,,2025-12-06,21:59:40,Internet,Acworth,Georgia,30101,Solved,No,isp charging for arbitrary data limits with overage fees
361148,Throttling service and unreasonable data caps,,2025-06-24,10:13:55,Customer Care Call,Acworth,Georgia,30101,Pending,No,throttling service and unreasonable data caps
359792,Comcast refuses to help troubleshoot and correct my service.,,2025-06-23,18:56:14,Internet,Adrian,Michigan,49221,Solved,No,comcast refuses to help troubleshoot and correct my service
318072,Comcast extended outages,,2025-01-06,23:46:30,Customer Care Call,Alameda,California,94502,Closed,No,comcast extended outages
371214,Comcast Raising Prices and Not Being Available To Ask Why,,2025-06-28,18:46:31,Customer Care Call,Alameda,California,94501,Open,Yes,comcast raising prices and not being available to ask why
255938,Billing after service was asked to be disconnected,,2025-04-24,16:40:36,Internet,Albuquerque,New Mexico,87106,Closed,No,billing after service was asked to be disconnected
276409,YAHOO FAILURE TO RESTORE EMAIL SEARCH FEATURE,,2025-06-05,15:09:49,Customer Care Call,Albuquerque,New Mexico,87109,Closed,No,yahoo failure to restore email search feature
339282,Comcast Violating Open Internet Rules by Blocking HBO Go Access on Sony Consoles,,2025-06-13,16:03:18,Internet,Albuquerque,New Mexico,87105,Open,Yes,comcast violating open internet rules by blocking hbo go access on sony consoles
360178,Internet speed,,2025-06-23,21:23:23,Internet,Albuquerque,New Mexico,87113,Solved,No,internet speed
376268,Internet Disconnects Every Night,,2025-06-30,22:30:02,Customer Care Call,Albuquerque,New Mexico,87116,Solved,No,internet disconnects every night
370137,Internet complaint,,2025-06-27,15:25:03,Customer Care Call,Albuquerqur,New Mexico,87102,Pending,No,internet complaint
363695,Internet Availability and Speed,,2025-06-24,23:47:33,Customer Care Call,Alexandria,Indiana,46001,Solved,No,internet availability and speed
238694,Comcast owes me $65 and claims I need to return equipment I never had,,2025-04-16,10:04:57,Internet,Alexandria,Virginia,22304,Closed,No,comcast owes me 65 and claims i need to return equipment i never had
230876,Horrible Internet Service,,2025-11-04,19:48:05,Customer Care Call,Alexandria,Virginia,22305,Closed,No,horrible internet service
318725,Failure to provide services that I am billed for.,,2025-02-06,13:03:52,Customer Care Call,Alexandria,Virginia,22314,Closed,No,failure to provide services that i am billed for
327657,Internet out all the time but they have a monopoly,,2025-07-06,20:55:43,Customer Care Call,Alexandria,Virginia,22305,Solved,No,internet out all the time but they have a monopoly
328742,horrible cable service and customer service,,2025-08-06,15:18:58,Internet,Alexandria,Virginia,22312,Solved,No,horrible cable service and customer service
328165,Speed,,2025-08-06,12:03:37,Customer Care Call,Alexandria,Virginia,22304,Solved,No,speed
370538,Comcast monopoly bundling practices,,2025-06-27,21:04:34,Internet,Alexandria,Virginia,22304,Open,No,comcast monopoly bundling practices
370363,COMCAST!,,2025-06-27,18:37:29,Internet,Alexandria,Virginia,22305,Solved,No,comcast
270163,bait and switch,,2025-02-05,15:55:24,Internet,Algonquin,Illinois,60102,Open,Yes,bait and switch
355976,Comcast Customer Service,,2025-06-22,14:10:39,Internet,Aliquippa,Pennsylvania,15001,Open,No,comcast customer service
260651,Apartment Management's Exclusivity Contract with Comcast,,2025-04-28,08:01:46,Customer Care Call,Allston,Massachusetts,2134,Closed,No,apartment managements exclusivity contract with comcast
305340,Unable to reach a Comcast agent for internet and billing issues.,,2025-05-24,14:57:47,Customer Care Call,Aloha,Oregon,97006,Solved,No,unable to reach a comcast agent for internet and billing issues
360759,Wifi internet not working as well,,2025-06-24,02:23:23,Internet,Aloha,Oregon,97006,Pending,No,wifi internet not working as well
265487,Comcast data caps,,2025-04-29,21:40:19,Internet,Alpharetta,Georgia,30022,Closed,No,comcast data caps
296608,Comcast Internet Data Cap,,2025-05-19,10:56:20,Internet,Alpharetta,Georgia,30022,Solved,No,comcast internet data cap
310990,XFINITY Movers Edge program,,2025-05-28,10:37:13,Customer Care Call,Alpharetta,Georgia,30022,Solved,No,xfinity movers edge program
325342,Comcast Data Internet Usage,,2025-05-06,13:25:58,Internet,Alpharetta,Georgia,30022,Solved,No,comcast data internet usage
337489,Comcast not refunding my credit,,2025-12-06,15:59:57,Internet,Alpharetta,Georgia,30005,Solved,No,comcast not refunding my credit
354116,Comcast,,2025-06-20,17:03:09,Internet,Alpharetta,Georgia,30022,Solved,No,comcast
371829,No Service,,2025-06-29,11:23:38,Internet,Alpharetta,Georgia,30005,Closed,No,no service
373874,Comcast,,2025-06-30,00:24:57,Customer Care Call,Alvin,Texas,77511,Solved,No,comcast
300824,"INTERNET , BILLING AND SERVIE ISSUES",,2025-05-21,09:34:19,Customer Care Call,Ambridge,Pennsylvania,15003,Open,No,internet billing and servie issues
348923,Comcast blocking DirecTv signals,,2025-06-18,13:50:02,Customer Care Call,Ambridge,Pennsylvania,15003,Open,No,comcast blocking directv signals
302574,pmts,,2025-05-21,20:53:29,Internet,Amesbury,Massachusetts,1913,Open,No,pmts
343346,Slow Internet Speed,,2025-06-16,13:45:58,Internet,Amherst,New Hampshire,3031,Open,No,slow internet speed
286768,not getting what I am paying for with internet,,2025-12-05,21:06:01,Customer Care Call,Andover,Minnesota,55304,Solved,No,not getting what i am paying for with internet
223179,Comcast bandwidth every evening drops to 10% of what is promised to our business,,2025-08-04,01:04:24,Internet,Angels Camp,California,95222,Closed,No,comcast bandwidth every evening drops to 10 of what is promised to our business
235980,isp dishonest about speeds,,2025-04-14,20:57:50,Customer Care Call,Angels Camp,California,95222,Closed,No,isp dishonest about speeds
236469,Deceptive sales- change in billing amount etc.,,2025-04-15,10:16:14,Internet,Ann Arbor,Michigan,48104,Closed,No,deceptive sales change in billing amount etc
288602,Comcast Billing Dispute,,2025-05-13,18:20:32,Internet,Ann Arbor,Michigan,48105,Closed,No,comcast billing dispute
309379,Comcast,,2025-05-27,13:50:37,Internet,Ann Arbor,Michigan,48105,Solved,No,comcast
351079,Comcast Billing and Service Issues,,2025-06-19,09:19:46,Internet,Ann Arbor,Michigan,48105,Solved,No,comcast billing and service issues
366705,Cable prices rising,,2025-06-25,18:17:58,Internet,Ann Arbor,Michigan,48103,Solved,No,cable prices rising
368705,service issues,,2025-06-26,15:56:18,Internet,Annapolis,Maryland,21401,Solved,No,service issues
347369,HBO GO on Playstation 4,,2025-06-17,20:41:23,Internet,Annville,Pennsylvania,17003,Solved,No,hbo go on playstation 4
291784,internet connectivity,,2025-05-15,13:07:11,Customer Care Call,Anoka,Minnesota,55303,Solved,No,internet connectivity
308478,Email issues,,2025-05-26,21:45:02,Customer Care Call,Antioch,California,94509,Solved,No,email issues
309851,Monopoly,,2025-05-27,16:24:46,Internet,Antioch,Tennessee,37013,Solved,No,monopoly
367342,Complaint against Xfinity/Comcast,,2025-06-26,02:38:50,Internet,Aptos,California,95003,Closed,No,complaint against xfinitycomcast
227209,Comcast credit after cancellation has not been received after more than a year,,2025-09-04,16:40:05,Customer Care Call,Arlington,Virginia,22202,Closed,No,comcast credit after cancellation has not been received after more than a year
266376,Comcast False Promises,,2025-04-30,13:06:52,Internet,Arlington,Virginia,22206,Closed,No,comcast false promises
325273,Comcast Blocking UDP Port 443,,2025-05-06,13:02:10,Customer Care Call,Arlington,Virginia,22206,Closed,Yes,comcast blocking udp port 443
342435,Issues with Comcast,,2025-06-15,22:39:15,Internet,Arlington,Virginia,22206,Solved,No,issues with comcast
348514,Comcast Refuses to Schedule a Future Service Stoppage,,2025-06-18,12:02:57,Internet,Arlington,Virginia,22204,Solved,No,comcast refuses to schedule a future service stoppage
352100,Comcast,,2025-06-19,14:36:57,Internet,Arlington,Virginia,22206,Open,No,comcast
355887,Overbilling,,2025-06-22,13:45:40,Customer Care Call,Arlington,Virginia,22207,Solved,Yes,overbilling
356118,"Comcast - failure to provide service, refusal to void contract",,2025-06-22,14:41:05,Customer Care Call,Arlington,Virginia,22206,Solved,No,comcast failure to provide service refusal to void contract
363869,Spotty Comcast service,,2025-06-25,08:03:27,Customer Care Call,Arlington,Virginia,22202,Solved,No,spotty comcast service
369398,without service despite willingness to pay,,2025-06-26,21:09:12,Customer Care Call,Arlington,Virginia,22204,Open,No,without service despite willingness to pay
226231,Issues with Xfinity/Comcast,,2025-09-04,12:24:32,Customer Care Call,Arlington Heights,Illinois,60004,Closed,No,issues with xfinitycomcast
241880,Cable Modem rent for Internet access,,2025-04-17,15:48:16,Internet,Arlington Heights,Illinois,60004,Closed,No,cable modem rent for internet access
360187,Comcast/Xfinity,,2025-06-23,21:27:28,Customer Care Call,Arvada,Colorado,80004,Solved,No,comcastxfinity
223960,Speed issues,,2025-08-04,12:53:45,Internet,Ashland,Virginia,23005,Closed,No,speed issues
355934,AT&T,,2025-06-22,13:58:04,Customer Care Call,Athens,Tennessee,37303,Solved,No,att
211976,Fraudulent claims reported to collections agency,,2025-01-04,13:26:53,Customer Care Call,Atlanta,Georgia,30312,Closed,No,fraudulent claims reported to collections agency
243998,Comcast using a Data Cap to take however much money they like,,2025-04-19,22:49:13,Internet,Atlanta,Georgia,30097,Closed,No,comcast using a data cap to take however much money they like
265755,Comcast Data Cap,,2025-04-30,08:50:19,Customer Care Call,Atlanta,Georgia,30339,Closed,No,comcast data cap
230907,Speed of service,,2025-11-04,20:30:03,Customer Care Call,Atlanta,Georgia,30319,Closed,No,speed of service
231273,Comcast's Monopolistic Practices and Data Capping,,2025-12-04,15:22:03,Internet,Atlanta,Georgia,30315,Closed,No,comcasts monopolistic practices and data capping
231292,"Comcast data cap ""trials""",,2025-12-04,15:45:26,Internet,Atlanta,Georgia,30316,Closed,No,comcast data cap trials
231377,Comcast billing problem,,2025-12-04,18:18:10,Internet,Atlanta,Georgia,30308,Closed,No,comcast billing problem
252681,Comcast Needs Competition,,2025-04-23,14:26:10,Customer Care Call,Atlanta,Georgia,30315,Closed,No,comcast needs competition
268101,Comcast services/billing issues,,2025-01-05,10:00:59,Customer Care Call,Atlanta,Georgia,30316,Solved,No,comcast servicesbilling issues
269066,Incorrect Bill,,2025-01-05,15:43:37,Customer Care Call,Atlanta,Georgia,30317,Solved,No,incorrect bill
273420,Legality of data caps,,2025-05-05,11:58:26,Internet,Atlanta,Georgia,30315,Closed,No,legality of data caps
278509,Data caps,,2025-07-05,14:55:45,Internet,Atlanta,Georgia,30363,Open,No,data caps
279656,Comcast Added Service After I Declined It,,2025-08-05,08:47:45,Internet,Atlanta,Georgia,30345,Solved,No,comcast added service after i declined it
288771,Comcast Misled With Overage Policy,,2025-05-13,19:55:53,Internet,Atlanta,Georgia,30317,Open,No,comcast misled with overage policy
293512,Cable service and telephone connect not complete,,2025-05-16,16:29:33,Customer Care Call,Atlanta,Georgia,30311,Solved,Yes,cable service and telephone connect not complete
297104,Comcast data cap,,2025-05-19,13:51:11,Customer Care Call,Atlanta,Georgia,30305,Solved,No,comcast data cap
303412,Comcast Won't Cancel My Service,,2025-05-22,13:09:51,Customer Care Call,Atlanta,Georgia,30318,Solved,No,comcast wont cancel my service
304450,Data Caps,,2025-05-23,00:05:55,Internet,Atlanta,Georgia,30318,Open,No,data caps
305137,Comcast disconnecting service before due date,,2025-05-23,23:34:43,Internet,Atlanta,Georgia,30324,Open,No,comcast disconnecting service before due date
305982,comcast data cap,,2025-05-25,15:34:56,Internet,Atlanta,Georgia,30309,Open,No,comcast data cap
307799,Comcast,,2025-05-26,16:29:57,Customer Care Call,Atlanta,Georgia,30318,Solved,No,comcast
308171,Unbelievable Treatment,,2025-05-26,18:40:25,Customer Care Call,Atlanta,Georgia,30310,Solved,No,unbelievable treatment
312746,Denial of Comcast Business (Phone and internet) Service to my dental practice,,2025-05-28,22:35:40,Customer Care Call,Atlanta,Georgia,30324,Solved,No,denial of comcast business phone and internet service to my dental practice
311725,Comcast's Terrible Service - How are they still in business?,,2025-05-28,14:46:47,Internet,Atlanta,Georgia,30309,Solved,No,comcasts terrible service how are they still in business
313949,they are forcing me for my bank account information by suspending my services for no reason (I also feel like they are committing corporate theft).,,2025-05-29,15:56:01,Internet,Atlanta,Georgia,30314,Solved,No,they are forcing me for my bank account information by suspending my services for no reason i also feel like they are committing corporate theft
315173,Comcast discontinuation of service issue,,2025-05-30,15:27:41,Customer Care Call,Atlanta,Georgia,30312,Open,No,comcast discontinuation of service issue
317945,Comcast customer service,,2025-01-06,21:32:46,Customer Care Call,Atlanta,Georgia,30329,Closed,No,comcast customer service
318301,Comcast,,2025-02-06,10:06:22,Customer Care Call,Atlanta,Georgia,30315,Closed,No,comcast
322511,"Comcast bandwidth data caps in Atlanta, GA",,2025-03-06,23:59:33,Internet,Atlanta,Georgia,30341,Closed,Yes,comcast bandwidth data caps in atlanta ga
322882,Comcast won't quit charging me for modem rental,,2025-04-06,10:58:18,Internet,Atlanta,Georgia,30317,Solved,No,comcast wont quit charging me for modem rental
323473,Comcast download caps,,2025-04-06,14:18:03,Internet,Atlanta,Georgia,30345,Solved,No,comcast download caps
325596,Horrible Comcast Customer Service,,2025-05-06,14:46:43,Customer Care Call,Atlanta,Georgia,30339,Solved,No,horrible comcast customer service
327291,Data Cap,,2025-07-06,10:01:52,Internet,Atlanta,Georgia,30309,Solved,No,data cap
334035,Bad Customer Service,,2025-10-06,22:24:00,Internet,Atlanta,Georgia,30331,Solved,No,bad customer service
340637,disconnection of service,,2025-06-15,10:56:55,Customer Care Call,Atlanta,Georgia,30306,Solved,No,disconnection of service
341535,Comcast Data Usage Charges,,2025-06-15,15:39:09,Customer Care Call,Atlanta,Georgia,30309,Open,No,comcast data usage charges
350016,Comcast refuses service to my address,,2025-06-18,16:45:38,Customer Care Call,Atlanta,Georgia,30318,Solved,No,comcast refuses service to my address
349567,Comcast will not let me discuss my bill or service with a representative,,2025-06-18,15:36:45,Customer Care Call,Atlanta,Georgia,30324,Solved,No,comcast will not let me discuss my bill or service with a representative
349716,Comcast billing frauds,,2025-06-18,15:53:05,Internet,Atlanta,Georgia,30328,Solved,No,comcast billing frauds
354254,Comcast TV/Internet hookup,,2025-06-20,19:16:33,Internet,Atlanta,Georgia,30341,Solved,No,comcast tvinternet hookup
355121,no service for 5+ days,,2025-06-22,09:05:33,Internet,Atlanta,Georgia,30341,Solved,No,no service for 5 days
357856,Comcast - Billing,,2025-06-23,11:35:54,Customer Care Call,Atlanta,Georgia,30363,Open,No,comcast billing
359719,Comcast Internet,,2025-06-23,18:27:47,Customer Care Call,Atlanta,Georgia,30307,Solved,No,comcast internet
359260,Comcast speed integrity,,2025-06-23,16:30:18,Customer Care Call,Atlanta,Georgia,30308,Pending,No,comcast speed integrity
358601,Data cap,,2025-06-23,14:21:23,Internet,Atlanta,Georgia,30306,Pending,No,data cap
362076,Comcast Atlanta Data Caps,,2025-06-24,14:13:31,Internet,Atlanta,Georgia,30306,Pending,No,comcast atlanta data caps
362097,Comcast Atlanta Data Caps,,2025-06-24,14:18:32,Internet,Atlanta,Georgia,30324,Pending,No,comcast atlanta data caps
363616,COMCAST Poor Customer Service,,2025-06-24,22:28:58,Internet,Atlanta,Georgia,30345,Open,No,comcast poor customer service
361720,Overage on 300GB data plan with Comcast,,2025-06-24,12:39:59,Customer Care Call,Atlanta,Georgia,30306,Solved,No,overage on 300gb data plan with comcast
362223,Comcast bill,,2025-06-24,14:43:13,Customer Care Call,Atlanta,Georgia,30316,Solved,No,comcast bill
363102,Comcast Data Cap,,2025-06-24,18:24:57,Customer Care Call,Atlanta,Georgia,30328,Pending,No,comcast data cap
363235,Unfair Billing Practices,,2025-06-24,19:12:16,Internet,Atlanta,Georgia,30307,Solved,No,unfair billing practices
363424,Comcast data caps,,2025-06-24,20:42:06,Customer Care Call,Atlanta,Georgia,30327,Solved,No,comcast data caps
365321,Comcast Refusing to Honor Internet Rate,,2025-06-25,14:08:35,Internet,Atlanta,Georgia,30324,Solved,No,comcast refusing to honor internet rate
363860,speed,,2025-06-25,07:33:58,Internet,Atlanta,Georgia,30316,Open,No,speed
368838,Not Acceptable Internet Additional Charge.,,2025-06-26,16:42:51,Customer Care Call,Atlanta,Georgia,30339,Solved,No,not acceptable internet additional charge
367718,Comcast internet and cable service,,2025-06-26,11:02:54,Customer Care Call,Atlanta,Georgia,30316,Open,Yes,comcast internet and cable service
370846,"Comcast deceptive advertising, overage charges",,2025-06-28,12:08:05,Internet,Atlanta,Georgia,30329,Pending,No,comcast deceptive advertising overage charges
372331,Comcast Data Caps,,2025-06-29,13:49:15,Internet,Atlanta,Georgia,30324,Pending,Yes,comcast data caps
373205,Comcast: Xfinity Slamming,,2025-06-29,17:41:37,Internet,Atlanta,Georgia,30315,Closed,No,comcast xfinity slamming
375377,Comcast Support Unable to Provide Accurate Information,,2025-06-30,16:17:34,Internet,Atlanta,Georgia,30328,Open,No,comcast support unable to provide accurate information
373977,Comcast Data Usage Limits,,2025-06-30,08:14:37,Internet,Atlanta,Georgia,30342,Pending,No,comcast data usage limits
344456,Repeated Erroneous Modem Rental Charge,,2025-06-16,20:17:10,Customer Care Call,Atlanta,Georgia,30308,Solved,No,repeated erroneous modem rental charge
374159,Xfinity pricing,,2025-06-30,10:33:18,Customer Care Call,Atlantic Beach,Florida,32233,Solved,No,xfinity pricing
359224,Comcast monopoly,,2025-06-23,16:22:19,Internet,Attalla,Alabama,35954,Solved,No,comcast monopoly
274956,Internet connection both upload and download speeds,,2025-05-05,19:34:03,Customer Care Call,Attica,Indiana,47918,Open,No,internet connection both upload and download speeds
338651,Internet Availability,,2025-06-13,01:07:20,Internet,Attica,Michigan,48412,Open,No,internet availability
369453,"Comcast ""50 mb/s"" speed and throttling",,2025-06-26,22:15:55,Internet,Auburn,Georgia,30011,Pending,No,comcast 50 mbs speed and throttling
221984,Complaint against Comcast,,2025-07-04,14:43:14,Internet,Auburn,Pennsylvania,17922,Closed,No,complaint against comcast
346885,Comcast,,2025-06-17,18:17:59,Internet,Auburn,Washington,98092,Open,No,comcast
359070,Comcast (Xfinity) Monopolistic Billing Practices,,2025-06-23,15:49:46,Internet,Auburn,Washington,98092,Closed,No,comcast xfinity monopolistic billing practices
372769,Internet Throttling,,2025-06-29,15:47:44,Internet,Auburn,Washington,98092,Solved,No,internet throttling
311239,Data Usage Overage,,2025-05-28,12:16:01,Internet,Augusta,Georgia,30907,Solved,Yes,data usage overage
339371,double billing after change of service,,2025-06-13,17:24:59,Internet,Augusta,Georgia,30904,Solved,Yes,double billing after change of service
360222,Bandwidth Caps becoming excessive,,2025-06-23,21:36:55,Internet,Augusta,Georgia,30907,Solved,No,bandwidth caps becoming excessive
370518,Comcast data limits,,2025-06-27,20:32:23,Customer Care Call,Augusta,Georgia,30904,Solved,Yes,comcast data limits
335988,Unable to cancel xfinity home security,,2025-11-06,21:11:33,Customer Care Call,Aurora,Colorado,80012,Solved,No,unable to cancel xfinity home security
361604,Comcast trying to setup stuff we didn't order,,2025-06-24,12:16:47,Customer Care Call,Aurora,Colorado,80011,Solved,No,comcast trying to setup stuff we didnt order
369583,Terrible waiting times,,2025-06-27,01:21:11,Internet,Aurora,Colorado,80014,Solved,Yes,terrible waiting times
342399,Incorrect prices for new customers,,2025-06-15,21:50:41,Customer Care Call,Aurora,Illinois,60503,Open,No,incorrect prices for new customers
359858,Comcast is throttling my internet,,2025-06-23,19:16:40,Customer Care Call,Aurora,Illinois,60503,Pending,No,comcast is throttling my internet
363993,Internet Pricing,,2025-06-25,09:30:43,Customer Care Call,Aurora,Illinois,60502,Open,No,internet pricing
223256,MISC. CHARGES,,2025-08-04,07:51:06,Customer Care Call,Austell,Georgia,30106,Closed,No,misc charges
375093,Comast data cap,,2025-06-30,15:07:14,Customer Care Call,Austell,Georgia,30168,Pending,No,comast data cap
347937,Comcast throttles internet,,2025-06-18,09:15:45,Customer Care Call,Austin,Texas,78731,Open,No,comcast throttles internet
360286,throttling,,2025-06-23,22:07:17,Internet,Avon,Colorado,81620,Pending,Yes,throttling
279378,Forced Bundling of Internet Service with CATV,,2025-07-05,21:16:13,Customer Care Call,Ayer,Massachusetts,1432,Open,No,forced bundling of internet service with catv
301854,Comcast Internet,,2025-05-21,16:31:00,Customer Care Call,Baden,Pennsylvania,15005,Closed,Yes,comcast internet
306805,Failure to deliver service,,2025-05-26,11:29:54,Customer Care Call,Bainbridge Island,Washington,98110,Solved,No,failure to deliver service
373653,Comcast HBO Go PS4 app,,2025-06-29,20:40:56,Customer Care Call,Bainbridge Island,Washington,98110,Pending,No,comcast hbo go ps4 app
304583,Comcast's refusal to recognize written notice of termination of service,,2025-05-23,10:37:56,Customer Care Call,Bala Cynwyd,Pennsylvania,19004,Solved,No,comcasts refusal to recognize written notice of termination of service
324795,Rates,,2025-05-06,09:59:39,Internet,Bala Cynwyd,Pennsylvania,19004,Closed,No,rates
348338,Termination Fee,,2025-06-18,11:14:49,Internet,Ballston Lake,New York,12019,Solved,No,termination fee
241422,Comcast internet/cable,,2025-04-17,13:21:20,Internet,Baltimore,Maryland,21224,Closed,No,comcast internetcable
252368,I AM BEING CHARGE DOUBLE FOR MY CABLE BILL.,,2025-04-23,12:56:29,Customer Care Call,Baltimore,Maryland,21207,Open,No,i am being charge double for my cable bill
259003,REPEATED Comcast billing issues,,2025-04-27,13:35:21,Customer Care Call,Baltimore,Maryland,21239,Closed,No,repeated comcast billing issues
312881,unauthorized comcast username setup,,2025-05-29,06:31:23,Customer Care Call,Baltimore,Maryland,21206,Open,No,unauthorized comcast username setup
319505,Services turned off in retaliation for complaints,,2025-02-06,17:14:14,Customer Care Call,Baltimore,Maryland,21218,Closed,No,services turned off in retaliation for complaints
342923,Comcast does not disclose the Internet speed I'm paying for anywhere on my bill or online,,2025-06-16,11:17:13,Customer Care Call,Baltimore,Maryland,21218,Open,No,comcast does not disclose the internet speed im paying for anywhere on my bill or online
343096,Internet speeds disclosure on bill,,2025-06-16,12:11:39,Internet,Baltimore,Maryland,21218,Solved,No,internet speeds disclosure on bill
343625,Internet speed not disclosed,,2025-06-16,15:09:53,Customer Care Call,Baltimore,Maryland,21237,Solved,No,internet speed not disclosed
348974,Intermittent Service,,2025-06-18,14:04:40,Customer Care Call,Baltimore,Maryland,21209,Solved,No,intermittent service
356080,Comcast billing practices,,2025-06-22,14:31:19,Internet,Baltimore,Maryland,21218,Solved,No,comcast billing practices
360196,monopoly,,2025-06-23,21:28:56,Internet,Baltimore,Maryland,21225,Solved,No,monopoly
358485,Consistently Slow and Throttled Internet Speeds,,2025-06-23,13:56:14,Internet,Baltimore,Maryland,21217,Pending,No,consistently slow and throttled internet speeds
360378,Paying for high speed internet with Comcast. Consistently getting slow service.,,2025-06-23,22:37:16,Internet,Baltimore,Maryland,21202,Open,No,paying for high speed internet with comcast consistently getting slow service
357904,Comcast Monopoly on Packages is costing me more money for same service,,2025-06-23,11:49:09,Customer Care Call,Baltimore,Maryland,21212,Solved,No,comcast monopoly on packages is costing me more money for same service
361480,"hidden fees, dropped internet connection",,2025-06-24,11:43:44,Internet,Baltimore,Maryland,21224,Solved,Yes,hidden fees dropped internet connection
364840,COMCAST HIGH SPEED INTERNET MONOPOLY,,2025-06-25,12:58:48,Internet,Baltimore,Maryland,21224,Solved,No,comcast high speed internet monopoly
368793,ComCast cable In Maryland,,2025-06-26,16:25:27,Customer Care Call,Baltimore,Maryland,21222,Solved,No,comcast cable in maryland
370296,Billing Dispute & Poor Customer Service,,2025-06-27,17:21:39,Internet,Baltimore,Maryland,21239,Closed,No,billing dispute poor customer service
373716,Comcast change contract,,2025-06-29,21:27:12,Customer Care Call,Baltimore,Maryland,21239,Solved,Yes,comcast change contract
360325,Comcast throttle,,2025-06-23,22:16:47,Customer Care Call,Bargersville,Indiana,46106,Pending,No,comcast throttle
249688,Xfinity WiFi access,,2025-04-22,10:53:59,Internet,Barnegat,New Jersey,8005,Closed,No,xfinity wifi access
270364,"No internet, no cable",,2025-02-05,21:14:09,Customer Care Call,Barrington,Illinois,60010,Open,No,no internet no cable
256911,Internet service slow and intermittent,,2025-04-25,13:09:19,Customer Care Call,Bartlett,Tennessee,38133,Closed,No,internet service slow and intermittent
332159,Comcast Account,,2025-10-06,10:09:01,Customer Care Call,Bartlett,Tennessee,38135,Solved,No,comcast account
294386,Week long issues with speed and no help from comcast,,2025-05-18,09:36:31,Internet,Bartonville,Illinois,61607,Solved,No,week long issues with speed and no help from comcast
327139,Data Usage Cap Maine,,2025-06-06,20:04:42,Customer Care Call,Bath,Maine,4530,Open,No,data usage cap maine
360806,Comcasts Shady Business Practices,,2025-06-24,03:43:45,Internet,Battle Ground,Washington,98604,Open,Yes,comcasts shady business practices
375249,Comcast cable,,2025-06-30,15:47:29,Internet,Beach Haven,New Jersey,8008,Pending,No,comcast cable
373009,Comcast Pricing,,2025-06-29,16:50:06,Internet,Beachwood,New Jersey,8722,Open,No,comcast pricing
229055,Comcast Complaint,,2025-10-04,14:35:54,Internet,Beale Afb,California,95903,Closed,No,comcast complaint
365445,CABLE,,2025-06-25,14:25:23,Internet,Beaver Falls,Pennsylvania,15010,Solved,No,cable
252877,Comcast Charges,,2025-04-23,15:20:54,Customer Care Call,Beaverton,Oregon,97005,Open,No,comcast charges
316088,Comcast,,2025-05-31,23:02:38,Customer Care Call,Beaverton,Oregon,97006,Pending,No,comcast
297569,Internet needed!,,2025-05-19,16:23:00,Internet,Bedford,Indiana,47421,Solved,No,internet needed
282375,Deceptive Practices,,2025-10-05,09:54:33,Internet,Bedford,Pennsylvania,15522,Solved,No,deceptive practices
249174,Comcast fraud,,2025-04-21,21:56:13,Internet,Bel Air,Maryland,21014,Closed,No,comcast fraud
327919,Complaint CR Comcast Problem - VOIP Phone not working for days,,2025-08-06,10:23:24,Internet,Bel Air,Maryland,21014,Solved,No,complaint cr comcast problem voip phone not working for days
238313,Comcast,,2025-04-15,21:40:42,Internet,Belleville,Michigan,48111,Closed,No,comcast
226213,Double-billing,,2025-09-04,12:15:51,Internet,Bellevue,Washington,98004,Closed,No,doublebilling
216441,download speeds slower than dial-up but paying for 25 Mbps,,2025-03-04,13:41:50,Internet,Bellevue,Washington,98006,Closed,No,download speeds slower than dialup but paying for 25 mbps
364301,Comcast billing error,,2025-06-25,11:33:32,Internet,Bellingham,Washington,98229,Solved,Yes,comcast billing error
367375,Comcast Internet Technical Support,,2025-06-26,04:54:18,Internet,Bellingham,Washington,98225,Solved,No,comcast internet technical support
235996,Comcast Blocking HBOGo on PS4,,2025-04-14,21:08:59,Customer Care Call,Belmont,California,94002,Closed,No,comcast blocking hbogo on ps4
231265,Residentail Broadband Data Caps,,2025-12-04,15:10:25,Internet,Belmont,Michigan,49306,Closed,No,residentail broadband data caps
363097,Comcast,,2025-06-24,18:24:00,Internet,Belton,Missouri,64012,Open,No,comcast
304557,Monthly Charges Increased without any notice,,2025-05-23,10:19:35,Internet,Beltsville,Maryland,20705,Solved,No,monthly charges increased without any notice
260284,Comcast internet for low income families,,2025-04-27,20:57:16,Customer Care Call,Belvidere,Illinois,61008,Closed,No,comcast internet for low income families
260286,Comcast internet for low income families,,2025-04-27,20:57:43,Internet,Belvidere,Illinois,61008,Closed,No,comcast internet for low income families
272802,Comcast Service and customer service representative,,2025-04-05,20:59:22,Internet,Bensalem,Pennsylvania,19020,Closed,No,comcast service and customer service representative
293050,Poor internet connection/dropped connection since installation of new modem,,2025-05-16,08:32:31,Internet,Bensalem,Pennsylvania,19020,Solved,No,poor internet connectiondropped connection since installation of new modem
351961,Comcast Billing,,2025-06-19,13:46:28,Internet,Bensalem,Pennsylvania,19020,Solved,Yes,comcast billing
360739,Bank Fee Refund Reques,,2025-06-24,01:48:55,Internet,Berkeley,California,94704,Closed,No,bank fee refund reques
360830,COMCAST Unfair Charge,,2025-06-24,04:24:26,Internet,Berkeley,California,94705,Pending,No,comcast unfair charge
370385,Wrongful Billing,,2025-06-27,18:44:08,Customer Care Call,Berkeley,California,94704,Solved,No,wrongful billing
232450,Billing problem,,2025-04-13,14:26:56,Customer Care Call,Berkeley Lake,Georgia,30096,Closed,No,billing problem
373879,Service refusal and lower than advertised speeds.,,2025-06-30,00:40:28,Internet,Berkeley Spring,West Virginia,25411,Open,No,service refusal and lower than advertised speeds
347973,COMCAST - MAJOR COMPLAINT 1ST TIME CUSTOMER - AGGRAVATED HEALTH ISSUES,,2025-06-18,09:37:51,Customer Care Call,Berwyn,Pennsylvania,19312,Closed,No,comcast major complaint 1st time customer aggravated health issues
353984,Connecting the service,,2025-06-20,15:28:21,Customer Care Call,Bethesda,Maryland,20817,Solved,No,connecting the service
348310,Over Charge by lying,,2025-06-18,11:08:53,Internet,Blacksburg,Virginia,24060,Solved,No,over charge by lying
300985,Comcast keeps changing bill and every time gives new reasons!!,,2025-05-21,11:29:53,Internet,Blackwood,New Jersey,8012,Solved,No,comcast keeps changing bill and every time gives new reasons
336029,Ad in craigslist was a scam for selling product not owned,,2025-11-06,21:31:55,Internet,Blackwood,New Jersey,8012,Closed,No,ad in craigslist was a scam for selling product not owned
353614,Comcast Internet,,2025-06-20,10:58:15,Customer Care Call,Blaine,Washington,98230,Solved,No,comcast internet
350810,Comcast billing after discontinuation of service,,2025-06-18,22:52:12,Customer Care Call,Blairstown,New Jersey,7825,Solved,No,comcast billing after discontinuation of service
347021,COMPLAINT AGAINST COMCAST,,2025-06-17,18:54:21,Customer Care Call,Bloomfield,Michigan,48302,Open,No,complaint against comcast
347789,Comcast data cap,,2025-06-18,03:22:37,Internet,Bloomingdale,Georgia,31302,Open,No,comcast data cap
358822,Comcast Issues,,2025-06-23,15:05:04,Internet,Bloomingdale,Georgia,31302,Pending,No,comcast issues
249465,Comcast charging a fee without disclosing,,2025-04-22,08:44:27,Internet,Bloomington,Illinois,61701,Closed,No,comcast charging a fee without disclosing
360372,increased bill,,2025-06-23,22:36:29,Internet,Bloomington,Illinois,61704,Solved,No,increased bill
360432,"Incorrect charges, and would not fix",,2025-06-23,23:00:41,Internet,Bloomington,Illinois,61701,Open,No,incorrect charges and would not fix
367310,Suspected Throttling,,2025-06-26,01:00:33,Internet,Bloomington,Illinois,61704,Open,Yes,suspected throttling
251442,constant disruption of internet service,,2025-04-22,21:41:10,Customer Care Call,Bloomington,Indiana,47401,Closed,No,constant disruption of internet service
363940,Comcast Unfair Billing Practices,,2025-06-25,09:05:14,Customer Care Call,Bloomington,Indiana,47408,Solved,No,comcast unfair billing practices
367449,Incorrect Billing and Service from Comcast,,2025-06-26,08:45:22,Internet,Bloomington,Indiana,47401,Solved,No,incorrect billing and service from comcast
312775,Comcast reduced my internet speed,,2025-05-28,23:01:44,Customer Care Call,Bloomington,Minnesota,55420,Solved,No,comcast reduced my internet speed
360666,Keep getting charged rental fees for modem I already own,,2025-06-24,00:49:46,Customer Care Call,Bloomington,Minnesota,55431,Solved,No,keep getting charged rental fees for modem i already own
327468,Dealing with Comcast/Xfinity,,2025-07-06,15:07:09,Internet,Bloominton,Illinois,61701,Closed,No,dealing with comcastxfinity
239613,Over Billing,,2025-04-16,15:03:03,Customer Care Call,Boca Raton,Florida,33496,Closed,No,over billing
253813,Billing,,2025-04-23,17:48:47,Customer Care Call,Boca Raton,Florida,33486,Closed,Yes,billing
259141,Awful Service!,,2025-04-27,14:13:15,Internet,Boca Raton,Florida,33487,Closed,No,awful service
275079,Comcast bad practices,,2025-05-05,20:41:17,Internet,Boca Raton,Florida,33487,Closed,No,comcast bad practices
292598,Billing for equipment that was not provided to me,,2025-05-15,17:48:59,Customer Care Call,Boca Raton,Florida,33496,Open,No,billing for equipment that was not provided to me
294846,Comcast Speed Issues,,2025-05-18,12:52:13,Customer Care Call,Boca Raton,Florida,33434,Open,No,comcast speed issues
319332,Technical Support,,2025-02-06,16:28:50,Customer Care Call,Boca Raton,Florida,33432,Solved,No,technical support
353911,Failure to supply the proper Internet service,,2025-06-20,14:41:33,Customer Care Call,Boca Raton,Florida,33432,Solved,No,failure to supply the proper internet service
370148,Comcast disconnected my account without reason or notice,,2025-06-27,15:36:57,Customer Care Call,Boca Raton,Florida,33486,Open,No,comcast disconnected my account without reason or notice
376154,Bad Service/drop calls/no support,,2025-06-30,21:06:31,Internet,Boca Raton,Florida,33498,Open,No,bad servicedrop callsno support
375862,Modem rental fees,,2025-06-30,18:42:19,Internet,Boca Raton,Florida,33496,Open,No,modem rental fees
234849,Comcast - issues galore,,2025-04-14,14:07:23,Internet,Bolton,Massachusetts,1740,Closed,No,comcast issues galore
344483,Monopolistic behavior,,2025-06-16,20:36:12,Customer Care Call,Bolton,Massachusetts,1740,Solved,No,monopolistic behavior
315491,bait and switch pricing,,2025-05-30,22:38:41,Customer Care Call,Bordentown,New Jersey,8505,Open,No,bait and switch pricing
240843,hbo go comcast,,2025-04-17,09:30:48,Customer Care Call,Boston,Massachusetts,2215,Closed,No,hbo go comcast
256620,Comcast Slow Internet,,2025-04-25,01:47:46,Customer Care Call,Boston,Massachusetts,2125,Solved,No,comcast slow internet
331321,Slow Internet Speeds,,2025-09-06,18:14:18,Customer Care Call,Boston,Massachusetts,2116,Solved,No,slow internet speeds
359031,Comcast Billing pratice,,2025-06-23,15:41:20,Customer Care Call,Boston,Massachusetts,2136,Solved,Yes,comcast billing pratice
360419,Comcast overbilled me and added numerous hidden charges,,2025-06-23,22:58:16,Internet,Boston,Massachusetts,2114,Solved,No,comcast overbilled me and added numerous hidden charges
362450,Unfair billing practices of Comcast,,2025-06-24,15:40:31,Customer Care Call,Boston,Massachusetts,2115,Solved,No,unfair billing practices of comcast
215573,HBO GO blocked on Amazon Fire TV,,2025-02-04,22:25:22,Internet,Bothell,Washington,98012,Closed,No,hbo go blocked on amazon fire tv
317979,Comcast Outage/poor service 6/1,,2025-01-06,22:07:53,Customer Care Call,Bothell,Washington,98021,Closed,No,comcast outagepoor service 61
231412,Comcast Agreement,,2025-12-04,19:29:06,Customer Care Call,Boulder,Colorado,80303,Closed,No,comcast agreement
292412,False contract repersentation,,2025-05-15,16:34:23,Customer Care Call,Boulder,Colorado,80304,Solved,Yes,false contract repersentation
370586,"Extremely low speeds, and no help",,2025-06-27,21:57:04,Internet,Boulder,Colorado,80303,Open,No,extremely low speeds and no help
370638,Comcast throttling download speed.,,2025-06-27,23:03:12,Customer Care Call,Boulder,Colorado,80305,Pending,No,comcast throttling download speed
215789,broadband interuption,,2025-03-04,09:11:15,Internet,Bourbonnais,Illinois,60914,Closed,No,broadband interuption
260358,low internet speed,,2025-04-27,21:34:24,Internet,Bourbonnais,Illinois,60914,Closed,No,low internet speed
212818,Incorrect Billing,,2025-01-04,17:39:39,Customer Care Call,Boynton Beach,Florida,33426,Closed,No,incorrect billing
338907,Comcast - Diversified Consultants,,2025-06-13,11:48:10,Internet,Bozeman,Montana,59715,Closed,No,comcast diversified consultants
371186,COMCAST BILLING FOR LAST @18 mos for services they are unable or unwilling to provide,,2025-06-28,17:50:11,Internet,Braintree,Massachusetts,2184,Open,No,comcast billing for last 18 mos for services they are unable or unwilling to provide
228369,Comcast blocks HBO GO on PS4,,2025-10-04,11:17:48,Customer Care Call,Brandon,Mississippi,39047,Closed,No,comcast blocks hbo go on ps4
329488,Comcast data usage charges,,2025-08-06,20:17:09,Customer Care Call,Brandon,Mississippi,39047,Solved,No,comcast data usage charges
358865,Comcast Bandwidth Billing Issue,,2025-06-23,15:12:16,Customer Care Call,Brandon,Mississippi,39047,Solved,No,comcast bandwidth billing issue
362663,Comcast Internet speeds,,2025-06-24,16:21:50,Internet,Branford,Connecticut,6405,Solved,No,comcast internet speeds
235817,Comcast slow internet service,,2025-04-14,19:41:02,Internet,Braselton,Georgia,30517,Closed,No,comcast slow internet service
354359,Comcast Slow Internet,,2025-06-20,22:01:52,Customer Care Call,Brentwood,California,94513,Open,No,comcast slow internet
316562,Comcast internet freezes up,,2025-01-06,12:10:43,Internet,Brentwood,Tennessee,37027,Solved,No,comcast internet freezes up
283105,Comcast changed my account plan after i said no about 2-3 times,,2025-11-05,11:02:33,Internet,Brick,New Jersey,8724,Solved,No,comcast changed my account plan after i said no about 23 times
358373,lack of service from comcast,,2025-06-23,13:33:50,Customer Care Call,Brick,New Jersey,8724,Open,No,lack of service from comcast
360353,Comcast,,2025-06-23,22:26:37,Customer Care Call,Brick,New Jersey,8724,Solved,No,comcast
360370,Comcast,,2025-06-23,22:35:42,Internet,Brick,New Jersey,8724,Solved,No,comcast
360980,credit for service outage 6/23/15,,2025-06-24,09:07:45,Internet,Brick,New Jersey,8723,Solved,No,credit for service outage 62315
300066,Unauthorized billing,,2025-05-20,17:28:54,Customer Care Call,Brier,Washington,98036,Solved,No,unauthorized billing
257589,Billing overcharges,,2025-04-26,09:46:58,Customer Care Call,Brigantine,New Jersey,8203,Closed,No,billing overcharges
358720,internet/phone,,2025-06-23,14:41:50,Internet,Brighton,Colorado,80601,Solved,Yes,internetphone
370683,Comcast Throttling My Internet,,2025-06-28,01:04:39,Customer Care Call,Brighton,Colorado,80602,Open,No,comcast throttling my internet
214442,Double billing from Comcast,,2025-02-04,14:20:22,Customer Care Call,Brighton,Michigan,48114,Closed,No,double billing from comcast
255005,Billing Over Charges,,2025-04-24,12:12:01,Internet,Brighton,Michigan,48116,Closed,No,billing over charges
358608,Internet Only,,2025-06-23,14:22:52,Customer Care Call,Bristol,Connecticut,6010,Solved,No,internet only
264505,Continuing overcharges,,2025-04-29,15:21:25,Customer Care Call,Bristol,Pennsylvania,19007,Closed,No,continuing overcharges
308086,Home Security Forgery/Fraud,,2025-05-26,17:59:35,Internet,Broadlands,Virginia,20148,Closed,No,home security forgeryfraud
355113,2+ Day Degraded Services,,2025-06-22,08:54:47,Internet,Broadway,Virginia,22815,Solved,No,2 day degraded services
363585,Internet Bill too high,,2025-06-24,22:11:44,Customer Care Call,Brockton,Massachusetts,2302,Solved,No,internet bill too high
365533,Over paying for my Comcast Services,,2025-06-25,14:36:20,Internet,Brockton,Massachusetts,2302,Solved,Yes,over paying for my comcast services
294208,Fees not disclosed before service was installed,,2025-05-17,20:36:02,Internet,Brookhaven,Georgia,30319,Solved,No,fees not disclosed before service was installed
364429,comcast service,,2025-06-25,12:01:16,Customer Care Call,Brookhaven,Pennsylvania,19015,Solved,No,comcast service
364278,Poor customer service,,2025-06-25,11:27:09,Customer Care Call,Brookhaven,Pennsylvania,19015,Solved,No,poor customer service
257067,Billed for service never received,,2025-04-25,15:28:33,Customer Care Call,Brookline,Massachusetts,2446,Closed,No,billed for service never received
329486,Comcast,,2025-08-06,20:16:38,Customer Care Call,Brookline,Massachusetts,2446,Solved,No,comcast
255676,disrupted internet service,,2025-04-24,15:19:57,Internet,Broomfield,Colorado,80020,Closed,No,disrupted internet service
361430,Comcast Billing / Speed Issues,,2025-06-24,11:30:14,Internet,Broomfield,Colorado,80020,Pending,No,comcast billing speed issues
362230,Have to bundle services to get advertised proce.,,2025-06-24,14:45:05,Customer Care Call,Broomfield,Colorado,80021,Solved,No,have to bundle services to get advertised proce
367225,Comcast policies,,2025-06-25,22:33:19,Internet,Broomfield,Colorado,80021,Open,No,comcast policies
370637,Internet Throttling,,2025-06-27,22:51:38,Internet,Broomfield,Colorado,80021,Pending,No,internet throttling
370930,Unfair Billing Practices,,2025-06-28,13:39:59,Internet,Broomfield,Colorado,80023,Solved,No,unfair billing practices
233950,Cocmast billing issues,,2025-04-14,09:56:53,Internet,Brunswick,Georgia,31525,Closed,No,cocmast billing issues
346447,Comcast service that didn't work,,2025-06-17,16:23:56,Customer Care Call,Brunswick,Georgia,31523,Solved,Yes,comcast service that didnt work
360896,Data Limit,,2025-06-24,07:51:36,Customer Care Call,Brunswick,Maine,4011,Closed,No,data limit
358891,Pricing is not competive,,2025-06-23,15:15:55,Customer Care Call,Buford,Georgia,30519,Solved,No,pricing is not competive
358669,comcast billing practices-unfair,,2025-06-23,14:30:03,Customer Care Call,Buford,Georgia,30519,Pending,No,comcast billing practicesunfair
337181,Comcast,,2025-12-06,14:22:35,Customer Care Call,Burien,Washington,98146,Solved,No,comcast
369878,Slow Internet,,2025-06-27,12:07:30,Customer Care Call,Burlington,Vermont,5401,Solved,No,slow internet
275759,Internet Service,,2025-06-05,12:14:27,Customer Care Call,Burlington,West Virginia,26710,Closed,No,internet service
258369,Xfinity False Advertisement,,2025-04-27,10:38:01,Customer Care Call,Burnsville,Minnesota,55337,Closed,No,xfinity false advertisement
362348,"Comcast - constantly low speeds, 'miscommunication' about billing errors. Not responding to complaints.",,2025-06-24,15:17:05,Internet,Burnsville,Minnesota,55306,Solved,No,comcast constantly low speeds miscommunication about billing errors not responding to complaints
265612,Comcast HBO-Go Application and Sony Products,,2025-04-29,23:04:49,Internet,Burr Ridge,Illinois,60527,Closed,No,comcast hbogo application and sony products
249466,Never resolved problem with Comcast,,2025-04-22,08:45:14,Internet,Burr Ridge,Illinois,60527,Open,No,never resolved problem with comcast
276254,Slow Speed with the entire connection,,2025-06-05,14:20:38,Internet,Buzzards Bay,Massachusetts,2532,Solved,No,slow speed with the entire connection
360678,Comcast Possibly Throttling my Internet,,2025-06-24,01:00:18,Internet,Camas,Washington,98682,Solved,No,comcast possibly throttling my internet
232947,Comcast sucks,,2025-04-13,16:51:51,Internet,Cambridge,Maryland,21613,Closed,No,comcast sucks
223515,"Issues with Comcast regarding service, billing, etc",,2025-08-04,10:48:14,Customer Care Call,Cambridge,Massachusetts,2138,Closed,No,issues with comcast regarding service billing etc
250591,Internet/TV Billing,,2025-04-22,15:42:39,Internet,Cambridge,Massachusetts,2138,Closed,No,internettv billing
301085,difficulty to cancel services before moving,,2025-05-21,12:10:49,Internet,Cambridge,Massachusetts,2141,Solved,No,difficulty to cancel services before moving
340458,Comcast Incompetence/Lies/Robbery,,2025-06-15,09:14:44,Customer Care Call,Cambridge,Massachusetts,2138,Open,No,comcast incompetenceliesrobbery
357799,"Comcast is ""forcing"" bundles on me while silently raising my bill",,2025-06-23,11:20:15,Customer Care Call,Cambridge,Massachusetts,2138,Solved,No,comcast is forcing bundles on me while silently raising my bill
363493,Internet Slowdown,,2025-06-24,21:27:50,Customer Care Call,Cambridge,Massachusetts,2138,Solved,No,internet slowdown
365561,Comcast price,,2025-06-25,14:38:54,Customer Care Call,Cambridge,Massachusetts,2139,Solved,No,comcast price
351820,Comcast fails to fulfill request for Internet service,,2025-06-19,13:16:40,Internet,Camino,California,95709,Open,No,comcast fails to fulfill request for internet service
315997,Hidden Product Installation Fee,,2025-05-31,20:27:53,Customer Care Call,Camp Hill,Pennsylvania,17011,Solved,No,hidden product installation fee
354888,2 months and Comcast has not fixed problem,,2025-06-21,20:57:27,Internet,Cane Ridge,Tennessee,37013,Solved,No,2 months and comcast has not fixed problem
322409,FCC Complaint against comcast/xfinity on providing false information.,,2025-03-06,22:20:53,Customer Care Call,Canonsburg,Pennsylvania,15317,Solved,No,fcc complaint against comcastxfinity on providing false information
300123,Comcast internet,,2025-05-20,17:47:44,Customer Care Call,Canton,Georgia,30114,Open,No,comcast internet
300124,Comcast internet,,2025-05-20,17:47:50,Internet,Canton,Georgia,30114,Closed,No,comcast internet
306406,service issues,,2025-05-26,09:13:17,Customer Care Call,Canton,Georgia,30114,Solved,No,service issues
309491,Comcast Xfinity 300G over charge,,2025-05-27,14:28:05,Customer Care Call,Canton,Georgia,30115,Solved,No,comcast xfinity 300g over charge
321367,Internet Availability,,2025-03-06,15:05:12,Customer Care Call,Canton,Georgia,30114,Solved,No,internet availability
321463,Comcast Usage Caps,,2025-03-06,15:36:13,Customer Care Call,Canton,Georgia,30115,Solved,No,comcast usage caps
323066,Comcast Data Usage Caps,,2025-04-06,12:04:25,Internet,Canton,Georgia,30115,Solved,No,comcast data usage caps
360511,Data Caps and the Extortion Methods of Comcast,,2025-06-23,23:22:33,Customer Care Call,Canton,Georgia,30114,Solved,Yes,data caps and the extortion methods of comcast
260759,No internet service,,2025-04-28,09:43:57,Internet,Canton,Michigan,48187,Closed,No,no internet service
216625,No service,,2025-03-04,14:45:47,Internet,Canton,Michigan,48187,Closed,No,no service
362490,Billing discrepencies and service termination hurdles,,2025-06-24,15:50:02,Internet,Canton,Michigan,48188,Solved,No,billing discrepencies and service termination hurdles
358063,Billing & Data Usage,,2025-06-23,12:22:28,Internet,Canton,Mississippi,39046,Solved,No,billing data usage
253400,"Bait and switch, unfulfilled incentives",,2025-04-23,17:02:06,Internet,Carbondale,Colorado,81623,Closed,No,bait and switch unfulfilled incentives
361104,internet speed,,2025-06-24,09:58:36,Customer Care Call,Carlisle,Pennsylvania,17013,Solved,No,internet speed
240138,Comcast wont refund me for over charge,,2025-04-16,17:28:17,Customer Care Call,Carlsbad,California,92009,Closed,No,comcast wont refund me for over charge
350243,comcast internet debacle,,2025-06-18,18:05:30,Internet,Carlton,Oregon,97111,Solved,No,comcast internet debacle
363169,Price and performance manipulation by Comcast for ISP,,2025-06-24,18:46:43,Customer Care Call,Carmel,California,93923,Open,No,price and performance manipulation by comcast for isp
236498,Complaint against Comcast,,2025-04-15,10:26:22,Internet,Carmichael,California,95609,Closed,No,complaint against comcast
295722,Comcast Internet Speed,,2025-05-18,17:54:14,Customer Care Call,Carpentersville,Illinois,60110,Solved,Yes,comcast internet speed
339682,Comcast complaint,,2025-06-14,00:35:59,Customer Care Call,Carteret,New Jersey,7008,Solved,No,comcast complaint
229565,Data Caps,,2025-10-04,17:12:37,Internet,Cartersville,Georgia,30121,Closed,Yes,data caps
255045,comcast unwilling to resolve data usage issue,,2025-04-24,12:24:51,Customer Care Call,Cartersville,Georgia,30120,Closed,No,comcast unwilling to resolve data usage issue
255050,comcast unwilling to resolve data usage issue,,2025-04-24,12:26:29,Internet,Cartersville,Georgia,30120,Closed,No,comcast unwilling to resolve data usage issue
258943,comcast data cap,,2025-04-27,13:17:13,Internet,Cartersville,Georgia,30121,Closed,No,comcast data cap
263893,Comcast Data usage meter,,2025-04-29,12:20:31,Internet,Cartersville,Georgia,30120,Closed,No,comcast data usage meter
374487,Comcast Internet Data Cap LIES,,2025-06-30,12:20:12,Customer Care Call,Cartersville,Georgia,30121,Pending,No,comcast internet data cap lies
221430,"Comcast promised $60 a month no fees, charged $70 + $8 in fees",,2025-07-04,12:11:52,Internet,Castro Valley,California,94546,Closed,No,comcast promised 60 a month no fees charged 70 8 in fees
279279,Comcast Cable connection from street is underwater and structure is too high,,2025-07-05,19:52:46,Internet,Castro Valley,California,94552,Open,Yes,comcast cable connection from street is underwater and structure is too high
319702,West Coast Service Issues - Comcast,,2025-02-06,18:29:16,Customer Care Call,Cazadero,California,95421,Solved,No,west coast service issues comcast
369455,Comcast refuses to uhold contract for 2 years phone/internet,,2025-06-26,22:22:21,Customer Care Call,Cazadero,California,95421,Pending,No,comcast refuses to uhold contract for 2 years phoneinternet
362901,Comcast business internet is much more expensive that home internet.,,2025-06-24,17:16:41,Internet,Centennial,Colorado,80112,Solved,No,comcast business internet is much more expensive that home internet
357454,Comcast Internet Usage Cap,,2025-06-23,02:37:42,Internet,Central City,Kentucky,42330,Solved,No,comcast internet usage cap
316295,Comcast poor service,,2025-01-06,10:19:34,Customer Care Call,Ceresco,Michigan,49033,Solved,No,comcast poor service
293621,Comcast Corporation Data Caps,,2025-05-16,18:49:41,Customer Care Call,Chamblee,Georgia,30341,Solved,No,comcast corporation data caps
353861,comcast throttling my internet service,,2025-06-20,14:11:05,Customer Care Call,Champaign,Illinois,61821,Pending,No,comcast throttling my internet service
219355,billing/service issues,,2025-06-04,12:39:13,Customer Care Call,Charleston,South Carolina,29422,Closed,No,billingservice issues
244252,Unethical Charges,,2025-04-20,10:30:43,Customer Care Call,Charleston,South Carolina,29414,Closed,No,unethical charges
327188,Comcast Data Cap,,2025-06-06,23:01:47,Customer Care Call,Charleston,South Carolina,29414,Solved,No,comcast data cap
327649,Comcast wrongfully autodrafted a final bill that was not yet adjusted,,2025-07-06,20:27:03,Customer Care Call,Charleston,South Carolina,29403,Closed,Yes,comcast wrongfully autodrafted a final bill that was not yet adjusted
327672,Comcast Internet,,2025-07-06,21:26:44,Internet,Charleston,South Carolina,48230,Open,No,comcast internet
359201,Comcast data cap at 300GB,,2025-06-23,16:18:01,Customer Care Call,Charleston,South Carolina,29405,Pending,No,comcast data cap at 300gb
360047,Internet speeds are throttled,,2025-06-23,20:16:37,Customer Care Call,Charleston,South Carolina,29403,Solved,No,internet speeds are throttled
362066,Complex situation prevents bundling discounts and drives service price up,,2025-06-24,14:10:36,Customer Care Call,Charlottesville,Virginia,22901,Solved,No,complex situation prevents bundling discounts and drives service price up
360715,Comcast Internet prices & speeds,,2025-06-24,01:29:55,Internet,Chaska,Minnesota,55318,Closed,No,comcast internet prices speeds
267602,Comcast overcharging,,2025-04-30,20:48:20,Internet,Chatham,New Jersey,7928,Closed,No,comcast overcharging
238543,Reimbursement I've never recieved,,2025-04-16,07:47:20,Customer Care Call,Chelsea,Massachusetts,2150,Closed,No,reimbursement ive never recieved
346941,constant internet issues,,2025-06-17,18:32:38,Internet,Chelsea,Massachusetts,2150,Solved,No,constant internet issues
367115,Xfinity,,2025-06-25,21:22:56,Customer Care Call,Cherry Hill,New Jersey,8003,Solved,No,xfinity
367381,Xfinity/Comcast,,2025-06-26,05:05:21,Internet,Chesapeake Beach,Maryland,20732,Solved,No,xfinitycomcast
234266,Comcast Hard Inquiries,,2025-04-14,11:40:15,Internet,Chester,Virginia,23831,Closed,No,comcast hard inquiries
314287,comcast jamming signal,,2025-05-29,18:18:34,Internet,Chester,Virginia,23831,Pending,No,comcast jamming signal
262351,Comcast lied to me,,2025-04-28,17:02:40,Customer Care Call,Chesterfield,Virginia,23832,Closed,No,comcast lied to me
321744,Terrible customer service and process,,2025-03-06,16:54:49,Customer Care Call,Chesterfield,Virginia,23832,Closed,No,terrible customer service and process
223190,Comcast & HBO GO on PS4,,2025-08-04,01:38:38,Customer Care Call,Chicago,Illinois,60657,Closed,No,comcast hbo go on ps4
226269,Run around,,2025-09-04,12:34:45,Internet,Chicago,Illinois,60639,Closed,No,run around
232709,Comcast Service and Customer service issues,,2025-04-13,15:41:50,Internet,Chicago,Illinois,60647,Closed,No,comcast service and customer service issues
232829,Comcast pricing scam,,2025-04-13,16:19:33,Internet,Chicago,Illinois,60618,Closed,No,comcast pricing scam
261661,Comcast Disconnect,,2025-04-28,14:06:40,Internet,Chicago,Illinois,60609,Closed,No,comcast disconnect
214441,COMCAST THROTTLING SPEEDS AND DATA CAPS,,2025-02-04,14:20:18,Internet,Chicago,Illinois,60657,Closed,No,comcast throttling speeds and data caps
216141,Closed Captioning of Online Videos,,2025-03-04,11:59:50,Internet,Chicago,Illinois,60638,Solved,No,closed captioning of online videos
231532,Comcast problems,,2025-04-13,00:24:21,Customer Care Call,Chicago,Illinois,60612,Closed,No,comcast problems
246073,Removed discount after I complained about an unauthorized charge,,2025-04-20,21:14:38,Customer Care Call,Chicago,Illinois,60622,Closed,No,removed discount after i complained about an unauthorized charge
260565,complaint regarding Comcast,,2025-04-28,02:12:49,Internet,Chicago,Illinois,60641,Closed,No,complaint regarding comcast
267753,COMCAST INTERNET CONNECTION CHEAT,,2025-04-30,23:10:36,Customer Care Call,Chicago,Illinois,60612,Closed,Yes,comcast internet connection cheat
266647,Wireless Signal issues/frequent connection drop,,2025-04-30,14:33:37,Internet,Chicago,Illinois,60630,Closed,No,wireless signal issuesfrequent connection drop
268909,"Comcast is ripping me off, and I can't be quiet anymore",,2025-01-05,14:57:40,Internet,Chicago,Illinois,60610,Solved,No,comcast is ripping me off and i cant be quiet anymore
278392,Billing Dispute,,2025-07-05,14:13:45,Customer Care Call,Chicago,Illinois,60608,Solved,No,billing dispute
279767,complaint about Comcast,,2025-08-05,10:18:35,Customer Care Call,Chicago,Illinois,60625,Solved,No,complaint about comcast
284044,Comcast,,2025-11-05,16:27:10,Internet,Chicago,Illinois,60657,Closed,No,comcast
285615,Internet Speeds Not as Advertised,,2025-12-05,13:23:23,Customer Care Call,Chicago,Illinois,60622,Open,No,internet speeds not as advertised
288996,Comcast & Sony Playstation Devices,,2025-05-13,22:40:11,Customer Care Call,Chicago,Illinois,60613,Solved,Yes,comcast sony playstation devices
292575,Comcast Wifi Issues,,2025-05-15,17:32:37,Internet,Chicago,Illinois,60630,Solved,No,comcast wifi issues
304026,Comcast Internet,,2025-05-22,17:42:50,Internet,Chicago,Illinois,60618,Solved,No,comcast internet
303128,comcast,,2025-05-22,11:34:30,Customer Care Call,Chicago,Illinois,60645,Solved,No,comcast
305594,Comcast is giving me poor quality customer service.,,2025-05-25,03:05:36,Customer Care Call,Chicago,Illinois,60626,Open,No,comcast is giving me poor quality customer service
317887,Comcast no show tech,,2025-01-06,20:47:07,Customer Care Call,Chicago,Illinois,60660,Closed,No,comcast no show tech
318605,Comcast internet,,2025-02-06,12:22:55,Internet,Chicago,Illinois,60614,Closed,No,comcast internet
325959,horrible service charges for tech/installation applied when they shouldnt have,,2025-05-06,16:59:04,Internet,Chicago,Illinois,60620,Solved,Yes,horrible service charges for techinstallation applied when they shouldnt have
327275,Slow Internet/ Billing/ poor customer service of your complaints,,2025-07-06,09:04:12,Customer Care Call,Chicago,Illinois,60620,Closed,No,slow internet billing poor customer service of your complaints
329685,no service,,2025-08-06,22:55:30,Internet,Chicago,Illinois,60620,Solved,No,no service
331541,Comcast Outages,,2025-09-06,19:47:13,Customer Care Call,Chicago,Illinois,60611,Solved,No,comcast outages
330456,comcast internet connection and speed,,2025-09-06,13:38:18,Customer Care Call,Chicago,Illinois,60612,Closed,Yes,comcast internet connection and speed
330180,Comcast Cable & Internet,,2025-09-06,12:12:48,Internet,Chicago,Illinois,60611,Solved,No,comcast cable internet
339886,comcast: no service for one month,,2025-06-14,12:27:53,Customer Care Call,Chicago,Illinois,60657,Solved,No,comcast no service for one month
341405,Comcast,,2025-06-15,15:01:35,Internet,Chicago,Illinois,60657,Solved,No,comcast
342222,Comcast did not remove charge for over a year,,2025-06-15,19:54:39,Customer Care Call,Chicago,Illinois,60625,Solved,No,comcast did not remove charge for over a year
343753,Comcast charging for services not rendered,,2025-06-16,15:44:58,Customer Care Call,Chicago,Illinois,60637,Solved,No,comcast charging for services not rendered
347598,price inflation due to monopoly of Comcast,,2025-06-17,22:38:05,Internet,Chicago,Illinois,60646,Solved,No,price inflation due to monopoly of comcast
347580,Double charge my internet service every month,,2025-06-17,22:25:59,Internet,Chicago,Illinois,60616,Solved,No,double charge my internet service every month
358598,Unfair Billing Practices,,2025-06-23,14:21:10,Internet,Chicago,Illinois,60622,Solved,No,unfair billing practices
359956,Comcast Billing/Monopoly/Service,,2025-06-23,19:45:25,Customer Care Call,Chicago,Illinois,60457,Closed,No,comcast billingmonopolyservice
358620,Tricked into upgrade,,2025-06-23,14:24:35,Internet,Chicago,Illinois,60618,Solved,No,tricked into upgrade
361003,Comcast Unfair Business Practices,,2025-06-24,09:24:05,Internet,Chicago,Illinois,60626,Solved,No,comcast unfair business practices
361084,internet speeds slow,,2025-06-24,09:52:45,Internet,Chicago,Illinois,60657,Solved,Yes,internet speeds slow
360620,Faulty Service and False Advertisement,,2025-06-24,00:22:34,Internet,Chicago,Illinois,60607,Solved,No,faulty service and false advertisement
366291,Comcast started charging a lease fee for equipment I own after enabling automatic bill payment,,2025-06-25,16:35:18,Customer Care Call,Chicago,Illinois,60625,Solved,No,comcast started charging a lease fee for equipment i own after enabling automatic bill payment
373777,Comcast/Xfinity Service Manipulation,,2025-06-29,22:05:50,Customer Care Call,Chicago,Illinois,60618,Solved,No,comcastxfinity service manipulation
373309,unsatisfactory speed with disorganized service,,2025-06-29,18:11:21,Internet,Chicago,Illinois,60614,Open,No,unsatisfactory speed with disorganized service
375500,Comcast billing and service,,2025-06-30,16:46:18,Internet,Chicago,Illinois,60625,Solved,No,comcast billing and service
376064,Unfair Billing Practices,,2025-06-30,20:18:48,Customer Care Call,Chicago,Illinois,60608,Solved,No,unfair billing practices
367366,Xfinity Price and not 16Mbps when paying for 50Mbps,,2025-06-26,04:22:34,Internet,Chickamauga,Georgia,30707,Open,No,xfinity price and not 16mbps when paying for 50mbps
264757,Xfinity Order Status,,2025-04-29,16:31:16,Customer Care Call,Citrus Heights,California,95621,Closed,No,xfinity order status
331935,Comcast violating Open Internet rules,,2025-10-06,01:44:03,Customer Care Call,Citrus Heights,California,95611,Solved,Yes,comcast violating open internet rules
354309,Billing/Customer Service,,2025-06-20,20:56:19,Internet,Citrus Heights,California,95610,Solved,No,billingcustomer service
316846,Comcast is double billing me and not processing my credit back to me,,2025-01-06,13:59:23,Customer Care Call,City Of Orange,New Jersey,7050,Closed,No,comcast is double billing me and not processing my credit back to me
367352,Comcast internet speeds,,2025-06-26,02:58:36,Customer Care Call,Clairton,Pennsylvania,15025,Solved,Yes,comcast internet speeds
215755,Comcast lies and deception,,2025-03-04,08:24:30,Internet,Clarkston,Michigan,48348,Closed,No,comcast lies and deception
222582,Comcast over billing,,2025-07-04,17:48:21,Customer Care Call,Clarkston,Michigan,48348,Closed,No,comcast over billing
338507,"Comcast Internet, cable, and phone outtages",,2025-12-06,21:46:12,Customer Care Call,Clarkston,Michigan,48346,Solved,No,comcast internet cable and phone outtages
338606,Internet connection outage,,2025-12-06,23:52:11,Customer Care Call,Clarkston,Michigan,48346,Solved,No,internet connection outage
362956,Comcast Throttling Internet Speed,,2025-06-24,17:35:01,Customer Care Call,Clawson,Michigan,48017,Open,No,comcast throttling internet speed
267711,"Comcast Xfinity Overage Charges, No Assistance",,2025-04-30,22:14:27,Internet,Claxton,Georgia,30417,Closed,No,comcast xfinity overage charges no assistance
369578,Service outages (Comcast),,2025-06-27,01:10:36,Customer Care Call,Clermont,Georgia,30527,Solved,Yes,service outages comcast
362724,Comcast Billing,,2025-06-24,16:37:27,Internet,Clinton,Maryland,20735,Open,No,comcast billing
307701,Charges not authorized,,2025-05-26,15:54:52,Customer Care Call,Clio,Michigan,48420,Solved,No,charges not authorized
242189,comcast/xfinity,,2025-04-17,17:50:07,Customer Care Call,Closter,New Jersey,7624,Closed,Yes,comcastxfinity
228974,Cocmast (internet),,2025-10-04,14:08:27,Customer Care Call,Clovis,California,93612,Closed,No,cocmast internet
323310,Comcast/Xfinity,,2025-04-06,13:28:36,Internet,Clovis,California,93612,Closed,No,comcastxfinity
354467,XFINITY/COMCAST TETHERING CONNECTION,,2025-06-21,03:20:59,Customer Care Call,Clovis,California,93612,Open,No,xfinitycomcast tethering connection
307370,"XFinity ""Comcast"" CLOSED SCHEDULED APPT AND SAID IT WAS OPEN",,2025-05-26,14:05:49,Internet,Coconut Creek,Florida,33066,Solved,No,xfinity comcast closed scheduled appt and said it was open
311844,Service Issues,,2025-05-28,15:21:00,Internet,Coconut Creek,Florida,33073,Solved,No,service issues
249320,ComCast Internet Outage,,2025-04-22,00:23:14,Internet,Coeburn,Virginia,24230,Closed,Yes,comcast internet outage
321762,Comcast,,2025-03-06,17:01:33,Customer Care Call,College Park,Georgia,30349,Open,No,comcast
218516,Additional Usage @$10/50GB,,2025-05-04,15:17:39,Customer Care Call,Collierville,Tennessee,38017,Closed,No,additional usage 1050gb
256506,Comcast data caps,,2025-04-24,22:04:59,Customer Care Call,Collierville,Tennessee,38017,Closed,Yes,comcast data caps
359317,Comcast billing practices,,2025-06-23,16:44:22,Internet,Collinsville,Virginia,24078,Solved,No,comcast billing practices
254426,very poor customer service,,2025-04-24,00:28:44,Customer Care Call,Colonia,New Jersey,7067,Closed,No,very poor customer service
360207,internet speed,,2025-06-23,21:31:00,Customer Care Call,Colorado Spring,Colorado,80911,Open,Yes,internet speed
216279,Another Fraudulenct collection claim from Comcast,,2025-03-04,12:43:17,Customer Care Call,Colorado Springs,Colorado,80908,Closed,No,another fraudulenct collection claim from comcast
230071,Comcast and CenturyLink failing Wissler Ranch Colorado Community,,2025-10-04,21:20:51,Customer Care Call,Colorado Springs,Colorado,80908,Closed,No,comcast and centurylink failing wissler ranch colorado community
257026,"Tried to cancel, was lied to about change in service",,2025-04-25,14:48:21,Customer Care Call,Colorado Springs,Colorado,80903,Closed,Yes,tried to cancel was lied to about change in service
287000,Xfinity Throttling Apple TV bitrate,,2025-05-13,03:15:58,Customer Care Call,Colorado Springs,Colorado,80918,Open,No,xfinity throttling apple tv bitrate
315874,Comcast Termination Fee,,2025-05-31,17:54:06,Customer Care Call,Colorado Springs,Colorado,80910,Solved,No,comcast termination fee
336234,Unresolved Issues,,2025-12-06,07:59:56,Customer Care Call,Colorado Springs,Colorado,80909,Closed,No,unresolved issues
359931,no warning before price increase,,2025-06-23,19:36:54,Customer Care Call,Colorado Springs,Colorado,80907,Solved,No,no warning before price increase
363251,Comcast unfair billing,,2025-06-24,19:19:55,Customer Care Call,Colorado Springs,Colorado,80906,Solved,No,comcast unfair billing
368799,Comcast overbilling and overcharging,,2025-06-26,16:26:20,Internet,Colorado Springs,Colorado,80906,Solved,Yes,comcast overbilling and overcharging
354541,COMCAST SERVICE COMPLAINT,,2025-06-21,10:40:18,Customer Care Call,Columbia,Maryland,21044,Solved,No,comcast service complaint
355761,Charge to my bill unknowingly,,2025-06-22,13:14:07,Customer Care Call,Columbia,Maryland,21044,Solved,No,charge to my bill unknowingly
221714,billing,,2025-07-04,13:34:48,Customer Care Call,Columbiana,Ohio,44408,Closed,No,billing
251830,Internet and phone pricing,,2025-04-23,10:23:47,Internet,Columbus,Indiana,47203,Closed,No,internet and phone pricing
360308,"Worst speed, no competition, and billing does not match the service.",,2025-06-23,22:12:08,Internet,Columbus,Indiana,47201,Solved,No,worst speed no competition and billing does not match the service
281798,Comcast bundled service,,2025-09-05,12:44:18,Customer Care Call,Commerce City,Colorado,80022,Solved,No,comcast bundled service
280486,Charged for equipment that I didn't have,,2025-08-05,14:32:54,Customer Care Call,Concord,California,94520,Solved,No,charged for equipment that i didnt have
359962,"Comcast misrepresented their service area, then charged me for attempting to use it.",,2025-06-23,19:47:44,Internet,Concord,California,94521,Solved,No,comcast misrepresented their service area then charged me for attempting to use it
248736,Comcast Xfinity,,2025-04-21,17:44:39,Internet,Concord,New Hampshire,3301,Closed,No,comcast xfinity
358558,Comcast Does Not Deliver Service,,2025-06-23,14:14:55,Customer Care Call,Conshohocken,Pennsylvania,19428,Solved,Yes,comcast does not deliver service
367651,Slow internet speeds on Comcast,,2025-06-26,10:41:23,Customer Care Call,Conshohocken,Pennsylvania,19428,Pending,No,slow internet speeds on comcast
302833,Comcast service,,2025-05-22,07:59:52,Internet,Conyers,Georgia,30013,Solved,No,comcast service
361815,Nonsensical Raise in my Internet Bill,,2025-06-24,13:00:32,Internet,Coral Gables,Florida,33134,Solved,No,nonsensical raise in my internet bill
215011,Comcast service billing,,2025-02-04,17:13:30,Internet,Cordova,Tennessee,38018,Closed,No,comcast service billing
243443,Comcast Runaround,,2025-04-18,22:42:01,Customer Care Call,Cordova,Tennessee,38018,Closed,No,comcast runaround
360340,Cruel and Illegal Practices - Comcast,,2025-06-23,22:19:20,Internet,Cordova,Tennessee,38016,Solved,Yes,cruel and illegal practices comcast
371399,Throttled speed,,2025-06-29,00:10:09,Internet,Cordova,Tennessee,38018,Pending,No,throttled speed
221047,Transfer services,,2025-07-04,09:46:30,Customer Care Call,Corryton,Tennessee,37721,Closed,No,transfer services
222682,Comcast agent lied about service upgrade,,2025-07-04,18:31:03,Internet,Corvallis,Oregon,97330,Closed,No,comcast agent lied about service upgrade
304120,Customer Service Representative Lied About Rates and Promotions,,2025-05-22,18:25:33,Internet,Corvallis,Oregon,97333,Solved,No,customer service representative lied about rates and promotions
360766,"Comcast service Corvallis, OR.",,2025-06-24,02:31:09,Customer Care Call,Corvallis,Oregon,97330,Open,No,comcast service corvallis or
360800,Unexplained Billing,,2025-06-24,03:17:38,Customer Care Call,Corvallis,Oregon,97330,Open,No,unexplained billing
338940,Comcast/Xfinity Internet,,2025-06-13,12:15:42,Customer Care Call,Cottage Grove,Minnesota,55016,Solved,No,comcastxfinity internet
342392,Lack of availability,,2025-06-15,21:34:28,Internet,Cottonwood,Alabama,36320,Open,No,lack of availability
367187,Comcast bill problems,,2025-06-25,22:08:55,Internet,Cottonwood Heights,Utah,84121,Solved,No,comcast bill problems
358556,Unfair billing practices,,2025-06-23,14:14:10,Internet,Cottrellville,Michigan,48039,Solved,No,unfair billing practices
360356,Comcast Data Caps,,2025-06-23,22:27:40,Customer Care Call,Covington,Georgia,30016,Pending,No,comcast data caps
360214,Comcast Internet is unbelievably slow,,2025-06-23,21:33:15,Internet,Crest Hill,Illinois,60403,Pending,No,comcast internet is unbelievably slow
273147,Comcast Refuse to Refund Rental Fee made in error,,2025-05-05,09:42:35,Customer Care Call,Crofton,Maryland,21114,Solved,No,comcast refuse to refund rental fee made in error
359243,COMCAST,,2025-06-23,16:27:05,Internet,Crown Point,Indiana,46307,Solved,Yes,comcast
362056,Issues with Cable and Internet Packaging Unfair Prices,,2025-06-24,14:05:57,Internet,Crystal Lake,Illinois,60014,Open,No,issues with cable and internet packaging unfair prices
370825,Comcast Internet Speed and Reliability,,2025-06-28,11:39:26,Customer Care Call,Crystal Lake,Illinois,60014,Pending,No,comcast internet speed and reliability
349836,cable internet,,2025-06-18,16:03:26,Internet,Culpeper,Virginia,22701,Solved,No,cable internet
308341,Monopoly and Deceit: The 300GB Data Cap,,2025-05-26,20:18:32,Internet,Cumming,Georgia,30040,Solved,No,monopoly and deceit the 300gb data cap
308477,comcast xfinity home security service,,2025-05-26,21:44:05,Customer Care Call,Cumming,Georgia,30041,Solved,No,comcast xfinity home security service
312553,Comcast bait and switch,,2025-05-28,19:50:03,Internet,Cumming,Georgia,30040,Pending,No,comcast bait and switch
325844,"Comcast Data Cap in Atlanta, GA",,2025-05-06,16:14:22,Customer Care Call,Cumming,Georgia,30041,Solved,No,comcast data cap in atlanta ga
331839,Cap on data usage,,2025-09-06,22:48:20,Customer Care Call,Cumming,Georgia,30028,Solved,No,cap on data usage
338753,Data Cap,,2025-06-13,08:50:32,Customer Care Call,Cumming,Georgia,30041,Solved,No,data cap
358141,Data usage,,2025-06-23,12:38:36,Customer Care Call,Cumming,Georgia,30040,Solved,No,data usage
361026,Extorted into signing up for multi-year contract,,2025-06-24,09:35:25,Internet,Cumming,Georgia,30040,Solved,No,extorted into signing up for multiyear contract
361262,Comcast Selectively Enforcing Data Caps,,2025-06-24,10:46:11,Customer Care Call,Cumming,Georgia,30028,Solved,No,comcast selectively enforcing data caps
371490,Comcast Usage Caps,,2025-06-29,07:35:52,Customer Care Call,Cumming,Georgia,30040,Solved,No,comcast usage caps
317983,Comcast Internet Service Bad Quality,,2025-01-06,22:11:03,Internet,Cupertino,California,95014,Closed,No,comcast internet service bad quality
322002,Ping spikes and packet loss,,2025-03-06,18:08:14,Internet,Cupertino,California,95014,Open,No,ping spikes and packet loss
349925,Comcast complaint,,2025-06-18,16:22:55,Internet,Cupertino,California,95014,Open,No,comcast complaint
300994,comcast phone & internet billing issue,,2025-05-21,11:31:51,Customer Care Call,Cutler Bay,Florida,33189,Closed,No,comcast phone internet billing issue
360885,Comcast Xfinity charging rental fee for personally owned modem,,2025-06-24,07:34:53,Customer Care Call,Cutler Bay,Florida,33190,Solved,No,comcast xfinity charging rental fee for personally owned modem
360740,Horrific billing,,2025-06-24,01:51:01,Customer Care Call,Cypress,Texas,77429,Closed,No,horrific billing
304707,Comcast / Xfinity overcharging for internet / internet cap,,2025-05-23,12:16:54,Customer Care Call,Dacula,Georgia,30019,Solved,No,comcast xfinity overcharging for internet internet cap
370897,Comcast Money Grab using Data Caps,,2025-06-28,13:07:00,Customer Care Call,Dacula,Georgia,30019,Pending,No,comcast money grab using data caps
371339,Comcast Internet Service Provider,,2025-06-28,22:16:48,Internet,Dacula,Georgia,30019,Open,No,comcast internet service provider
374265,Fraudulent charges by Comcast,,2025-06-30,11:12:33,Customer Care Call,Dacula,Georgia,30019,Solved,No,fraudulent charges by comcast
321859,Comcast Data Cap Compliant,,2025-03-06,17:19:36,Customer Care Call,Dallas,Georgia,30132,Solved,No,comcast data cap compliant
361174,Billings Charges & Credits,,2025-06-24,10:22:03,Internet,Dallas,Georgia,30157,Solved,Yes,billings charges credits
361593,"Comcast Data Cap Limits, Lack of Competition, and Anti-Competition Business and Billing Practices",,2025-06-24,12:15:00,Internet,Dallas,Georgia,30132,Pending,No,comcast data cap limits lack of competition and anticompetition business and billing practices
374783,Deceptive Billing Practices,,2025-06-30,13:38:28,Customer Care Call,Dallas,Georgia,30132,Pending,No,deceptive billing practices
363368,Billing Complaint,,2025-06-24,20:22:55,Customer Care Call,Daly City,California,94015,Solved,No,billing complaint
242847,Comcast Unfair Billing Practices,,2025-04-18,11:54:54,Customer Care Call,Dania Beach,Florida,33004,Closed,No,comcast unfair billing practices
351573,"Comcast ""property access"" or ""right of entry""",,2025-06-19,12:05:47,Internet,Danville,California,94526,Solved,Yes,comcast property access or right of entry
371536,Internet speed,,2025-06-29,08:45:03,Internet,Danville,California,94526,Solved,No,internet speed
236425,Robber Barron Billing Practices,,2025-04-15,09:59:13,Customer Care Call,Danville,Illinois,61832,Closed,No,robber barron billing practices
376227,Fradualent claims,,2025-06-30,22:05:38,Customer Care Call,Danville,Illinois,61832,Solved,Yes,fradualent claims
339894,Xfinity Comcast hbogo on ps4,,2025-06-14,12:37:53,Internet,Dartmouth,Massachusetts,2748,Open,No,xfinity comcast hbogo on ps4
262190,comcast failure to respond to user communication,,2025-04-28,16:27:20,Customer Care Call,Davidsonville,Maryland,21035,Closed,No,comcast failure to respond to user communication
288196,xfinitty tv and exfinity alarm,,2025-05-13,16:00:37,Internet,Davie,Florida,33314,Solved,No,xfinitty tv and exfinity alarm
360651,Internet speed and price of bundle,,2025-06-24,00:39:42,Customer Care Call,Davie,Florida,33314,Solved,Yes,internet speed and price of bundle
282820,RE: Comcast Internet Illegal charges,,2025-11-05,01:11:34,Internet,Davis,California,95616,Solved,No,re comcast internet illegal charges
373822,Possible Internet Speed Throttling by my Comcast Internet Provider,,2025-06-29,23:08:09,Customer Care Call,Davis,California,95618,Pending,No,possible internet speed throttling by my comcast internet provider
362897,Slow speed,,2025-06-24,17:15:57,Customer Care Call,Dayton,Texas,77535,Solved,No,slow speed
242346,Inaccurate billing,,2025-04-17,19:10:17,Customer Care Call,Dearborn,Michigan,48124,Closed,No,inaccurate billing
361093,Comcast Internet Pricing,,2025-06-24,09:55:48,Internet,Dearborn,Michigan,48124,Solved,Yes,comcast internet pricing
263641,Billing/contract issue related to data cap,,2025-04-29,11:06:48,Customer Care Call,Decatur,Georgia,30030,Closed,No,billingcontract issue related to data cap
304759,Comcast Data Billing,,2025-05-23,13:26:17,Internet,Decatur,Georgia,30032,Closed,No,comcast data billing
313021,Data Caps,,2025-05-29,09:54:10,Customer Care Call,Decatur,Georgia,30032,Pending,No,data caps
332081,Comcast,,2025-10-06,09:14:45,Internet,Decatur,Georgia,30034,Solved,No,comcast
332082,Comcast,,2025-10-06,09:14:50,Internet,Decatur,Georgia,30034,Closed,No,comcast
347577,Comcast,,2025-06-17,22:23:39,Customer Care Call,Decatur,Georgia,30033,Solved,No,comcast
368187,"Prolonged internet outage, tardy response",,2025-06-26,13:30:10,Internet,Decatur,Georgia,30033,Solved,No,prolonged internet outage tardy response
367526,comcast internet,,2025-06-26,09:38:37,Internet,Decherd,Tennessee,37324,Open,No,comcast internet
245446,Improper billing from Comcast,,2025-04-20,16:58:11,Internet,Deerfield,Illinois,60015,Closed,No,improper billing from comcast
313550,Deceptive sales tactics,,2025-05-29,13:42:39,Customer Care Call,Deerfield Beach,Florida,33064,Open,No,deceptive sales tactics
330272,Misrepresentation of terms,,2025-09-06,12:40:11,Customer Care Call,Deerfield Beach,Florida,33442,Solved,No,misrepresentation of terms
364845,"Consumer Fraud - Sell at One Price, Then Advise Price is Higher",,2025-06-25,12:59:33,Internet,Deerfield Beach,Florida,33442,Solved,No,consumer fraud sell at one price then advise price is higher
315506,Misleading communication.,,2025-05-30,23:15:18,Customer Care Call,Dekalb,Illinois,60115,Solved,No,misleading communication
262339,Comcast Chat Agent Help,,2025-04-28,16:59:45,Customer Care Call,Delmont,Pennsylvania,15626,Closed,No,comcast chat agent help
367295,Fees,,2025-06-25,23:55:00,Customer Care Call,Delmont,Pennsylvania,15626,Solved,No,fees
233417,Comcast cable company Florida,,2025-04-13,19:52:19,Customer Care Call,Delray Beach,Florida,33484,Closed,No,comcast cable company florida
318583,Misleading Advertising,,2025-02-06,12:09:31,Internet,Delray Beach,Florida,33446,Closed,No,misleading advertising
332981,Comcast,,2025-10-06,15:03:30,Customer Care Call,Delray Beach,Florida,33483,Solved,No,comcast
360267,Unfair Billing Practices regarding Comcast,,2025-06-23,21:55:33,Internet,Delray Beach,Florida,33484,Solved,No,unfair billing practices regarding comcast
369595,Unfair Comcast Bill,,2025-06-27,02:24:44,Internet,Delray Beach,Florida,33484,Open,No,unfair comcast bill
218043,comcast services,,2025-04-04,17:32:05,Internet,Denver,Colorado,80227,Closed,No,comcast services
238450,Comcast internet speeds extremely slow,,2025-04-15,23:55:23,Internet,Denver,Colorado,80209,Closed,No,comcast internet speeds extremely slow
249498,comcast internet service - billing problem,,2025-04-22,09:26:13,Customer Care Call,Denver,Colorado,80207,Closed,No,comcast internet service billing problem
256302,Comcast speed and billing,,2025-04-24,19:11:10,Customer Care Call,Denver,Colorado,80206,Closed,No,comcast speed and billing
254454,Comcast refusal to cancel service under false contract claims,,2025-04-24,01:47:58,Internet,Denver,Colorado,80219,Closed,Yes,comcast refusal to cancel service under false contract claims
278557,Terrible Service and Ripped off by Comcast,,2025-07-05,15:12:19,Internet,Denver,Colorado,80238,Closed,No,terrible service and ripped off by comcast
294253,Extremely slow internet speeds; Horrible support,,2025-05-17,22:18:11,Customer Care Call,Denver,Colorado,80209,Solved,No,extremely slow internet speeds horrible support
298254,Promissed a package and then denied,,2025-05-19,21:25:24,Internet,Denver,Colorado,80203,Solved,No,promissed a package and then denied
319026,HBO GO on Playstation 3,,2025-02-06,14:36:31,Customer Care Call,Denver,Colorado,80231,Closed,No,hbo go on playstation 3
326422,Comcast secretly raising my bill for services I never agreed to. Again.,,2025-05-06,22:18:05,Customer Care Call,Denver,Colorado,80221,Solved,No,comcast secretly raising my bill for services i never agreed to again
329312,Lied about $70 technician fee,,2025-08-06,18:51:26,Internet,Denver,Colorado,80231,Closed,No,lied about 70 technician fee
337337,Internet Too Slow,,2025-12-06,15:06:04,Internet,Denver,Colorado,80246,Solved,No,internet too slow
350389,Internet Speed Drops & Signal on Borderline,,2025-06-18,19:09:02,Customer Care Call,Denver,Colorado,80219,Solved,No,internet speed drops signal on borderline
355818,Comcast Service for EXTERIOR Line Replacement Billed to customer,,2025-06-22,13:27:24,Internet,Denver,Colorado,80246,Solved,No,comcast service for exterior line replacement billed to customer
359125,Comcast Complaint,,2025-06-23,15:59:49,Customer Care Call,Denver,Colorado,80223,Pending,No,comcast complaint
359237,I am being unfairly billed,,2025-06-23,16:25:05,Customer Care Call,Denver,Colorado,80220,Solved,No,i am being unfairly billed
359538,Internet Prices in U.S.A,,2025-06-23,17:36:44,Internet,Denver,Colorado,80210,Open,No,internet prices in usa
363079,Comcast throttling my speeds for streaming video,,2025-06-24,18:13:43,Customer Care Call,Denver,Colorado,80249,Pending,No,comcast throttling my speeds for streaming video
367512,Consistently slow internet speeds,,2025-06-26,09:32:47,Customer Care Call,Denver,Colorado,80206,Open,Yes,consistently slow internet speeds
370212,Internet Speeds nowhere close to what I pay for,,2025-06-27,16:19:26,Internet,Denver,Colorado,80218,Open,No,internet speeds nowhere close to what i pay for
371318,Billed without service,,2025-06-28,21:35:38,Internet,Denver,Colorado,80250,Open,No,billed without service
370876,Slow Internet,,2025-06-28,12:39:00,Customer Care Call,Denver,Colorado,80220,Solved,No,slow internet
309213,"Billed for modem rental for several years, Comcast refuses to refund under ""caveat emptor""",,2025-05-27,12:54:22,Internet,Deptford,New Jersey,8096,Open,No,billed for modem rental for several years comcast refuses to refund under caveat emptor
217999,Misleading information given,,2025-04-04,16:21:46,Internet,Des Moines,Washington,98148,Closed,Yes,misleading information given
243449,Contract Cancellation Fees and Unauthorized Changes,,2025-04-18,22:44:07,Customer Care Call,Des Plaines,Illinois,60016,Closed,Yes,contract cancellation fees and unauthorized changes
239699,"no internet service, no on demand service",,2025-04-16,15:24:48,Internet,Detroit,Michigan,48207,Closed,No,no internet service no on demand service
249477,internet and on demand service,,2025-04-22,09:09:19,Internet,Detroit,Michigan,48207,Closed,No,internet and on demand service
306959,Unfair Charges and substandard service,,2025-05-26,12:17:40,Internet,Detroit,Michigan,48216,Solved,No,unfair charges and substandard service
339008,Comcast Automatic Payments,,2025-06-13,13:07:49,Internet,Detroit,Michigan,48205,Solved,No,comcast automatic payments
373332,Outage and unfair practices,,2025-06-29,18:18:41,Customer Care Call,Detroit,Michigan,48226,Open,No,outage and unfair practices
372553,Fraudolent pratice,,2025-06-29,14:54:20,Internet,Detroit,Michigan,48227,Solved,No,fraudolent pratice
373429,Comcast service,,2025-06-29,18:48:08,Customer Care Call,Detroit,Michigan,48202,Open,No,comcast service
376141,Comcast Billing Practices,,2025-06-30,20:56:03,Internet,Detroit,Michigan,48214,Solved,No,comcast billing practices
249164,Comcast,,2025-04-21,21:46:57,Internet,Dickson,Tennessee,37055,Closed,No,comcast
302143,Comcast Mistreatment,,2025-05-21,17:26:47,Internet,Doraville,Georgia,30340,Open,No,comcast mistreatment
243607,Slow connection speed for wifi,,2025-04-19,12:29:29,Internet,Dorchester,Massachusetts,2121,Closed,No,slow connection speed for wifi
359915,"Comcast Speeds Low, and Often Disconnections",,2025-06-23,19:32:22,Customer Care Call,Dos Palos,California,93620,Closed,Yes,comcast speeds low and often disconnections
275658,Comcast Service,,2025-06-05,11:37:09,Internet,Dothan,Alabama,36301,Closed,No,comcast service
263790,Denial of Refund for Overpayment,,2025-04-29,11:53:57,Customer Care Call,Douglasville,Georgia,30135,Closed,No,denial of refund for overpayment
362194,Comcast data cap,,2025-06-24,14:37:50,Internet,Douglasville,Georgia,30134,Pending,Yes,comcast data cap
357874,Comcast unfair billing,,2025-06-23,11:40:33,Internet,Dover,Delaware,19901,Open,No,comcast unfair billing
307493,Comcast,,2025-05-26,14:34:57,Internet,Dover,New Hampshire,3820,Open,Yes,comcast
363607,Slow Service,,2025-06-24,22:25:30,Internet,Dover,New Hampshire,3820,Pending,No,slow service
249591,Comcast Internet,,2025-04-22,10:17:22,Internet,Dover,Pennsylvania,17315,Closed,Yes,comcast internet
332712,Comcast,,2025-10-06,13:32:28,Customer Care Call,Dover,Pennsylvania,17315,Solved,No,comcast
363854,Internet Issue,,2025-06-25,07:21:10,Internet,Dover,Pennsylvania,17315,Open,No,internet issue
258515,Business Class Service,,2025-04-27,11:21:58,Internet,Dowagiac,Michigan,49047,Closed,No,business class service
221068,DNS Web hosting,,2025-07-04,10:00:20,Customer Care Call,Downers Grove,Illinois,60515,Closed,No,dns web hosting
266657,Fraudulent account,,2025-04-30,14:37:43,Internet,Downers Grove,Illinois,60515,Closed,No,fraudulent account
238258,Comcast Internet Service Complaint,,2025-04-15,21:02:13,Internet,Doylestown,Pennsylvania,18901,Closed,Yes,comcast internet service complaint
270964,Billing Issues,,2025-04-05,01:09:57,Customer Care Call,Dublin,California,94568,Solved,Yes,billing issues
256312,Comcast poor service or throttling,,2025-04-24,19:20:07,Customer Care Call,Dubois,Pennsylvania,15801,Closed,No,comcast poor service or throttling
266686,Comcast Refuses to Fix Billing If a Virus Causes Data Usage Over Cap on a system protected by THEIR AV,,2025-04-30,14:50:13,Internet,Duluth,Georgia,30097,Closed,No,comcast refuses to fix billing if a virus causes data usage over cap on a system protected by their av
294252,No broadband service provided,,2025-05-17,22:15:53,Internet,Duluth,Georgia,30097,Closed,Yes,no broadband service provided
315855,Poor Service from Comcast,,2025-05-31,17:29:00,Customer Care Call,Duluth,Georgia,30096,Solved,No,poor service from comcast
373569,300 gb cap,,2025-06-29,19:46:15,Customer Care Call,Duluth,Georgia,30096,Pending,No,300 gb cap
351246,Comcast Data Caps,,2025-06-19,10:37:18,Internet,Dunwoody,Georgia,30338,Solved,No,comcast data caps
338638,"Slow speeds, poor service,.",,2025-06-13,00:30:12,Internet,Dupont,Washington,98327,Open,No,slow speeds poor service
364817,Billing and Service,,2025-06-25,12:53:38,Customer Care Call,Dupont,Washington,97238,Open,No,billing and service
260681,comcast of indiana,,2025-04-28,08:43:37,Internet,Dyer,Indiana,46311,Closed,No,comcast of indiana
326518,Comcast trial of putting cap (300 GB / month) on internet usage.,,2025-06-06,06:40:10,Customer Care Call,Eads,Tennessee,38028,Solved,No,comcast trial of putting cap 300 gb month on internet usage
350956,Comcast Data Caps,,2025-06-19,02:47:34,Internet,Eads,Tennessee,38028,Open,No,comcast data caps
354423,Comcast Data Cap & Code Injection,,2025-06-20,23:54:41,Internet,Eads,Tennessee,38028,Pending,No,comcast data cap code injection
255465,Comcast billing/service,,2025-04-24,14:22:50,Internet,East Brunswick,New Jersey,8816,Solved,No,comcast billingservice
285591,Comcast-flat fee contract-misrepresentation,,2025-12-05,13:11:10,Customer Care Call,East Brunswick,New Jersey,8816,Solved,No,comcastflat fee contractmisrepresentation
344657,Comcast Internet problems,,2025-06-16,22:34:58,Internet,East Brunswick,New Jersey,8816,Solved,No,comcast internet problems
364868,Comcast Internet Billing,,2025-06-25,13:03:35,Customer Care Call,East Brunswick,New Jersey,8816,Open,Yes,comcast internet billing
369184,Comcast xfinity triple play,,2025-06-26,18:51:00,Customer Care Call,East Brunswick,New Jersey,8816,Solved,No,comcast xfinity triple play
365648,Billing issues with Comcast,,2025-06-25,14:50:58,Customer Care Call,East Chicago,Indiana,46312,Solved,Yes,billing issues with comcast
351497,Comcast Internet,,2025-06-19,11:42:57,Internet,East Liverpool,Ohio,43920,Solved,No,comcast internet
338674,Comcast outage - Bay Area,,2025-06-13,02:13:06,Internet,East Palo Alto,California,94303,Open,No,comcast outage bay area
315759,Comcast of East Windsor NJ Complaint,,2025-05-31,15:25:33,Internet,East Windsor,New Jersey,8520,Pending,No,comcast of east windsor nj complaint
296722,Terrible Comcast service,,2025-05-19,11:35:47,Customer Care Call,Eden Prairie,Minnesota,55347,Closed,No,terrible comcast service
315836,Complaint against Comcast for incredibly bad service,,2025-05-31,16:47:08,Customer Care Call,Edgewood,Washington,98372,Pending,No,complaint against comcast for incredibly bad service
291175,Data Caps,,2025-05-15,02:17:50,Customer Care Call,Edina,Minnesota,55424,Open,No,data caps
319694,Internet service speed,,2025-02-06,18:23:49,Customer Care Call,Edmonds,Washington,98020,Closed,Yes,internet service speed
364449,Comcast xfinity price gouging seniors,,2025-06-25,12:07:07,Customer Care Call,Egg Harbor City,New Jersey,8215,Solved,No,comcast xfinity price gouging seniors
275612,Misrepresentation of billing,,2025-06-05,11:18:43,Customer Care Call,El Cerrito,California,94530,Solved,No,misrepresentation of billing
281211,"Constant non response, or passing to other operator. Supervisers inability to resolve of help. Numerous lies told.",,2025-08-05,19:02:27,Customer Care Call,El Cerrito,California,94530,Closed,No,constant non response or passing to other operator supervisers inability to resolve of help numerous lies told
363708,Comcast chronic lies,,2025-06-24,23:51:56,Customer Care Call,El Cerrito,California,94530,Open,No,comcast chronic lies
365908,Comcast Internet Only Service,,2025-06-25,15:31:17,Internet,El Cerrito,California,94530,Open,No,comcast internet only service
222882,Comcast broke 36 month contract by increasing bill...,,2025-07-04,20:06:42,Customer Care Call,El Dorado Hills,California,95762,Closed,No,comcast broke 36 month contract by increasing bill
367435,unfair billing practices,,2025-06-26,08:25:31,Internet,Eldersburg,Maryland,21784,Solved,Yes,unfair billing practices
354805,Installation Charges,,2025-06-21,18:08:54,Customer Care Call,Elgin,Illinois,60124,Solved,Yes,installation charges
360640,Comcast Over Charging Bundle PKG,,2025-06-24,00:35:19,Customer Care Call,Elgin,Illinois,60123,Open,No,comcast over charging bundle pkg
312797,Comcast/Xfinity Data Allowance,,2025-05-28,23:52:24,Internet,Elizabethtown,Kentucky,42701,Pending,No,comcastxfinity data allowance
363674,pricing,,2025-06-24,23:31:50,Internet,Elkhart,Indiana,46516,Open,No,pricing
363879,60 days to close my account,,2025-06-25,08:16:34,Internet,Elkhart,Indiana,46516,Solved,No,60 days to close my account
240793,Fraudulent billing by Comcast.,,2025-04-17,08:28:01,Internet,Elkins Park,Pennsylvania,19027,Closed,Yes,fraudulent billing by comcast
361453,Comcast Failed to Switch our Systems to New Location and Shut Down the Current Location,,2025-06-24,11:36:18,Internet,Ellicott City,Maryland,21043,Solved,No,comcast failed to switch our systems to new location and shut down the current location
256173,Comcast slamming issue,,2025-04-24,18:11:23,Internet,Elmhurst,Illinois,60126,Closed,No,comcast slamming issue
290961,Please stop Broadband bandwidth caps,,2025-05-14,19:47:10,Customer Care Call,Emeryville,California,94662,Closed,No,please stop broadband bandwidth caps
363786,comcast internet in emeryville throttles speed,,2025-06-25,02:32:11,Internet,Emeryville,California,94608,Pending,No,comcast internet in emeryville throttles speed
359991,Pricing Concerns,,2025-06-23,19:59:41,Internet,Encino,California,95051,Open,No,pricing concerns
370823,"95 Palmer Road, Enfield NH Internet Pricing",,2025-06-28,11:36:24,Customer Care Call,Enfield,New Hampshire,3748,Open,Yes,95 palmer road enfield nh internet pricing
359462,"Overpriced, low quality service",,2025-06-23,17:18:05,Internet,Englewood,Colorado,80113,Solved,No,overpriced low quality service
249470,Bundled Service,,2025-04-22,08:57:24,Internet,Englewood,Florida,34224,Closed,No,bundled service
243193,Comcast customer service and billing complaint,,2025-04-18,16:26:50,Customer Care Call,Enola,Pennsylvania,17025,Closed,No,comcast customer service and billing complaint
266179,Comcast Throttling,,2025-04-30,12:07:11,Internet,Eugene,Oregon,97405,Closed,No,comcast throttling
286301,"lack of service, Service call complaint",,2025-12-05,17:04:42,Customer Care Call,Eugene,Oregon,97404,Solved,Yes,lack of service service call complaint
286302,"lack of service, Service call complaint",,2025-12-05,17:04:45,Customer Care Call,Eugene,Oregon,97404,Closed,Yes,lack of service service call complaint
291730,Comcast fradulent Marketing and billing for internet,,2025-05-15,12:48:33,Customer Care Call,Eugene,Oregon,97402,Solved,No,comcast fradulent marketing and billing for internet
304483,Unreliable service for the past three years,,2025-05-23,04:31:57,Customer Care Call,Eugene,Oregon,97401,Solved,No,unreliable service for the past three years
358336,Comcast has doubled my internet fee without warning,,2025-06-23,13:27:29,Internet,Eugene,Oregon,97401,Solved,No,comcast has doubled my internet fee without warning
363716,Frequent disconnects,,2025-06-24,23:59:03,Customer Care Call,Eugene,Oregon,97401,Solved,No,frequent disconnects
364369,BILLING ISSUE,,2025-06-25,11:48:15,Internet,Eustis,Florida,32726,Solved,No,billing issue
360826,Comcast Unfair Billing Practices,,2025-06-24,04:17:46,Customer Care Call,Evans,Colorado,80620,Solved,Yes,comcast unfair billing practices
315602,Comcast deceptive selling billing lack of service - SECOND And EXPANDED COMPLAINT,,2025-05-31,10:40:45,Internet,Evans,Georgia,30809,Closed,No,comcast deceptive selling billing lack of service second and expanded complaint
342613,Comcast complaint about internet speed,,2025-06-16,09:07:25,Customer Care Call,Evans,Georgia,30809,Solved,No,comcast complaint about internet speed
350740,Comcast Billing Issues,,2025-06-18,21:37:12,Internet,Evans,Georgia,30809,Solved,No,comcast billing issues
319816,Comcast (Chicago IL),,2025-02-06,19:09:11,Internet,Evanston,Illinois,60202,Solved,No,comcast chicago il
346686,No Internet for last 6 days and Comcast is not doing anything,,2025-06-17,17:21:56,Customer Care Call,Everett,Massachusetts,2149,Closed,No,no internet for last 6 days and comcast is not doing anything
358340,Comcast Price Gouging,,2025-06-23,13:28:17,Internet,Everett,Washington,98201,Open,No,comcast price gouging
364765,Unable to renew IP address,,2025-06-25,12:43:14,Customer Care Call,Everett,Washington,98201,Solved,No,unable to renew ip address
266217,Comcast,,2025-04-30,12:17:37,Customer Care Call,Export,Pennsylvania,15632,Closed,No,comcast
361326,COMCAST,,2025-06-24,10:56:18,Customer Care Call,Fairburn,Georgia,30213,Closed,No,comcast
375039,Comcast Issues,,2025-06-30,14:53:39,Customer Care Call,Fairfield,California,94533,Pending,No,comcast issues
281647,Comcast will not service our home,,2025-09-05,11:22:22,Customer Care Call,Fall City,Washington,98024,Solved,No,comcast will not service our home
229552,Comcast/xfinity,,2025-10-04,17:07:15,Customer Care Call,Fall River,Massachusetts,2723,Closed,No,comcastxfinity
280454,Comcast Billing and Service Issues,,2025-08-05,14:22:57,Customer Care Call,Falling Waters,West Virginia,25419,Closed,No,comcast billing and service issues
244215,Poor service,,2025-04-20,10:14:44,Customer Care Call,Falmouth,Massachusetts,2536,Open,No,poor service
342774,Data cap,,2025-06-16,10:29:45,Customer Care Call,Fayettevile,Georgia,39214,Open,No,data cap
317954,Comcast,,2025-01-06,21:46:23,Customer Care Call,Fayetteville,Georgia,30214,Closed,No,comcast
334864,internet billing,,2025-11-06,13:38:51,Internet,Feasterville,Pennsylvania,19053,Solved,No,internet billing
214213,Comcast fluctuating prices,,2025-02-04,13:05:16,Customer Care Call,Federal Way,Washington,98003,Closed,No,comcast fluctuating prices
356818,Recurring Comcast service issues and long waits for non-service,,2025-06-22,18:10:03,Internet,Federal Way,Washington,98093,Solved,No,recurring comcast service issues and long waits for nonservice
359812,Multiple billing an dcompetative issues.,,2025-06-23,19:02:38,Internet,Federal Way,Washington,98023,Pending,No,multiple billing an dcompetative issues
239964,Comcast fraudualent billing,,2025-04-16,16:40:11,Customer Care Call,Ferndale,Michigan,48220,Closed,No,comcast fraudualent billing
313367,Comcast Service,,2025-05-29,12:41:28,Internet,Flemington,New Jersey,8822,Solved,No,comcast service
225770,Re: Internet Too Expensive,,2025-09-04,09:33:37,Customer Care Call,Flint,Michigan,48505,Closed,No,re internet too expensive
333020,Charged for Services not provided,,2025-10-06,15:19:40,Internet,Flint,Michigan,48502,Solved,No,charged for services not provided
350675,paying for WiFi and its not working,,2025-06-18,21:04:04,Customer Care Call,Flint,Michigan,48503,Solved,No,paying for wifi and its not working
360281,ISP Data Cap,,2025-06-23,22:05:49,Internet,Florence,Alabama,35630,Pending,No,isp data cap
333174,Internet Connection and Speed Issues,,2025-10-06,16:06:07,Internet,Forest Grove,Oregon,97116,Solved,No,internet connection and speed issues
245155,Comcast internet,,2025-04-20,15:30:29,Customer Care Call,Forked River,New Jersey,8731,Closed,No,comcast internet
314727,Comcast Will Not Provide Online Content Without Cable Box,,2025-05-30,05:12:31,Internet,Fort Belvoir,Virginia,22060,Pending,No,comcast will not provide online content without cable box
356202,Internet cap,,2025-06-22,15:07:00,Customer Care Call,Fort Campbell,Kentucky,42223,Solved,No,internet cap
358138,Lack of reasonable infrastructure close to town,,2025-06-23,12:37:18,Internet,Fort Collins,Colorado,80521,Closed,Yes,lack of reasonable infrastructure close to town
360818,Comcast Throttling Speeds,,2025-06-24,04:10:31,Internet,Fort Collins,Colorado,80525,Pending,Yes,comcast throttling speeds
363811,comcast,,2025-06-25,04:31:43,Internet,Fort Collins,Colorado,80521,Solved,No,comcast
369588,Comcast Throttling My Internet,,2025-06-27,01:39:57,Customer Care Call,Fort Collins,Colorado,80524,Pending,Yes,comcast throttling my internet
231927,Un able to access my email address after relocae to a new address,,2025-04-13,11:46:10,Customer Care Call,Fort Lauderdale,Florida,33308,Closed,No,un able to access my email address after relocae to a new address
242888,Internet speed issues with Comcast and picture freezing issues when watching TV,,2025-04-18,12:32:19,Customer Care Call,Fort Lauderdale,Florida,33319,Closed,No,internet speed issues with comcast and picture freezing issues when watching tv
366894,Systemic failures with Comcast,,2025-06-25,19:32:10,Internet,Fort Lauderdale,Florida,33312,Solved,No,systemic failures with comcast
265094,Comcast/Xfinity,,2025-04-29,18:19:01,Customer Care Call,Fort Lee,Virginia,23801,Closed,No,comcastxfinity
232276,Comcast internet and lack of communication and response,,2025-04-13,13:40:31,Internet,Fort Myers,Florida,33919,Closed,No,comcast internet and lack of communication and response
238647,billing issues,,2025-04-16,09:43:28,Internet,Fort Myers,Florida,33916,Closed,No,billing issues
320644,Comcast knowingly over billed,,2025-03-06,11:38:03,Internet,Fort Myers,Florida,33908,Closed,Yes,comcast knowingly over billed
336872,Horrible/Unacceptable Service of Comcast,,2025-12-06,12:45:46,Internet,Fort Myers,Florida,33907,Solved,No,horribleunacceptable service of comcast
340024,Comcast overcharge,,2025-06-14,16:01:56,Customer Care Call,Fort Myers Beach,Florida,33931,Open,No,comcast overcharge
252542,Deceptive Trade,,2025-04-23,13:42:46,Internet,Fort Pierce,Florida,34982,Closed,No,deceptive trade
263410,Comcast Demanding payment after cancellation,,2025-04-29,09:48:22,Customer Care Call,Fort Washington,Maryland,20744,Closed,No,comcast demanding payment after cancellation
282159,No internet,,2025-09-05,19:18:04,Internet,Fort Washington,Maryland,20744,Solved,No,no internet
376020,Xfinity promise to pay me $300 to join,,2025-06-30,19:48:57,Internet,Fountain,Colorado,80817,Pending,No,xfinity promise to pay me 300 to join
270026,Comcast issues,,2025-02-05,13:16:53,Customer Care Call,Franklin,Indiana,46131,Solved,No,comcast issues
213506,Internet Provider Data Thresholds,,2025-02-04,08:09:54,Internet,Franklin,Tennessee,37064,Closed,No,internet provider data thresholds
212507,Comcast Cable,,2025-01-04,15:54:43,Internet,Franklin,Tennessee,37067,Closed,No,comcast cable
283115,Comcast Data Cap,,2025-11-05,11:03:58,Customer Care Call,Franklin,Tennessee,37067,Solved,No,comcast data cap
288851,Comcast Data Caps,,2025-05-13,20:45:21,Internet,Franklin,Tennessee,37064,Open,No,comcast data caps
305720,Comcast,,2025-05-25,11:09:23,Customer Care Call,Franklin,Tennessee,37067,Pending,No,comcast
331090,Comcast data cap,,2025-09-06,16:57:42,Internet,Franklin,Tennessee,37064,Solved,No,comcast data cap
350160,Routine Outages / Speeds never as promised,,2025-06-18,17:28:13,Internet,Franklin,Tennessee,37069,Open,No,routine outages speeds never as promised
371119,Comcast business keeps moving my same-day trouble appointment to the next day,,2025-06-28,16:48:51,Internet,Franklin,Tennessee,37069,Open,No,comcast business keeps moving my sameday trouble appointment to the next day
350504,Comcast cable company,,2025-06-18,19:58:26,Customer Care Call,Fraser,Michigan,48026,Solved,No,comcast cable company
345034,Comcast billing,,2025-06-17,10:39:26,Customer Care Call,Frederick,Colorado,80516,Solved,Yes,comcast billing
290238,Lack of HBO Go Availability on Sony Devices with Xfinity Subscription,,2025-05-14,15:21:17,Internet,Frederick,Maryland,21701,Pending,No,lack of hbo go availability on sony devices with xfinity subscription
362788,Overcharged $30 per month for 10 months straight,,2025-06-24,16:48:55,Internet,Frederick,Maryland,21702,Solved,No,overcharged 30 per month for 10 months straight
362507,Raising my Rate,,2025-06-24,15:53:22,Customer Care Call,Fredericksburg,Virginia,22407,Solved,No,raising my rate
361633,Unfair Comcast Billing,,2025-06-24,12:21:50,Internet,Freeport,Illinois,61032,Open,No,unfair comcast billing
305399,Comcast fradulently gets contract signed by my wife,,2025-05-24,17:15:10,Customer Care Call,Fremont,California,94555,Open,Yes,comcast fradulently gets contract signed by my wife
358861,Comcast charging me unrelated charges,,2025-06-23,15:11:02,Internet,Fremont,California,94538,Open,No,comcast charging me unrelated charges
358898,Ridiculous Charges,,2025-06-23,15:18:26,Customer Care Call,Fremont,California,94536,Solved,No,ridiculous charges
240650,complaint against Comcast,,2025-04-16,22:11:30,Internet,Fresh Meadows,New York,11366,Closed,No,complaint against comcast
307364,Arbitrary Price Increase,,2025-05-26,14:03:20,Internet,Fresno,California,93722,Solved,No,arbitrary price increase
349751,Comcast Billing Complaint,,2025-06-18,15:56:11,Internet,Fresno,California,93703,Solved,Yes,comcast billing complaint
358360,Internet speed deteriation,,2025-06-23,13:32:14,Internet,Fresno,California,93704,Solved,No,internet speed deteriation
371463,Internet Speed on Wireless Connection,,2025-06-29,04:37:17,Internet,Fresno,California,93730,Solved,Yes,internet speed on wireless connection
342375,internet,,2025-06-15,21:10:14,Customer Care Call,Front Royal,Virginia,22630,Solved,No,internet
255922,intermittent internet,,2025-04-24,16:34:42,Internet,Fruitland Park,Florida,34731,Closed,No,intermittent internet
366192,Deceptive trade,,2025-06-25,16:12:23,Internet,Ft Pierce,Florida,34982,Solved,No,deceptive trade
298980,Improper Billing and non resolution of issues,,2025-05-20,12:46:31,Customer Care Call,Ft. Lauderdale,Florida,33304,Open,No,improper billing and non resolution of issues
229103,Lost emails/billing,,2025-10-04,14:53:15,Customer Care Call,Ftlauderdale,Florida,33308,Closed,No,lost emailsbilling
329036,"Comcast/Xfinity Poor Service, Fraudulent Billing and Collection",,2025-08-06,17:01:58,Internet,Fulton,Maryland,20759,Open,No,comcastxfinity poor service fraudulent billing and collection
338283,monthly data caps,,2025-12-06,19:31:37,Customer Care Call,Gadsden,Alabama,35901,Solved,No,monthly data caps
373954,Comcast Data Charges,,2025-06-30,07:29:08,Internet,Gadsden,Alabama,35904,Pending,No,comcast data charges
231821,Inability to get access to internet through Comcast or AT&T,,2025-04-13,11:10:02,Customer Care Call,Gainesville,Georgia,30506,Closed,Yes,inability to get access to internet through comcast or att
345472,paying for an upgrade that never took place,,2025-06-17,12:43:04,Internet,Gaithersburg,Maryland,20882,Closed,No,paying for an upgrade that never took place
359714,"Bill issues, Internet and disability comcast prices",,2025-06-23,18:26:49,Customer Care Call,Gaithersburg,Maryland,20878,Open,No,bill issues internet and disability comcast prices
338412,Not receiving advertised speed,,2025-12-06,20:43:21,Internet,Galesburg,Michigan,49053,Closed,Yes,not receiving advertised speed
360388,Xfinity Internet Speed,,2025-06-23,22:39:59,Customer Care Call,Galesburg,Michigan,49053,Open,No,xfinity internet speed
234204,Comcast Billing,,2025-04-14,11:27:59,Internet,Gallatin,Tennessee,37066,Closed,No,comcast billing
257446,Nightly service interruption,,2025-04-25,22:29:56,Customer Care Call,Gallatin,Tennessee,37066,Closed,No,nightly service interruption
339095,Netflix is slow,,2025-06-13,14:01:24,Internet,Galveston,Texas,77550,Solved,No,netflix is slow
282011,comcast wont service my address,,2025-09-05,15:47:52,Customer Care Call,Gary,Indiana,46404,Solved,No,comcast wont service my address
342665,cannot access my email or service at all,,2025-06-16,09:51:17,Customer Care Call,Gathersburg,Maryland,20877,Open,No,cannot access my email or service at all
266403,Xfinity/comcast Service,,2025-04-30,13:13:47,Customer Care Call,Germantown,Maryland,20876,Closed,No,xfinitycomcast service
215802,Unclear policies,,2025-03-04,09:22:46,Internet,Germantown,Tennessee,38138,Open,No,unclear policies
331611,300GB/month Data Cap,,2025-09-06,20:23:16,Customer Care Call,Germantown,Tennessee,38139,Open,No,300gbmonth data cap
231199,Comcast/Xfinity- Paying for High speed service,,2025-12-04,13:01:30,Customer Care Call,Gettysburg,Pennsylvania,17325,Closed,No,comcastxfinity paying for high speed service
231200,Comcast/Xfinity- Paying for High speed service,,2025-12-04,13:01:34,Customer Care Call,Gettysburg,Pennsylvania,17325,Closed,No,comcastxfinity paying for high speed service
363615,Overage Charges,,2025-06-24,22:28:37,Customer Care Call,Glencoe,Alabama,35905,Pending,No,overage charges
297322,Comcast Internet and cable deals,,2025-05-19,15:05:53,Internet,Glendale Heights,Illinois,60139,Solved,No,comcast internet and cable deals
306807,Comcast bundle billing,,2025-05-26,11:30:09,Internet,Glendale Heights,Illinois,60139,Open,Yes,comcast bundle billing
360143,Comcast Internet Speed/Quality of Service and price,,2025-06-23,20:52:54,Customer Care Call,Glenview,Illinois,60025,Solved,Yes,comcast internet speedquality of service and price
360714,Internet bundled with TV,,2025-06-24,01:29:54,Internet,Gold Bar,Washington,98251,Solved,No,internet bundled with tv
215337,Consistent speed/connectivity with internet,,2025-02-04,19:48:39,Customer Care Call,Gold River,California,95670,Closed,No,consistent speedconnectivity with internet
213355,Comcast is ignoring me now. They are making NO attempt to correct problems,,2025-01-04,22:56:15,Internet,Golden,Colorado,80401,Closed,No,comcast is ignoring me now they are making no attempt to correct problems
367340,Data Caps,,2025-06-26,02:37:30,Internet,Goodlettsville,Tennessee,37072,Pending,No,data caps
340148,n/a (b) (6),,2025-06-14,19:26:28,Internet,Goose Creek,South Carolina,29445,Solved,No,na b 6
363920,Unfair billing practices,,2025-06-25,08:45:19,Customer Care Call,Goose Creek,South Carolina,29445,Solved,No,unfair billing practices
362557,Comcast Bundle price,,2025-06-24,16:00:49,Internet,Grand Blanc,Michigan,48439,Solved,No,comcast bundle price
228419,Wrongful billing - repeated since December 2013,,2025-10-04,11:34:55,Customer Care Call,Grand Rapids,Michigan,49546,Closed,No,wrongful billing repeated since december 2013
239170,Comcast has charged me invalid fee's and wont re-imburse me for them.,,2025-04-16,12:56:49,Internet,Grand Rapids,Michigan,49506,Closed,No,comcast has charged me invalid fees and wont reimburse me for them
223708,Comcast/Xfinity service,,2025-08-04,11:48:30,Customer Care Call,Grand Rapids,Michigan,49504,Closed,No,comcastxfinity service
253012,Comcast Bundled,,2025-04-23,15:46:08,Customer Care Call,Grand Rapids,Michigan,49507,Closed,Yes,comcast bundled
341988,somewhat threatening phone calls,,2025-06-15,17:54:51,Customer Care Call,Grand Rapids,Michigan,49534,Closed,No,somewhat threatening phone calls
339908,Data Cap overages,,2025-06-14,13:09:16,Internet,Grayson,Georgia,30017,Open,No,data cap overages
266456,INTERNET VIRUS POP UP SCAM CLAIMING TO BE WITH COMCAST,,2025-04-30,13:27:48,Customer Care Call,Green Cove Springs,Florida,32043,Closed,No,internet virus pop up scam claiming to be with comcast
252504,Intermittent internet connection,,2025-04-23,13:33:41,Internet,Greenacres,Florida,33463,Closed,No,intermittent internet connection
333437,Raised my bill and told me to lower it back to what it was i would have to make a 24 month agreement,,2025-10-06,17:24:08,Customer Care Call,Greenfield,Indiana,46140,Solved,No,raised my bill and told me to lower it back to what it was i would have to make a 24 month agreement
295997,Comcast,,2025-05-18,20:00:03,Internet,Greensburg,Pennsylvania,15601,Solved,No,comcast
225315,Comcast Internet,,2025-08-04,19:55:18,Customer Care Call,Greentown,Indiana,46936,Closed,No,comcast internet
343555,Comcast,,2025-06-16,14:44:41,Customer Care Call,Greentown,Indiana,46936,Solved,No,comcast
224687,Issues with Comcast Customer Service due to loss of Internet,,2025-08-04,16:09:57,Customer Care Call,Greenwood Village,Colorado,80111,Closed,No,issues with comcast customer service due to loss of internet
360665,Speeds being throttled.,,2025-06-24,00:47:19,Internet,Gresham,Oregon,97030,Open,No,speeds being throttled
266833,internet essentials for low income families,,2025-04-30,15:24:35,Customer Care Call,Griffin,Georgia,30223,Closed,No,internet essentials for low income families
348580,Hearsts Magazine contest scam,,2025-06-18,12:23:50,Internet,Griffith,Indiana,46319,Closed,No,hearsts magazine contest scam
226766,Comcast,,2025-09-04,14:36:14,Customer Care Call,Grosse Ile,Michigan,48138,Closed,No,comcast
364523,Comcast,,2025-06-25,12:16:43,Internet,Grosse Pointe,Michigan,48230,Solved,No,comcast
372910,Comcast Internet Service,,2025-06-29,16:24:21,Customer Care Call,Grosse Pointe,Michigan,48230,Open,No,comcast internet service
360578,Comcast Bundles,,2025-06-23,23:58:01,Internet,Grosse Pointe Farms,Michigan,48236,Solved,No,comcast bundles
274464,Comcast Fraud?,,2025-05-05,16:33:13,Internet,Grosse Pointe Park,Michigan,48230,Closed,No,comcast fraud
230174,Comcast surprise increase in charges,,2025-10-04,23:05:54,Customer Care Call,Grovetown,Georgia,30813,Closed,No,comcast surprise increase in charges
231207,Internet Problems,,2025-12-04,13:13:28,Customer Care Call,Gurnee,Illinois,60031,Closed,No,internet problems
241373,Comcast Rrefund Owing to Us since 3/12/2015,,2025-04-17,13:03:34,Internet,Half Moon Bay,California,94019,Closed,No,comcast rrefund owing to us since 3122015
246111,Still Overcharged,,2025-04-20,21:38:53,Internet,Half Moon Bay,California,94019,Closed,No,still overcharged
330473,Charged for speeds they can not provide,,2025-09-06,13:45:08,Internet,Hallandale Beach,Florida,33009,Open,No,charged for speeds they can not provide
281318,Comcast deception,,2025-08-05,20:16:21,Internet,Hammonton,New Jersey,8037,Open,No,comcast deception
356497,COMCAST - Slow Down Imternet Speed,,2025-06-22,16:36:57,Customer Care Call,Hampton,Georgia,30228,Solved,No,comcast slow down imternet speed
360621,Data Caps,,2025-06-24,00:22:34,Internet,Hampton Cove,Alabama,35763,Pending,No,data caps
253565,Comcast billing complaint,,2025-04-23,17:28:29,Internet,Hampton Falls,New Hampshire,3844,Closed,Yes,comcast billing complaint
360582,Frequent interruptions,,2025-06-23,23:59:51,Internet,Hamtramck,Michigan,48212,Solved,No,frequent interruptions
224890,Comcast Overbilling,,2025-08-04,17:06:25,Customer Care Call,Hanover,Pennsylvania,17331,Closed,No,comcast overbilling
339928,Throttling by Comcast/Xfinity,,2025-06-14,13:38:06,Customer Care Call,Hanover,Pennsylvania,17331,Open,No,throttling by comcastxfinity
342068,no internet last 4 days even after more than 10 calls and spending 10 hours with comcast on phone,,2025-06-15,18:20:53,Customer Care Call,Hanover Park,Illinois,60133,Solved,No,no internet last 4 days even after more than 10 calls and spending 10 hours with comcast on phone
259223,Comcast slamming/overcharge/,,2025-04-27,14:33:32,Internet,Happy Valley,Oregon,97086,Closed,Yes,comcast slammingovercharge
360344,Speeds received are not as advertised,,2025-06-23,22:20:38,Customer Care Call,Happy Valley,Oregon,97086,Open,No,speeds received are not as advertised
363273,Comcast throttling speeds,,2025-06-24,19:27:52,Customer Care Call,Happy Valley,Oregon,97086,Closed,No,comcast throttling speeds
359049,Comcast Billing,,2025-06-23,15:46:45,Internet,Harleysville,Pennsylvania,19438,Solved,No,comcast billing
347018,Fraudulent Billing by ComCast,,2025-06-17,18:53:41,Customer Care Call,Harrisburg,Pennsylvania,17101,Open,No,fraudulent billing by comcast
361639,Comcast Throttling,,2025-06-24,12:22:23,Customer Care Call,Hartford,Michigan,49057,Open,No,comcast throttling
293326,Throttle of my Internet access speeds by Comcast,,2025-05-16,13:34:04,Internet,Hatboro,Pennsylvania,19040,Solved,No,throttle of my internet access speeds by comcast
356538,Comcast Overcharge for Internet Service for over One Year,,2025-06-22,16:43:57,Customer Care Call,Hatfield,Pennsylvania,19440,Solved,Yes,comcast overcharge for internet service for over one year
375750,"Not receiving refund of service from Comcast, for over 90 days",,2025-06-30,17:57:02,Internet,Hatfield,Pennsylvania,19440,Open,No,not receiving refund of service from comcast for over 90 days
238291,Unfair and Deceptive Trade Practices,,2025-04-15,21:27:39,Internet,Hattiesburg,Mississippi,39402,Closed,No,unfair and deceptive trade practices
248207,Comcast Bill Internet Usage,,2025-04-21,15:22:13,Internet,Hattiesburg,Mississippi,39402,Closed,Yes,comcast bill internet usage
286995,Comcast Data Cap,,2025-05-13,03:04:28,Customer Care Call,Hattiesburg,Mississippi,39402,Open,No,comcast data cap
308968,Over Billing Issues,,2025-05-27,11:25:53,Customer Care Call,Hattiesburg,Mississippi,39402,Solved,No,over billing issues
360298,Comcast Billing Practices,,2025-06-23,22:10:39,Customer Care Call,Haverhill,Florida,33417,Pending,No,comcast billing practices
361840,high payment,,2025-06-24,13:08:24,Internet,Havre De Grace,Maryland,21078,Solved,No,high payment
361112,Comcast Support,,2025-06-24,10:02:10,Customer Care Call,Hayward,California,94542,Solved,No,comcast support
370392,Comcast Internet/Cable contacted them over the phone and chat,,2025-06-27,18:45:28,Internet,Hayward,California,94544,Solved,No,comcast internetcable contacted them over the phone and chat
294686,Comcast Usage Data Plan,,2025-05-18,11:54:20,Internet,Hendersonville,Tennessee,37075,Solved,No,comcast usage data plan
373658,Comcast Data Usage Cap/Limit,,2025-06-29,20:48:35,Customer Care Call,Hendersonville,Tennessee,37075,Pending,No,comcast data usage caplimit
235196,Cable,,2025-04-14,15:43:01,Customer Care Call,Henrico,Virginia,23231,Closed,No,cable
342417,Charges,,2025-06-15,22:10:20,Customer Care Call,Hermitage,Tennessee,37076,Open,No,charges
340359,Comcast data caps,,2025-06-15,03:26:03,Customer Care Call,Hermitage,Tennessee,37076,Solved,No,comcast data caps
342685,Comcast Data Usage Cap,,2025-06-16,09:57:49,Internet,Hermitage,Tennessee,37076,Solved,No,comcast data usage cap
306165,comcast keeps charging for me for over the limit internet - when says we have unlimited,,2025-05-25,19:51:25,Internet,Hernando,Mississippi,38632,Solved,No,comcast keeps charging for me for over the limit internet when says we have unlimited
371221,Data overage charges,,2025-06-28,19:07:28,Customer Care Call,Hernando,Mississippi,38632,Open,No,data overage charges
225777,No Internet,,2025-09-04,09:40:11,Customer Care Call,Hialeah,Florida,33012,Closed,No,no internet
225684,Continues services interruptions causing losses to my business,,2025-09-04,07:17:23,Customer Care Call,Hialeah,Florida,33013,Closed,No,continues services interruptions causing losses to my business
298804,Comcast blocking services,,2025-05-20,11:27:12,Internet,Hialeah,Florida,33012,Solved,No,comcast blocking services
228155,Fake charges,,2025-10-04,09:53:24,Internet,Hialeah Gardens,Florida,33018,Closed,No,fake charges
249245,Billing Issues/Service Issues,,2025-04-21,22:56:32,Internet,Highlands Ranch,Colorado,80130,Closed,No,billing issuesservice issues
359219,Comcast Charging Fee without warning,,2025-06-23,16:21:41,Internet,Hillsboro,Oregon,97124,Solved,No,comcast charging fee without warning
321631,Comcast service levels,,2025-03-06,16:22:04,Internet,Hillsborough,California,94010,Open,No,comcast service levels
357880,One Sided Contracts,,2025-06-23,11:43:14,Internet,Hillsborough,New Jersey,8844,Solved,No,one sided contracts
340344,Comcast Fraudulent Charges,,2025-06-15,00:58:28,Customer Care Call,Hiram,Georgia,30141,Solved,No,comcast fraudulent charges
348204,comcast data useage caps and charges,,2025-06-18,10:35:27,Customer Care Call,Hiram,Georgia,30141,Solved,No,comcast data useage caps and charges
228511,Comcast cable unauthorized charges,,2025-10-04,11:58:45,Customer Care Call,Hixson,Tennessee,37343,Closed,No,comcast cable unauthorized charges
228514,Comcast cable unauthorized charges,,2025-10-04,11:59:28,Internet,Hixson,Tennessee,37343,Closed,No,comcast cable unauthorized charges
343049,comcast fraudulent pricing and practices,,2025-06-16,11:55:45,Customer Care Call,Hobart,Indiana,46342,Solved,No,comcast fraudulent pricing and practices
359438,Comcast and competition,,2025-06-23,17:13:06,Internet,Hoffman Estates,Illinois,60192,Solved,No,comcast and competition
274483,Comcast/earthlink,,2025-05-05,16:36:52,Internet,Hoirn Lake,Mississippi,38637,Solved,No,comcastearthlink
350621,Speed Throttling,,2025-06-18,20:48:58,Customer Care Call,Holladay,Utah,84117,Open,No,speed throttling
361366,Charged double/Speeds throttled,,2025-06-24,11:09:20,Internet,Holland,Michigan,49423,Solved,No,charged doublespeeds throttled
366714,Comcast Rate Hike,,2025-06-25,18:19:40,Customer Care Call,Holland,Michigan,49423,Solved,No,comcast rate hike
359054,Internet speed,,2025-06-23,15:47:31,Customer Care Call,Holly,Michigan,48442,Solved,No,internet speed
233627,COMCAST XFINITY,,2025-04-13,22:08:42,Internet,Hollywood,Florida,33009,Closed,No,comcast xfinity
278221,Internet Cable Alarm,,2025-07-05,13:12:12,Customer Care Call,Hollywood,Florida,33019,Closed,No,internet cable alarm
278286,Phone Internet Cable Alarm,,2025-07-05,13:30:49,Internet,Hollywood,Florida,33019,Closed,No,phone internet cable alarm
305865,comcast service overcharge for internet and phone,,2025-05-25,13:50:01,Internet,Hollywood,Florida,33019,Solved,No,comcast service overcharge for internet and phone
331835,billing and internet connection,,2025-09-06,22:41:14,Internet,Hollywood,Florida,33021,Solved,No,billing and internet connection
360555,Comcast internet price high,,2025-06-23,23:45:11,Customer Care Call,Hollywood,Florida,33024,Solved,No,comcast internet price high
232905,Comcast,,2025-04-13,16:41:19,Customer Care Call,Hollywood Beach,Florida,33019,Closed,No,comcast
305108,Comcast refuses to service address,,2025-05-23,21:44:33,Internet,Homeland,Florida,33847,Closed,No,comcast refuses to service address
262834,Overcharge/ promo end,,2025-04-28,19:53:50,Customer Care Call,Homestead,Florida,33033,Closed,Yes,overcharge promo end
272785,"Hang-ups, Lies, Bill more than 2x higher & more",,2025-04-05,20:51:23,Customer Care Call,Homestead,Florida,33030,Closed,No,hangups lies bill more than 2x higher more
369319,Lies and deception,,2025-06-26,20:19:37,Internet,Homestead,Florida,33092,Solved,No,lies and deception
362852,Comcast Refuses to Refund Deposit According to Initial Terms,,2025-06-24,17:02:55,Internet,Hopkins,Minnesota,55343,Solved,No,comcast refuses to refund deposit according to initial terms
289924,Comcast Data Caps,,2025-05-14,13:38:45,Internet,Horn Lake,Mississippi,38637,Solved,No,comcast data caps
359979,Data Cap,,2025-06-23,19:55:57,Internet,Horn Lake,Mississippi,38637,Pending,No,data cap
231729,comcast contract problem,,2025-04-13,10:28:49,Internet,Houston,Texas,77049,Closed,No,comcast contract problem
257575,intermittent service,,2025-04-26,09:05:55,Internet,Houston,Texas,77079,Closed,No,intermittent service
228467,Comcast-Overcharges,,2025-10-04,11:48:04,Internet,Houston,Texas,77049,Closed,No,comcastovercharges
235672,COMCAST,,2025-04-14,18:25:32,Internet,Houston,Texas,77076,Closed,No,comcast
254754,MONTHLY BILL,,2025-04-24,10:31:56,Internet,Houston,Texas,77083,Closed,No,monthly bill
259151,"Deceptive business practice with ""Service Protection Plan""",,2025-04-27,14:17:44,Customer Care Call,Houston,Texas,77025,Closed,No,deceptive business practice with service protection plan
266346,Billing Error,,2025-04-30,12:59:17,Internet,Houston,Texas,77084,Closed,Yes,billing error
290828,Unreliable Service,,2025-05-14,18:44:00,Customer Care Call,Houston,Texas,77227,Solved,No,unreliable service
303252,Billing and threats,,2025-05-22,12:19:37,Customer Care Call,Houston,Texas,77021,Solved,No,billing and threats
312890,Horrible Internet Speed not what I pay for,,2025-05-29,07:01:05,Customer Care Call,Houston,Texas,77045,Open,No,horrible internet speed not what i pay for
315608,Comcast Service Failure,,2025-05-31,10:56:25,Internet,Houston,Texas,77033,Pending,No,comcast service failure
322517,Incomplete billing cycle,,2025-04-06,00:16:25,Internet,Houston,Texas,77035,Closed,No,incomplete billing cycle
326349,Internet System Reliability,,2025-05-06,20:59:07,Customer Care Call,Houston,Texas,77019,Solved,No,internet system reliability
331890,Faulty Bill for More Profit,,2025-09-06,23:44:40,Internet,Houston,Texas,77033,Closed,No,faulty bill for more profit
338384,Comcast - Overcharging/Unnecessary Charges,,2025-12-06,20:26:02,Customer Care Call,Houston,Texas,77090,Solved,No,comcast overchargingunnecessary charges
348900,Throttling by Comcast,,2025-06-18,13:43:00,Internet,Houston,Texas,77057,Pending,No,throttling by comcast
357816,Billed for internet service that was never installed,,2025-06-23,11:24:06,Internet,Houston,Texas,77008,Open,Yes,billed for internet service that was never installed
358688,Billing and New Account Issues,,2025-06-23,14:34:56,Customer Care Call,Houston,Texas,77096,Open,No,billing and new account issues
360673,Comcast high prices and throttling speeds,,2025-06-24,00:57:49,Customer Care Call,Houston,Texas,77039,Solved,No,comcast high prices and throttling speeds
360698,Comcast Predatory Pricing forcing purchase of cable.,,2025-06-24,01:17:10,Internet,Houston,Texas,77058,Solved,No,comcast predatory pricing forcing purchase of cable
360788,Comcast Billing,,2025-06-24,03:02:38,Internet,Houston,Texas,77054,Open,No,comcast billing
360768,speed/pricing,,2025-06-24,02:34:16,Internet,Houston,Texas,77076,Open,No,speedpricing
363717,Comcast Internet Slow,,2025-06-24,23:59:59,Customer Care Call,Houston,Texas,77025,Solved,No,comcast internet slow
367279,The monthly bill for my internet service has become too expensive.,,2025-06-25,23:36:46,Customer Care Call,Houston,Texas,77024,Solved,No,the monthly bill for my internet service has become too expensive
363809,Throttling,,2025-06-25,04:22:07,Customer Care Call,Houston,Texas,77084,Pending,Yes,throttling
366222,Comcast Internet Service Complaint,,2025-06-25,16:20:58,Customer Care Call,Houston,Texas,77042,Open,No,comcast internet service complaint
366722,"poor quality service, multiple disconnections prior to disconnect date and after I have made payments still got disconnected multiple times",,2025-06-25,18:22:49,Customer Care Call,Houston,Texas,77083,Solved,No,poor quality service multiple disconnections prior to disconnect date and after i have made payments still got disconnected multiple times
367079,Comcast,,2025-06-25,21:01:05,Internet,Houston,Texas,77077,Open,No,comcast
367936,"Being lied to, and mislead by Comcast / Xfinity",,2025-06-26,11:59:51,Internet,Houston,Texas,77054,Solved,No,being lied to and mislead by comcast xfinity
370513,Internet connection not available,,2025-06-27,20:23:26,Customer Care Call,Houston,Texas,77042,Solved,No,internet connection not available
372497,Comcast Service Issues,,2025-06-29,14:40:31,Customer Care Call,Houston,Texas,77061,Pending,No,comcast service issues
375847,Comcast bundles useless services to charge more.,,2025-06-30,18:36:52,Internet,Houston,Texas,77025,Open,No,comcast bundles useless services to charge more
376328,Comcast Failed to deliver service that was advertised,,2025-06-30,23:24:39,Internet,Houston,Texas,77064,Open,No,comcast failed to deliver service that was advertised
367137,"Comcast wont honor discount, bill higher than what was agreed",,2025-06-25,21:31:25,Internet,Howell,Michigan,48843,Solved,Yes,comcast wont honor discount bill higher than what was agreed
362687,"Poor customer service, terrible Internet speeds, prices are way too high.",,2025-06-24,16:27:43,Customer Care Call,Hudsonville,Michigan,49426,Open,No,poor customer service terrible internet speeds prices are way too high
339509,Comcast Bundle Promotion Bait and Switch,,2025-06-13,20:17:11,Internet,Hughesville,Maryland,20637,Open,No,comcast bundle promotion bait and switch
220424,COMCAST INTERNET SERVICE LARGE INCREASES & IMPROPER BILLINGS ON PROMTIONS FOR ONE YR,,2025-06-04,18:50:35,Internet,Humble,Texas,77396,Closed,No,comcast internet service large increases improper billings on promtions for one yr
305929,Comcast refused to install internet,,2025-05-25,14:52:58,Internet,Humble,Texas,77346,Open,No,comcast refused to install internet
324340,Text on Facebook,,2025-04-06,20:11:55,Customer Care Call,Humble,Texas,77338,Closed,No,text on facebook
327756,Comcast (customer.xfinity.com),,2025-08-06,00:00:58,Internet,Humble,Texas,77396,Solved,No,comcast customerxfinitycom
347206,"Low internet speed complaint against Comcast Xfinity Houston, Texas",,2025-06-17,19:43:25,Internet,Humble,Texas,77346,Solved,No,low internet speed complaint against comcast xfinity houston texas
367390,Billing and false advertising,,2025-06-26,06:14:22,Customer Care Call,Humble,Texas,77346,Solved,No,billing and false advertising
274968,Comcast Charging Service Fee To Customer--Customer Didn't Cause Issue,,2025-05-05,19:39:25,Internet,Huntington,West Virginia,25703,Closed,No,comcast charging service fee to customercustomer didnt cause issue
363353,Comcast,,2025-06-24,20:16:57,Customer Care Call,Huntington,West Virginia,25705,Open,No,comcast
211904,Unable to get in touch with anyone that has the power to cancel my services,,2025-01-04,13:06:33,Customer Care Call,Huntsville,Alabama,35801,Closed,No,unable to get in touch with anyone that has the power to cancel my services
278031,Comcast's data caps are anti-consumer.,,2025-07-05,12:29:03,Internet,Huntsville,Alabama,35803,Solved,No,comcasts data caps are anticonsumer
293104,HBOGO on PS4,,2025-05-16,10:03:46,Internet,Huntsville,Alabama,35811,Solved,No,hbogo on ps4
361714,Throttled Speed During Peak Hours,,2025-06-24,12:39:09,Customer Care Call,Huntsville,Alabama,35806,Solved,Yes,throttled speed during peak hours
363900,Customer Service lied about extra fees,,2025-06-25,08:31:26,Internet,Huntsville,Alabama,35806,Solved,No,customer service lied about extra fees
370142,Xfinity Data Cap,,2025-06-27,15:32:14,Internet,Huntsville,Alabama,35802,Open,No,xfinity data cap
347695,Comcast Services,,2025-06-17,23:52:46,Customer Care Call,Huston,Texas,77024,Solved,No,comcast services
336545,"Charged for activation kit that was never sent, needed or used",,2025-12-06,11:20:13,Customer Care Call,Hydes,Maryland,21082,Closed,No,charged for activation kit that was never sent needed or used
223149,Adding services Not Requested and Increasing fees without notification.,,2025-08-04,00:02:57,Customer Care Call,Independence,Missouri,64056,Closed,No,adding services not requested and increasing fees without notification
214960,Renewed contract without my permission or consent,,2025-02-04,17:01:22,Customer Care Call,Indianapolis,Indiana,46229,Closed,No,renewed contract without my permission or consent
219813,"Ongoing issue with bill, Supervisors, Issue Not Fixed",,2025-06-04,15:17:01,Internet,Indianapolis,Indiana,46260,Closed,No,ongoing issue with bill supervisors issue not fixed
227123,Comcast,,2025-09-04,16:09:46,Customer Care Call,Indianapolis,Indiana,46228,Closed,No,comcast
234921,Comcast failure to provide adequate service,,2025-04-14,14:30:32,Internet,Indianapolis,Indiana,46217,Closed,No,comcast failure to provide adequate service
267371,assessing unjustified late fees,,2025-04-30,18:22:14,Customer Care Call,Indianapolis,Indiana,46220,Closed,No,assessing unjustified late fees
268877,Unable to fully use services and high bills,,2025-01-05,14:43:16,Customer Care Call,Indianapolis,Indiana,46229,Solved,No,unable to fully use services and high bills
272382,Comcast,,2025-04-05,17:19:59,Internet,Indianapolis,Indiana,46254,Open,No,comcast
280018,Comcast in Indianapolis scam,,2025-08-05,11:47:22,Internet,Indianapolis,Indiana,46217,Solved,No,comcast in indianapolis scam
296536,Comcast billing,,2025-05-19,10:14:11,Internet,Indianapolis,Indiana,46260,Solved,Yes,comcast billing
307772,COMCAST CUSTOMER CARE ( RACISM),,2025-05-26,16:20:31,Customer Care Call,Indianapolis,Indiana,46236,Solved,No,comcast customer care racism
307782,COMCAST CUSTOMER CARE ( RACISM),,2025-05-26,16:22:08,Customer Care Call,Indianapolis,Indiana,46236,Closed,No,comcast customer care racism
311036,internet and service,,2025-05-28,11:00:13,Customer Care Call,Indianapolis,Indiana,46250,Open,No,internet and service
337985,HBO shouldn't have a load time,,2025-12-06,17:28:32,Customer Care Call,Indianapolis,Indiana,46268,Solved,No,hbo shouldnt have a load time
338719,Comcast customer service agents lie about offers to switch,,2025-06-13,07:27:17,Internet,Indianapolis,Indiana,46234,Solved,No,comcast customer service agents lie about offers to switch
342775,Comcast technical/customer service and billing problems,,2025-06-16,10:30:01,Customer Care Call,Indianapolis,Indiana,46278,Solved,No,comcast technicalcustomer service and billing problems
353431,Comcast/Xfinity Internet Gouging,,2025-06-20,01:08:13,Customer Care Call,Indianapolis,Indiana,46256,Solved,No,comcastxfinity internet gouging
359596,Pricing Problems Even After Promises,,2025-06-23,17:53:18,Customer Care Call,Indianapolis,Indiana,46268,Open,No,pricing problems even after promises
361367,Comcast Business Services-Email Accounts,,2025-06-24,11:09:32,Customer Care Call,Indianapolis,Indiana,46268,Solved,No,comcast business servicesemail accounts
361001,keep getting charged for modem rental and I bought my own 7 months ago!,,2025-06-24,09:22:46,Internet,Indianapolis,Indiana,46278,Solved,No,keep getting charged for modem rental and i bought my own 7 months ago
362921,Comcast billing,,2025-06-24,17:23:11,Customer Care Call,Indianapolis,Indiana,46268,Solved,No,comcast billing
372121,Internet Service Provider Comcast harassing me to return equipment I already returned,,2025-06-29,12:45:16,Customer Care Call,Indianapolis,Indiana,46237,Solved,No,internet service provider comcast harassing me to return equipment i already returned
339451,Comcast Service,,2025-06-13,18:27:26,Customer Care Call,Ingleside,Illinois,60041,Solved,No,comcast service
218509,Throttling,,2025-05-04,15:11:17,Customer Care Call,Inver Grove Heights,Minnesota,55077,Closed,No,throttling
273473,Continued Calls from Comcast,,2025-05-05,12:15:56,Internet,Inver Grove Heights,Minnesota,55076,Solved,No,continued calls from comcast
328701,Installation,,2025-08-06,15:06:41,Customer Care Call,Irvington,New Jersey,7111,Solved,No,installation
342492,Comcast/Xfinity,,2025-06-15,23:43:04,Customer Care Call,Irvington,New Jersey,7111,Solved,No,comcastxfinity
367222,internet being throttled by comcast,,2025-06-25,22:30:10,Internet,Irwin,Pennsylvania,15642,Pending,No,internet being throttled by comcast
332137,"Service connection issues, increased billing, bad service, unfair trade practices",,2025-10-06,09:59:30,Internet,Islamorada,Florida,33036,Solved,No,service connection issues increased billing bad service unfair trade practices
344623,Comcast - Virtually no service since October 2014,,2025-06-16,22:14:07,Internet,Jackson,Mississippi,39216,Solved,No,comcast virtually no service since october 2014
348982,recurring billing discrepancy regarding modem,,2025-06-18,14:06:26,Customer Care Call,Jackson,Mississippi,39211,Solved,No,recurring billing discrepancy regarding modem
357307,Comcast Data Usage robbing us,,2025-06-22,22:25:25,Customer Care Call,Jackson,Mississippi,39209,Pending,No,comcast data usage robbing us
370322,False advertising and overcharging,,2025-06-27,18:02:50,Customer Care Call,Jackson,Mississippi,39211,Open,No,false advertising and overcharging
326255,xfinity Internet,,2025-05-06,19:27:25,Internet,Jacksonville,Arkansas,72076,Solved,No,xfinity internet
217474,Overcharged/excessive bill,,2025-03-04,23:13:39,Customer Care Call,Jacksonville,Florida,32246,Closed,No,overchargedexcessive bill
223428,Internet Fraud,,2025-08-04,10:10:42,Customer Care Call,Jacksonville,Florida,32257,Closed,No,internet fraud
225592,"COMCAST INTERNET PROVIDER-JACKSONVILLE, FLORIDA",,2025-09-04,00:15:15,Internet,Jacksonville,Florida,32216,Closed,No,comcast internet providerjacksonville florida
231989,Internet Service Changes between Comcast Business & Comcast Residential,,2025-04-13,12:03:13,Customer Care Call,Jacksonville,Florida,32258,Closed,No,internet service changes between comcast business comcast residential
232097,Cannot Access OnlineBilling Account to pay bill. Account info changed without Authorization,,2025-04-13,12:47:45,Customer Care Call,Jacksonville,Florida,32218,Closed,No,cannot access onlinebilling account to pay bill account info changed without authorization
236100,Continued issue,,2025-04-14,21:57:02,Internet,Jacksonville,Florida,32225,Closed,No,continued issue
244172,Internet Only Deal,,2025-04-20,09:45:51,Internet,Jacksonville,Florida,32256,Open,No,internet only deal
218221,Customer Service from Comcast,,2025-04-04,22:04:13,Customer Care Call,Jacksonville,Florida,32218,Closed,No,customer service from comcast
222146,Comcast service billing,,2025-07-04,15:25:33,Customer Care Call,Jacksonville,Florida,32246,Closed,No,comcast service billing
240608,Comcast Speed Issue after Evening,,2025-04-16,21:22:16,Customer Care Call,Jacksonville,Florida,32216,Closed,No,comcast speed issue after evening
243843,Comcast has not applied credit of close to $400,,2025-04-19,19:10:00,Customer Care Call,Jacksonville,Florida,32257,Closed,No,comcast has not applied credit of close to 400
246982,Comcast Complaint,,2025-04-21,12:18:30,Internet,Jacksonville,Florida,32207,Solved,Yes,comcast complaint
269604,Monopoly & Fraudulent Broadband Speedtest results,,2025-01-05,20:36:36,Customer Care Call,Jacksonville,Florida,32258,Closed,No,monopoly fraudulent broadband speedtest results
276082,COMCAST REFUSES TO SERVE MY ADDRESS,,2025-06-05,13:29:58,Internet,Jacksonville,Florida,32234,Solved,No,comcast refuses to serve my address
279901,Customer Service Nightmare,,2025-08-05,11:14:11,Customer Care Call,Jacksonville,Florida,32205,Solved,No,customer service nightmare
282596,Commercial property damage,,2025-10-05,16:51:25,Internet,Jacksonville,Florida,32217,Solved,No,commercial property damage
282634,Non working service with Comcast,,2025-10-05,18:31:06,Internet,Jacksonville,Florida,32244,Solved,No,non working service with comcast
294231,Issue with internet service,,2025-05-17,21:39:37,Customer Care Call,Jacksonville,Florida,32256,Solved,No,issue with internet service
323897,Comcast cable tv,,2025-04-06,16:45:24,Internet,Jacksonville,Florida,32209,Closed,No,comcast cable tv
338785,Complaints about comcast,,2025-06-13,09:55:58,Customer Care Call,Jacksonville,Florida,32256,Solved,No,complaints about comcast
340436,Comcast,,2025-06-15,08:48:03,Customer Care Call,Jacksonville,Florida,32217,Solved,No,comcast
344131,Comcast becoming a hassle,,2025-06-16,17:41:23,Internet,Jacksonville,Florida,32254,Closed,Yes,comcast becoming a hassle
350578,Comcast,,2025-06-18,20:42:27,Customer Care Call,Jacksonville,Florida,32224,Solved,No,comcast
348935,Fraud,,2025-06-18,13:53:10,Customer Care Call,Jacksonville,Florida,32221,Solved,No,fraud
353640,Comcast Customer Service,,2025-06-20,11:25:19,Customer Care Call,Jacksonville,Florida,32210,Solved,No,comcast customer service
362164,Comcast Internet Services and Customer Service is Horrible,,2025-06-24,14:30:58,Internet,Jacksonville,Florida,32225,Solved,No,comcast internet services and customer service is horrible
365879,Loss of Internet connection,,2025-06-25,15:27:21,Customer Care Call,Jacksonville,Florida,32227,Solved,No,loss of internet connection
367492,internat essential,,2025-06-26,09:20:38,Customer Care Call,Jacksonville,Florida,32206,Solved,No,internat essential
367614,Lack of Service and Misleading Promises,,2025-06-26,10:30:23,Customer Care Call,Jacksonville,Florida,32204,Solved,No,lack of service and misleading promises
364634,COMCAST SERVICE,,2025-06-25,12:28:46,Internet,Jacksonville,Florida,32210,Solved,Yes,comcast service
324712,Comcast Internet Complaint,,2025-05-06,08:35:05,Customer Care Call,Jamaica Plain,Massachusetts,2130,Open,No,comcast internet complaint
291385,Comcast services not working,,2025-05-15,10:33:47,Internet,Jeanette,Pennsylvania,15644,Solved,No,comcast services not working
359166,Comcast charging ridiculous prices,,2025-06-23,16:10:13,Customer Care Call,Jensen Beach,Florida,34957,Solved,No,comcast charging ridiculous prices
222919,Comcast internet service,,2025-07-04,20:25:12,Customer Care Call,Jersey City,New Jersey,7302,Closed,No,comcast internet service
299168,Comcast internet performance,,2025-05-20,13:47:14,Internet,Jersey City,New Jersey,7305,Open,No,comcast internet performance
317710,Comcast internet claiming 25 mbps internet but i get only 3 mbps and customer service representative hung up call repeateadly,,2025-01-06,19:00:19,Customer Care Call,Jersey City,New Jersey,7307,Closed,No,comcast internet claiming 25 mbps internet but i get only 3 mbps and customer service representative hung up call repeateadly
316966,Long term billing issue with rude customer service caused depression and trauma,,2025-01-06,14:31:19,Customer Care Call,Jersey City,New Jersey,7302,Solved,No,long term billing issue with rude customer service caused depression and trauma
360381,Comcast incorrect and confusing billing,,2025-06-23,22:37:48,Customer Care Call,Jersey City,New Jersey,7302,Open,No,comcast incorrect and confusing billing
360707,Data caps & Monthly prices,,2025-06-24,01:23:35,Internet,Jesup,Georgia,31545,Solved,Yes,data caps monthly prices
376274,"Installation Request - New Subdivision - Jesup, GA",,2025-06-30,22:34:45,Customer Care Call,Jesup,Georgia,31545,Open,No,installation request new subdivision jesup ga
364296,Comcast Grievance,,2025-06-25,11:32:20,Customer Care Call,Joelton,Tennessee,37080,Solved,Yes,comcast grievance
241346,"Comcast -Exfinity customer service errors, lies and wasted time",,2025-04-17,12:52:45,Customer Care Call,Johns Creek,Georgia,30022,Closed,No,comcast exfinity customer service errors lies and wasted time
241356,"Comcast -Exfinity customer service errors, lies and wasted time",,2025-04-17,12:56:00,Customer Care Call,Johns Creek,Georgia,30022,Closed,No,comcast exfinity customer service errors lies and wasted time
250420,Comcast Very Bad /Rude customer service,,2025-04-22,14:39:36,Internet,Johns Creek,Georgia,30097,Closed,No,comcast very bad rude customer service
278815,Billing Dispute,,2025-07-05,16:35:00,Customer Care Call,Johns Island,South Carolina,29455,Solved,No,billing dispute
354786,Comcast Cable,,2025-06-21,17:41:11,Internet,Johnson City,Tennessee,37615,Solved,No,comcast cable
252644,LIED TO!!! Now I'm suffering?!?! And at a loss!!!,,2025-04-23,14:14:11,Internet,Joliet,Illinois,60435,Closed,No,lied to now im suffering and at a loss
233792,cyber bulling,,2025-04-14,07:27:54,Internet,Jonesboro,Georgia,30238,Closed,No,cyber bulling
303352,Comcast Service,,2025-05-22,12:49:19,Customer Care Call,Jonesboro,Georgia,30238,Solved,No,comcast service
322898,Comcast Business,,2025-04-06,11:10:33,Internet,Jonesboro,Georgia,30236,Solved,No,comcast business
345955,Service Complaint,,2025-06-17,14:35:50,Customer Care Call,Jonesborough,Tennessee,37659,Open,No,service complaint
294117,Comcast e-mail issues,,2025-05-17,17:18:42,Customer Care Call,Juno Beach,Florida,33134,Solved,No,comcast email issues
223296,Comcast slamming with fees,,2025-08-04,08:27:58,Customer Care Call,Jupiter,Florida,33458,Closed,No,comcast slamming with fees
266715,fraudulent charges,,2025-04-30,14:55:51,Customer Care Call,Jupiter,Florida,33478,Closed,No,fraudulent charges
337532,Comcast Billing,,2025-12-06,16:10:54,Customer Care Call,Jupiter,Florida,33477,Open,Yes,comcast billing
231757,monopoly,,2025-04-13,10:44:03,Customer Care Call,Katy,Texas,77493,Closed,No,monopoly
243779,Comcast billing has caused issues,,2025-04-19,17:00:21,Customer Care Call,Katy,Texas,77493,Closed,No,comcast billing has caused issues
310893,Business practices and customer treatment,,2025-05-28,09:40:00,Internet,Katy,Texas,77493,Solved,No,business practices and customer treatment
340479,Xfinity not providing service in my portion of the neighborhood,,2025-06-15,09:30:58,Internet,Katy,Texas,77449,Solved,No,xfinity not providing service in my portion of the neighborhood
347357,Comcast customer service and billing service,,2025-06-17,20:36:07,Customer Care Call,Katy,Texas,77493,Solved,No,comcast customer service and billing service
359284,Not receiving the speeds promised and the charges are too high.,,2025-06-23,16:37:17,Customer Care Call,Katy,Texas,77449,Open,No,not receiving the speeds promised and the charges are too high
363608,"Internet bill goes up with no cable ""bundle""",,2025-06-24,22:26:04,Customer Care Call,Katy,Texas,77449,Open,No,internet bill goes up with no cable bundle
361000,Significant Quality Loss,,2025-06-24,09:22:29,Internet,Katy,Texas,77494,Open,No,significant quality loss
370744,customer services,,2025-06-28,08:35:47,Customer Care Call,Katy,Texas,77493,Closed,No,customer services
360649,Unfair Billing Practices,,2025-06-24,00:38:50,Customer Care Call,Keizer,Oregon,97303,Open,No,unfair billing practices
320438,service issues,,2025-03-06,10:18:51,Customer Care Call,Kemah,Texas,77565,Solved,No,service issues
360643,Xfinity throttling my connection,,2025-06-24,00:36:17,Customer Care Call,Kenmore,Washington,98028,Open,No,xfinity throttling my connection
281374,Service down for 25 days but was never credit it for it,,2025-08-05,21:03:32,Customer Care Call,Kennesaw,Georgia,30144,Solved,No,service down for 25 days but was never credit it for it
291332,"Comcast Home Business Service - FC Consulting, LLC",,2025-05-15,09:56:20,Internet,Kennesaw,Georgia,30144,Solved,No,comcast home business service fc consulting llc
321287,Being charged for modem that was returned over 1 year ago,,2025-03-06,14:39:41,Internet,Kennesaw,Georgia,30144,Solved,No,being charged for modem that was returned over 1 year ago
329445,Comcast Data Cap,,2025-08-06,19:57:13,Customer Care Call,Kennesaw,Georgia,30144,Solved,No,comcast data cap
359058,Comcast's pricing and bundling model is a monopolized extortion in my area,,2025-06-23,15:48:06,Customer Care Call,Kennesaw,Georgia,30152,Solved,No,comcasts pricing and bundling model is a monopolized extortion in my area
361198,Comcast forcing me to pay same rate for lower speed,,2025-06-24,10:30:13,Internet,Kennesaw,Georgia,30144,Solved,No,comcast forcing me to pay same rate for lower speed
362798,Speeds lower than advertised,,2025-06-24,16:50:14,Customer Care Call,Kennesaw,Georgia,30144,Open,Yes,speeds lower than advertised
361585,Comcast Data Cap of 300GB,,2025-06-24,12:13:21,Internet,Kennesaw,Georgia,30144,Pending,No,comcast data cap of 300gb
370771,Data Cap,,2025-06-28,10:00:18,Customer Care Call,Kennesaw,Georgia,30144,Pending,No,data cap
318260,Comcast Online Access,,2025-02-06,09:19:51,Internet,Kensington,Maryland,20895,Closed,No,comcast online access
255808,availabilty,,2025-04-24,15:56:45,Internet,Kent,Washington,98030,Closed,No,availabilty
218889,Wireless Internet,,2025-06-04,09:58:45,Customer Care Call,Kent,Washington,98032,Closed,No,wireless internet
371985,No access to HBO Go on Playstation 4 through Comcast,,2025-06-29,12:10:25,Customer Care Call,Kent,Washington,98031,Pending,No,no access to hbo go on playstation 4 through comcast
263777,Very Frequent service outages with Comcast internet,,2025-04-29,11:48:56,Internet,Key West,Florida,33040,Closed,No,very frequent service outages with comcast internet
279647,Ongoing serious and cotinued internet service outages,,2025-08-05,08:26:06,Internet,Key West,Florida,33040,Closed,No,ongoing serious and cotinued internet service outages
239198,"Internet problems, billing and service",,2025-04-16,13:02:11,Customer Care Call,Kimball,Michigan,48074,Closed,No,internet problems billing and service
294305,Comcast Blocking HBO Go on Sony PlayStation devices,,2025-05-18,00:24:07,Internet,King Of Prussia,Pennsylvania,19406,Pending,No,comcast blocking hbo go on sony playstation devices
comcas,nd intrenal miscommunication,,2025-04-30,21:55:33,Customer Care Call,Kingston Springs,Tennessee,37082,Closed,No,nd intrenal miscommunication
263023,Continued slowness for more than 2 weeks,,2025-04-28,21:46:20,Internet,Kirkland,Washington,98033,Closed,No,continued slowness for more than 2 weeks
265465,Continued slowness for almost 3 weeks,,2025-04-29,21:23:19,Customer Care Call,Kirkland,Washington,98033,Closed,No,continued slowness for almost 3 weeks
267591,Continued slowness for almost 3 weeks,,2025-04-30,20:40:28,Customer Care Call,Kirkland,Washington,98033,Closed,No,continued slowness for almost 3 weeks
359715,Comcast's Constant Manipulation of Bills,,2025-06-23,18:26:50,Customer Care Call,Kirkland,Washington,98033,Solved,No,comcasts constant manipulation of bills
368974,False advertising / Bait & Switch,,2025-06-26,17:28:02,Customer Care Call,Kirkland,Washington,98033,Pending,No,false advertising bait switch
371784,false advertisement for paid service,,2025-06-29,11:09:55,Customer Care Call,Kissimmee,Florida,34746,Solved,No,false advertisement for paid service
344980,Comcast internet,,2025-06-17,10:32:15,Customer Care Call,Kittery,Maine,3904,Solved,Yes,comcast internet
229529,Comcast Internet and TV false information and false price,,2025-10-04,17:01:03,Customer Care Call,Knoxville,Tennessee,37920,Closed,No,comcast internet and tv false information and false price
230159,Comcast data cap / interference with free market,,2025-10-04,22:38:10,Internet,Knoxville,Tennessee,37920,Closed,No,comcast data cap interference with free market
238581,InHome Service Visit charged when the problem was outside of my apartment,,2025-04-16,08:35:35,Customer Care Call,Knoxville,Tennessee,37923,Closed,No,inhome service visit charged when the problem was outside of my apartment
250437,Comcast Internet/Cable TV package,,2025-04-22,14:46:32,Customer Care Call,Knoxville,Tennessee,37922,Open,No,comcast internetcable tv package
250811,Comcast internet overage charges,,2025-04-22,16:46:39,Internet,Knoxville,Tennessee,37914,Closed,No,comcast internet overage charges
251498,Unauthorized charge on comcast bill,,2025-04-22,22:20:39,Customer Care Call,Knoxville,Tennessee,37920,Closed,No,unauthorized charge on comcast bill
261845,Data Caps by Comcast,,2025-04-28,14:57:24,Customer Care Call,Knoxville,Tennessee,37920,Closed,No,data caps by comcast
273199,COMCAST High speed internet,,2025-05-05,10:13:08,Customer Care Call,Knoxville,Tennessee,37920,Open,No,comcast high speed internet
283247,Fradulant Charges against Credit Report,,2025-11-05,11:47:20,Customer Care Call,Knoxville,Tennessee,37919,Solved,No,fradulant charges against credit report
290536,Comcast Data Caps,,2025-05-14,16:49:54,Customer Care Call,Knoxville,Tennessee,37938,Solved,No,comcast data caps
290748,Comcast data caps,,2025-05-14,17:58:53,Customer Care Call,Knoxville,Tennessee,37923,Solved,No,comcast data caps
290868,Comcast data caps,,2025-05-14,18:59:13,Customer Care Call,Knoxville,Tennessee,37921,Solved,No,comcast data caps
294443,Comcast home data usage cap,,2025-05-18,09:59:58,Internet,Knoxville,Tennessee,37918,Solved,No,comcast home data usage cap
296767,Unable to obtain Residential Service,,2025-05-19,11:52:09,Customer Care Call,Knoxville,Tennessee,37931,Solved,No,unable to obtain residential service
303933,Bandwidth Caps.,,2025-05-22,16:54:06,Internet,Knoxville,Tennessee,37938,Closed,No,bandwidth caps
311234,local monopoly,,2025-05-28,12:13:08,Customer Care Call,Knoxville,Tennessee,37923,Pending,No,local monopoly
312049,comcast data plan,,2025-05-28,16:30:51,Internet,Knoxville,Tennessee,37932,Pending,No,comcast data plan
317905,Comcast ISP OIO Violation,,2025-01-06,21:07:32,Internet,Knoxville,Tennessee,37909,Closed,Yes,comcast isp oio violation
336573,Comcast Data Cap,,2025-12-06,11:27:30,Internet,Knoxville,Tennessee,37922,Solved,No,comcast data cap
337290,comcast intrnet,,2025-12-06,14:56:08,Internet,Knoxville,Tennessee,37909,Solved,No,comcast intrnet
337481,Refusal to Prorate for Services Not Recieved,,2025-12-06,15:56:55,Internet,Knoxville,Tennessee,37914,Solved,No,refusal to prorate for services not recieved
336690,Comcast Data Caps,,2025-12-06,11:52:00,Customer Care Call,Knoxville,Tennessee,37919,Solved,No,comcast data caps
338930,Data soft cap and charges from Comcast,,2025-06-13,12:05:30,Customer Care Call,Knoxville,Tennessee,37920,Open,No,data soft cap and charges from comcast
338970,Comcast Speed and Cap misinformation,,2025-06-13,12:43:14,Customer Care Call,Knoxville,Tennessee,37918,Open,No,comcast speed and cap misinformation
339321,Comcast Excessive Overages,,2025-06-13,16:32:42,Internet,Knoxville,Tennessee,37912,Solved,No,comcast excessive overages
339351,Comcast Data Caps for Home Internet Service,,2025-06-13,17:03:10,Internet,Knoxville,Tennessee,37917,Open,No,comcast data caps for home internet service
339600,Comcast,,2025-06-13,22:20:36,Customer Care Call,Knoxville,Tennessee,37918,Open,No,comcast
339770,Comcast monthly data usage cap,,2025-06-14,09:21:34,Customer Care Call,Knoxville,Tennessee,37918,Open,No,comcast monthly data usage cap
340029,Comcast data limits and overage charges,,2025-06-14,16:11:14,Internet,Knoxville,Tennessee,37917,Solved,No,comcast data limits and overage charges
342298,Comcast Data Use Caps,,2025-06-15,20:19:23,Internet,Knoxville,Tennessee,37914,Open,No,comcast data use caps
343023,Data Caps,,2025-06-16,11:48:59,Internet,Knoxville,Tennessee,37923,Open,No,data caps
348451,Service out/no customer service provided,,2025-06-18,11:47:15,Customer Care Call,Knoxville,Tennessee,37909,Solved,No,service outno customer service provided
353784,Comcast Data Usage,,2025-06-20,13:09:23,Customer Care Call,Knoxville,Tennessee,37919,Pending,No,comcast data usage
360167,Forced data capping,,2025-06-23,21:07:30,Internet,Knoxville,Tennessee,37909,Pending,Yes,forced data capping
360358,Comcast Costs,,2025-06-23,22:29:07,Internet,Knoxville,Tennessee,37916,Open,No,comcast costs
360742,Unfair Billing Practices,,2025-06-24,02:00:16,Internet,Knoxville,Tennessee,37909,Open,No,unfair billing practices
368771,Request to transfer e-mail account from Comcast.,,2025-06-26,16:20:12,Customer Care Call,Kunkletown,Pennsylvania,10858,Solved,No,request to transfer email account from comcast
356498,Comcast Data Cap,,2025-06-22,16:37:03,Customer Care Call,La Follette,Tennessee,37766,Solved,No,comcast data cap
215483,complaint against comcast/infinity,,2025-02-04,21:22:12,Internet,Lafayette,California,94549,Closed,No,complaint against comcastinfinity
326978,Complaint about service provided by Comcast/Xfinity,,2025-06-06,16:23:14,Internet,Lafayette,Indiana,47909,Solved,No,complaint about service provided by comcastxfinity
366507,Problems with Comcast,,2025-06-25,17:20:34,Customer Care Call,Lafayette,Indiana,47904,Solved,No,problems with comcast
251408,Service Provided is Not What was Promised,,2025-04-22,21:20:05,Internet,Lake City,Florida,32025,Closed,No,service provided is not what was promised
305358,Email account removed,,2025-05-24,16:02:49,Customer Care Call,Lake City,Florida,32025,Solved,No,email account removed
372351,internet,,2025-06-29,13:52:24,Internet,Lake Lotwawana,Missouri,64086,Solved,No,internet
342487,Billing fraud by Comcast,,2025-06-15,23:40:30,Internet,Lake Oswego,Oregon,97035,Solved,No,billing fraud by comcast
350930,Comcast,,2025-06-19,01:36:03,Customer Care Call,Lake Station,Indiana,46405,Solved,No,comcast
317426,internet availability for students,,2025-01-06,16:59:16,Internet,Lake Tapps,Washington,98391,Open,Yes,internet availability for students
258370,billing,,2025-04-27,10:38:03,Internet,Lake Worth,Florida,33467,Closed,No,billing
301352,Comcast internet,,2025-05-21,13:46:25,Internet,Lake Worth,Florida,33461,Solved,No,comcast internet
349083,Comcast Internet Billing,,2025-06-18,14:27:51,Customer Care Call,Lake Worth,Florida,33467,Open,Yes,comcast internet billing
272570,Inability to call 911 service during a power outage,,2025-04-05,18:32:40,Customer Care Call,Lakewood,Colorado,80227,Solved,No,inability to call 911 service during a power outage
322200,Comcast monopoly hurting my business,,2025-03-06,19:39:35,Customer Care Call,Lakewood,Colorado,80215,Open,No,comcast monopoly hurting my business
359672,Comcast-Billing,,2025-06-23,18:14:10,Internet,Lakewood,Colorado,80214,Solved,No,comcastbilling
370657,Internet speed not as advertised,,2025-06-27,23:49:04,Customer Care Call,Lakewood,Colorado,80228,Open,No,internet speed not as advertised
375292,Underhanded sales techniques,,2025-06-30,15:59:45,Internet,Lakewood,Colorado,80215,Pending,No,underhanded sales techniques
360760,Comcast Internet,,2025-06-24,02:25:45,Internet,Lakewood,Washington,98498,Open,Yes,comcast internet
224907,Internet/Phone Billing Services,,2025-08-04,17:14:27,Internet,Lancaster,Pennsylvania,17601,Closed,No,internetphone billing services
327394,Fraudulent billing practice,,2025-07-06,13:35:54,Customer Care Call,Lancaster,Pennsylvania,17602,Solved,No,fraudulent billing practice
359952,Not receiving network speed as advertised,,2025-06-23,19:44:18,Customer Care Call,Lancaster,Pennsylvania,17603,Open,No,not receiving network speed as advertised
217488,Internet Speed/Service,,2025-03-04,23:45:34,Internet,Lansing,Michigan,48917,Closed,No,internet speedservice
254865,Comcast not honoring agreement,,2025-04-24,11:10:28,Customer Care Call,Lansing,Michigan,48910,Closed,No,comcast not honoring agreement
287152,Falsified unreturned equipment fees,,2025-05-13,10:12:47,Internet,Lansing,Michigan,48912,Solved,No,falsified unreturned equipment fees
360633,Slow comcast internet,,2025-06-24,00:29:01,Customer Care Call,Lansing,Michigan,48917,Solved,No,slow comcast internet
360805,Comcast not delivering advertised speed,,2025-06-24,03:40:52,Internet,Lansing,Michigan,48917,Open,No,comcast not delivering advertised speed
368658,Comcast Support,,2025-06-26,15:40:10,Internet,Lansing,Michigan,48911,Pending,No,comcast support
268345,Several issues,,2025-01-05,11:47:17,Internet,Lantana,Florida,33462,Closed,No,several issues
281869,Inappropriate billing,,2025-09-05,14:10:19,Customer Care Call,Lantana,Florida,33462,Closed,No,inappropriate billing
290320,comcast internet offer,,2025-05-14,15:43:29,Internet,Larkspur,California,94939,Solved,No,comcast internet offer
323021,Comcast Las Cruces New Mexico,,2025-04-06,11:50:46,Customer Care Call,Las Cruces,New Mexico,88011,Closed,No,comcast las cruces new mexico
371411,Unfair Billing Practices,,2025-06-29,00:41:11,Customer Care Call,Las Cruces,New Mexico,88011,Solved,No,unfair billing practices
270736,Comcast Stockholder Response,,2025-03-05,17:36:02,Customer Care Call,Las Vegas,Nevada,89104,Closed,No,comcast stockholder response
334003,Xfinity Cable & Internet repackage scam,,2025-10-06,21:50:41,Customer Care Call,Lauderhill,Florida,33313,Solved,No,xfinity cable internet repackage scam
312662,Constant loss of account,,2025-05-28,21:13:08,Customer Care Call,Laurel,Maryland,20708,Solved,Yes,constant loss of account
361873,Xfinity Slow Internet,,2025-06-24,13:16:18,Customer Care Call,Laurel,Maryland,20708,Solved,No,xfinity slow internet
375959,Comcast Poor Customer Service and Degraded Service,,2025-06-30,19:19:20,Internet,Laurel,Maryland,20708,Solved,No,comcast poor customer service and degraded service
262831,Data cap,,2025-04-28,19:53:37,Customer Care Call,Laurel,Mississippi,39440,Closed,No,data cap
328006,Comcast Internet,,2025-08-06,11:05:55,Customer Care Call,Laurel,Mississippi,39440,Solved,No,comcast internet
351933,Billing discrepancies and misrepresentation of package prices,,2025-06-19,13:40:08,Internet,Lawranceville,Georgia,30045,Solved,No,billing discrepancies and misrepresentation of package prices
228320,Comcast Cancellation,,2025-10-04,11:06:01,Internet,Lawrenceville,Georgia,30044,Closed,No,comcast cancellation
289071,Comcast Data Limit,,2025-05-14,00:16:01,Customer Care Call,Lawrenceville,Georgia,30045,Solved,No,comcast data limit
372425,Comcast Data Cap,,2025-06-29,14:15:07,Internet,Lawrenceville,Georgia,30045,Pending,No,comcast data cap
277366,lack of service and speed,,2025-06-05,21:42:42,Internet,League City,Texas,77573,Closed,No,lack of service and speed
370440,Comcast in violation of merger terms,,2025-06-27,19:18:54,Customer Care Call,League City,Texas,77539,Solved,No,comcast in violation of merger terms
360320,online adertised price was not honored over phone,,2025-06-23,22:16:01,Internet,Lebanon,New Hampshire,3766,Solved,No,online adertised price was not honored over phone
358703,"Comcast inflated and ""undetermined"", ever-increasing rates",,2025-06-23,14:39:13,Customer Care Call,Lebanon,New Jersey,8833,Open,No,comcast inflated and undetermined everincreasing rates
362928,Locals,,2025-06-24,17:24:09,Customer Care Call,Lebanon,Oregon,97355,Open,No,locals
260336,comcast fees and internet services,,2025-04-27,21:21:34,Customer Care Call,Lebanon,Pennsylvania,17046,Closed,No,comcast fees and internet services
233974,Blocking the viewing of websites,,2025-04-14,10:03:37,Customer Care Call,Lehigh Acres,Florida,33974,Closed,No,blocking the viewing of websites
299683,bait and switch,,2025-05-20,15:46:39,Internet,Lehigh Acres,Florida,33936,Open,No,bait and switch
360791,Unfair pricing,,2025-06-24,03:06:22,Internet,Lehigh Acres,Florida,33936,Open,Yes,unfair pricing
347557,unresponsive calls to customer service regarding wifi hotspots,,2025-06-17,22:06:54,Customer Care Call,Lemont,Illinois,60439,Open,No,unresponsive calls to customer service regarding wifi hotspots
222075,COMCAST BILLING,,2025-07-04,15:03:43,Customer Care Call,Levittown,Pennsylvania,19055,Closed,Yes,comcast billing
332408,Comcast promised credits by superviser,,2025-10-06,11:46:59,Internet,Levittown,Pennsylvania,19055,Open,No,comcast promised credits by superviser
327786,bait & switch,,2025-08-06,06:18:48,Internet,Lilburn,Georgia,30047,Closed,No,bait switch
362485,Data Caps,,2025-06-24,15:49:24,Internet,Lilburn,Georgia,30047,Pending,No,data caps
360828,Data caps,,2025-06-24,04:21:19,Internet,Lilburn,Georgia,30047,Pending,Yes,data caps
374157,Comcast data cap,,2025-06-30,10:32:56,Internet,Lilburn,Georgia,30047,Open,No,comcast data cap
218049,cheating customer,,2025-04-04,17:45:02,Internet,Lincolnwood,Illinois,60712,Closed,No,cheating customer
344415,Comcast Bundled Services,,2025-06-16,19:49:59,Customer Care Call,Lindenwold,New Jersey,8021,Open,Yes,comcast bundled services
341950,Xfinity unable to correct issue of losing connection,,2025-06-15,17:40:17,Internet,Linwood,New Jersey,8221,Open,No,xfinity unable to correct issue of losing connection
360235,Comcast,,2025-06-23,21:44:45,Internet,Lisle,Illinois,60532,Solved,No,comcast
368198,Monopolistic Billing Practices,,2025-06-26,13:34:44,Internet,Lisle,Illinois,60532,Solved,No,monopolistic billing practices
256913,300 GB monthly allowance,,2025-04-25,13:10:02,Customer Care Call,Lithia Springs,Georgia,30122,Closed,No,300 gb monthly allowance
360550,Comcast Data Cap,,2025-06-23,23:36:42,Internet,Lithia Springs,Georgia,30122,Pending,Yes,comcast data cap
221665,Internet down,,2025-07-04,13:17:58,Internet,Lithonia,Georgia,30058,Closed,No,internet down
263720,Comcast Data Threshold,,2025-04-29,11:30:36,Customer Care Call,Lithonia,Georgia,30058,Closed,No,comcast data threshold
312637,customer service,,2025-05-28,20:49:57,Internet,Lithonia,Georgia,30058,Pending,No,customer service
354540,customer service & price,,2025-06-21,10:39:53,Internet,Lithonia,Georgia,30058,Closed,No,customer service price
372723,Loss of Electronics/Poor Customer Service/Faulty Grounding,,2025-06-29,15:35:57,Customer Care Call,Lithonia,Georgia,30058,Closed,No,loss of electronicspoor customer servicefaulty grounding
274026,Ongoing Comcast internet outages.,,2025-05-05,14:42:31,Customer Care Call,Little Rock,Arkansas,72203,Closed,No,ongoing comcast internet outages
359868,unfair Internet prices,,2025-06-23,19:18:44,Customer Care Call,Little Rock,Arkansas,72223,Solved,No,unfair internet prices
362556,Comcast internet Dropping out,,2025-06-24,16:00:43,Internet,Little Rock,Arkansas,72223,Solved,No,comcast internet dropping out
361742,Comcast Problems,,2025-06-24,12:44:28,Customer Care Call,Little Rock,Arkansas,72205,Solved,No,comcast problems
338149,Overcharged for underperforming services,,2025-12-06,18:20:55,Customer Care Call,Littleton,Colorado,80123,Solved,No,overcharged for underperforming services
369960,I am being throttled by Comcast,,2025-06-27,13:14:37,Internet,Littleton,Colorado,80123,Solved,No,i am being throttled by comcast
231375,Comcast Unfair Billing Practices,,2025-12-04,18:07:28,Internet,Littleton,Massachusetts,1460,Closed,No,comcast unfair billing practices
213817,comcast billing shutting off service,,2025-02-04,11:23:54,Customer Care Call,Live Oak,California,95953,Open,No,comcast billing shutting off service
374291,comcastcomcas,,2025-06-30,11:19:50,Internet,Lndianapolis,Indiana,46228,Open,No,comcastcomcas
211472,comcast cable,,2025-01-04,10:43:20,Customer Care Call,Lockport,Illinois,60441,Closed,No,comcast cable
231374,Fraudulent Billing practices by Comcast,,2025-12-04,18:03:51,Customer Care Call,Locust Grove,Virginia,22508,Closed,No,fraudulent billing practices by comcast
344348,Services Interrupted,,2025-06-16,19:12:42,Customer Care Call,Locust Grove,Virginia,22508,Solved,No,services interrupted
352012,Internet contract issue,,2025-06-19,14:00:04,Internet,Lodi,California,95242,Solved,No,internet contract issue
366778,Comcast Billing,,2025-06-25,18:47:13,Internet,Logan,Utah,84321,Solved,Yes,comcast billing
291331,Xfinity: Bogus modem charges,,2025-05-15,09:56:08,Internet,Loganville,Georgia,30052,Solved,No,xfinity bogus modem charges
316040,n/a (b) (6),,2025-05-31,21:25:28,Internet,Loganville,Georgia,30052,Pending,No,na b 6
351393,Comcast,,2025-06-19,11:20:13,Customer Care Call,Loganville,Georgia,30052,Solved,No,comcast
361105,Poor Customer Service and Internet Availability,,2025-06-24,09:58:38,Internet,Loganville,Georgia,30052,Solved,No,poor customer service and internet availability
324702,Comcast Service,,2025-05-06,08:14:46,Customer Care Call,Lonaconing,Maryland,21539,Solved,No,comcast service
362024,internet service and phone service,,2025-06-24,13:54:04,Internet,Long Grove,Illinois,60047,Solved,No,internet service and phone service
361528,Xfinity,,2025-06-24,11:59:36,Customer Care Call,Longmont,Colorado,80504,Open,No,xfinity
352951,Internet Speeds and Billing Errors,,2025-06-19,18:41:29,Internet,Los Alamos,New Mexico,87544,Open,Yes,internet speeds and billing errors
272972,Comcast Billing Issue,,2025-04-05,23:57:58,Internet,Los Angeles,California,90034,Closed,No,comcast billing issue
367365,Internet Throttling & Unfair Billing Practices,,2025-06-26,04:21:20,Internet,Los Gatos,California,95032,Closed,No,internet throttling unfair billing practices
367949,Internet Throttling & Unfair Billing Practices,,2025-06-26,12:04:31,Internet,Los Gatos,California,95032,Solved,No,internet throttling unfair billing practices
375794,Comcast False Advertising,,2025-06-30,18:16:26,Internet,Los Gatos,California,95033,Open,No,comcast false advertising
370484,Speeds slower than advertised,,2025-06-27,20:08:01,Customer Care Call,Louisville,Colorado,80027,Solved,No,speeds slower than advertised
305856,Increase in Price of internet,,2025-05-25,13:36:39,Internet,Louisville,Tennessee,37777,Solved,Yes,increase in price of internet
362020,Comcast,,2025-06-24,13:53:15,Internet,Lowell,Massachusetts,1854,Solved,Yes,comcast
333846,Comcast internet,,2025-10-06,20:25:49,Internet,Lutherville,Maryland,21093,Open,No,comcast internet
340455,Slowness of Internet,,2025-06-15,09:07:16,Internet,Lynchburg,Virginia,24502,Solved,No,slowness of internet
339012,Video Throttling,,2025-06-13,13:12:13,Internet,Lynnfield,Massachusetts,1940,Solved,No,video throttling
349588,Comcast/xfinity,,2025-06-18,15:38:33,Customer Care Call,Lynnwood,Washington,98036,Solved,No,comcastxfinity
374749,Ridiculous and inconsistent billing,,2025-06-30,13:30:48,Internet,Lynnwood,Washington,98036,Solved,No,ridiculous and inconsistent billing
370293,Comcast over inflating Data Meter Usage,,2025-06-27,17:12:43,Customer Care Call,Mabelton,Georgia,30126,Closed,No,comcast over inflating data meter usage
227906,Comcast Billing Fraud,,2025-09-04,22:38:59,Internet,Mableton,Georgia,30126,Closed,No,comcast billing fraud
333248,Comcast - Incorrect Billing Issues - Has Happened on Multiple Occasions with my Account,,2025-10-06,16:27:06,Internet,Mableton,Georgia,30126,Solved,No,comcast incorrect billing issues has happened on multiple occasions with my account
371924,Repeated issues with Comcast billing and customer service,,2025-06-29,11:53:31,Internet,Macomb,Illinois,61455,Solved,No,repeated issues with comcast billing and customer service
300802,Comcast Data cap,,2025-05-21,09:05:26,Customer Care Call,Madison,Alabama,35756,Open,No,comcast data cap
361078,Unfair pricing practices,,2025-06-24,09:50:19,Internet,Madison,Alabama,35758,Solved,Yes,unfair pricing practices
300500,Comcast Customer Service,,2025-05-20,20:49:38,Internet,Madison,Connecticut,6443,Solved,No,comcast customer service
340564,Comcast Business Internet -- Not Providing Service to New Location & Will Not Terminate Contract Despite Multiple Attempts,,2025-06-15,10:16:23,Internet,Madison,Mississippi,39110,Solved,No,comcast business internet not providing service to new location will not terminate contract despite multiple attempts
324188,Data Caps Discourage Commerce,,2025-04-06,18:55:59,Customer Care Call,Madison,Tennessee,37115,Solved,No,data caps discourage commerce
359823,Comcast Internet Is Atrocious,,2025-06-23,19:07:16,Internet,Magalia,California,95954,Pending,No,comcast internet is atrocious
365166,Comcast,,2025-06-25,13:51:26,Customer Care Call,Manahawkin,New Jersey,8059,Solved,No,comcast
371299,Internet speed,,2025-06-28,21:09:54,Customer Care Call,Manahawkin,New Jersey,8050,Open,No,internet speed
270663,Comcast cancellation issue,,2025-03-05,15:41:03,Customer Care Call,Manassas,Virginia,20110,Solved,No,comcast cancellation issue
244436,internet availability,,2025-04-20,11:43:14,Customer Care Call,Manchester,New Hampshire,3102,Closed,No,internet availability
302448,Comcast is giving me the ring around and charged me $130,,2025-05-21,19:36:45,Internet,Manchester,New Hampshire,3101,Solved,No,comcast is giving me the ring around and charged me 130
361007,comcast over charges,,2025-06-24,09:27:57,Internet,Manchester,New Jersey,8759,Solved,Yes,comcast over charges
234680,Comcast Internet Billing Problems/Disrespectful Customer Service Agents,,2025-04-14,13:24:46,Internet,Manchester,Pennsylvania,17345,Closed,No,comcast internet billing problemsdisrespectful customer service agents
363966,Bill Flucuation,,2025-06-25,09:15:11,Customer Care Call,Manvel,Texas,77578,Solved,No,bill flucuation
259629,Comcast internet-Price keeps changing,,2025-04-27,16:40:09,Internet,Mapleton,Utah,84664,Closed,No,comcast internetprice keeps changing
221175,Comcast Continuous Modem Rental Charges,,2025-07-04,10:55:32,Customer Care Call,Margate,Florida,33063,Closed,No,comcast continuous modem rental charges
360185,Comcast Throttling Internet,,2025-06-23,21:26:30,Internet,Margate,New Jersey,8402,Open,Yes,comcast throttling internet
220948,Customer Service and Billing Complaint,,2025-07-04,07:42:23,Internet,Marietta,Georgia,30068,Closed,No,customer service and billing complaint
264114,300GB/month data cap 'trial' for several years now,,2025-04-29,13:26:32,Customer Care Call,Marietta,Georgia,30062,Closed,No,300gbmonth data cap trial for several years now
286994,Comcast data usage cap,,2025-05-13,02:54:18,Internet,Marietta,Georgia,30068,Open,No,comcast data usage cap
292968,Comcast Data Caps,,2025-05-16,00:19:09,Customer Care Call,Marietta,Georgia,30067,Solved,No,comcast data caps
293411,"Comcast and their ""data limit""",,2025-05-16,14:57:30,Internet,Marietta,Georgia,30066,Solved,Yes,comcast and their data limit
295614,Comcast refuses to honor a plan that one of their sales reps offered,,2025-05-18,17:11:06,Internet,Marietta,Georgia,30066,Solved,No,comcast refuses to honor a plan that one of their sales reps offered
316247,Comcast,,2025-01-06,09:39:09,Internet,Marietta,Georgia,30066,Closed,No,comcast
326514,Data Cap imposed without notice,,2025-06-06,06:08:52,Internet,Marietta,Georgia,30066,Solved,No,data cap imposed without notice
329684,Comcast charging over $600 for data,,2025-08-06,22:53:54,Customer Care Call,Marietta,Georgia,30067,Closed,No,comcast charging over 600 for data
354546,Comcast/Xfinity,,2025-06-21,10:51:49,Customer Care Call,Marietta,Georgia,30067,Solved,No,comcastxfinity
358050,Comcast Business Internet,,2025-06-23,12:17:42,Internet,Marietta,Georgia,30062,Solved,No,comcast business internet
362909,Comcast 300GB data cap,,2025-06-24,17:19:51,Customer Care Call,Marietta,Georgia,30066,Solved,No,comcast 300gb data cap
366944,Comcast Charges,,2025-06-25,19:56:22,Internet,Marietta,Georgia,30062,Solved,No,comcast charges
367546,Overcharged Internet Billing,,2025-06-26,09:47:15,Internet,Marietta,Georgia,30068,Open,No,overcharged internet billing
368500,Comcast 300Gb Data Cap,,2025-06-26,14:57:56,Internet,Marietta,Georgia,30066,Solved,No,comcast 300gb data cap
371385,Comcast - Billing Practices,,2025-06-28,23:14:57,Customer Care Call,Marietta,Georgia,30064,Open,No,comcast billing practices
318574,Comcast Billing and Service Issues,,2025-02-06,12:07:56,Customer Care Call,Markham,Illinois,60428,Open,No,comcast billing and service issues
359592,Intermittent poor service,,2025-06-23,17:52:17,Internet,Marlborough,Connecticut,6447,Open,No,intermittent poor service
281940,Inconsistent and poor internet performance,,2025-09-05,14:51:48,Customer Care Call,Marlton,New Jersey,5053,Closed,No,inconsistent and poor internet performance
367321,Internet performance (latency/bandwidth) substantially below what I'm paying for for weeks,,2025-06-26,01:45:58,Internet,Martinez,California,94553,Open,No,internet performance latencybandwidth substantially below what im paying for for weeks
224222,Comcast endless problems,,2025-08-04,14:07:47,Internet,Martinez,Georgia,30907,Closed,No,comcast endless problems
218696,Internet connection delibrately slowed down,,2025-05-04,22:06:33,Internet,Martinez,Georgia,30907,Closed,No,internet connection delibrately slowed down
249355,Comcast - Customer Service/Technical Service Inferiority,,2025-04-22,01:38:59,Customer Care Call,Martinsburg,West Virginia,25403,Closed,No,comcast customer servicetechnical service inferiority
337071,Comcast cable outage,,2025-12-06,13:40:52,Customer Care Call,Martinsburg,West Virginia,25405,Solved,No,comcast cable outage
236299,service not disconnected as requested. overcharged and overpaid as a result.,,2025-04-15,07:58:43,Customer Care Call,Maryland Heights,Missouri,10701,Closed,No,service not disconnected as requested overcharged and overpaid as a result
340647,comcast service,,2025-06-15,11:00:19,Customer Care Call,Marysville,California,95901,Solved,No,comcast service
372859,INFINITY / COMCAST,,2025-06-29,16:10:08,Customer Care Call,Marysville,Washington,98271,Solved,No,infinity comcast
291044,Datacaps,,2025-05-14,20:42:22,Customer Care Call,Maynardville,Tennessee,37807,Open,No,datacaps
246635,Comcast Internet Speeds,,2025-04-21,11:02:40,Customer Care Call,Maywood,New Jersey,7607,Closed,Yes,comcast internet speeds
306219,Comcast - internet service complaint,,2025-05-25,21:20:40,Internet,Mccordsville,Indiana,46055,Open,No,comcast internet service complaint
328801,NO Comcast-- Uverse,,2025-08-06,15:41:26,Internet,Mcdonough,Georgia,30253,Closed,No,no comcast uverse
211775,Horrible Service,,2025-01-04,12:28:58,Customer Care Call,Mckeesport,Pennsylvania,15132,Closed,No,horrible service
316927,Comcast- Internet,,2025-01-06,14:21:30,Customer Care Call,Mckeesport,Pennsylvania,15132,Closed,No,comcast internet
335859,internet,,2025-11-06,19:47:29,Internet,Mechanicsburg,Pennsylvania,17050,Solved,Yes,internet
337869,Wasted Time and money!,,2025-12-06,16:50:15,Customer Care Call,Medley,Florida,33178,Solved,No,wasted time and money
334514,billing issues,,2025-11-06,11:40:59,Internet,Melvindale,Michigan,48122,Solved,No,billing issues
215077,Forced to pay for Home Security Services that are inactive bundled with my internet services,,2025-02-04,17:46:46,Customer Care Call,Memphis,Tennessee,38111,Closed,No,forced to pay for home security services that are inactive bundled with my internet services
243364,Comcast data caps,,2025-04-18,20:55:05,Internet,Memphis,Tennessee,38119,Closed,Yes,comcast data caps
252934,Comcast,,2025-04-23,15:33:57,Customer Care Call,Memphis,Tennessee,38104,Closed,No,comcast
265590,Comcast data cap limit,,2025-04-29,22:49:16,Internet,Memphis,Tennessee,38104,Closed,No,comcast data cap limit
270239,invalid sercice,,2025-02-05,17:56:40,Customer Care Call,Memphis,Tennessee,38111,Solved,No,invalid sercice
270240,invalid sercice,,2025-02-05,17:56:41,Customer Care Call,Memphis,Tennessee,38111,Closed,No,invalid sercice
304454,Comcast data caps,,2025-05-23,00:23:38,Customer Care Call,Memphis,Tennessee,38111,Open,No,comcast data caps
325445,Stop the data caps of Comcast,,2025-05-06,14:06:03,Customer Care Call,Memphis,Tennessee,38111,Closed,No,stop the data caps of comcast
333786,Lack of communication and poor customer service,,2025-10-06,19:55:27,Internet,Memphis,Tennessee,38115,Open,No,lack of communication and poor customer service
353177,Comcast Data Cap,,2025-06-19,21:06:34,Internet,Memphis,Tennessee,38016,Solved,No,comcast data cap
363094,Comcast Overpricing,,2025-06-24,18:23:10,Customer Care Call,Memphis,Tennessee,38105,Open,No,comcast overpricing
361037,Comcast Rates,,2025-06-24,09:42:09,Customer Care Call,Memphis,Tennessee,38117,Solved,No,comcast rates
375276,Comcast Data Cap,,2025-06-30,15:54:17,Internet,Memphis,Tennessee,38115,Pending,No,comcast data cap
214998,Comcast refuse to honor agreed upon price / promotion,,2025-02-04,17:08:11,Internet,Menlo Park,California,94025,Closed,No,comcast refuse to honor agreed upon price promotion
358746,Comcast slowing down,,2025-06-23,14:47:27,Customer Care Call,Menlo Park,California,94025,Solved,No,comcast slowing down
365162,Unfair billing practices,,2025-06-25,13:50:03,Internet,Meriden,New Hampshire,3770,Solved,No,unfair billing practices
372223,Poor Customer Service with Comcast,,2025-06-29,13:14:58,Customer Care Call,Meridian,Mississippi,39307,Open,No,poor customer service with comcast
357976,Comcast has turned my business account to third-party collections when I legitimately canceled my contract per the terms,,2025-06-23,12:03:16,Customer Care Call,Metairie,Louisiana,70003,Solved,No,comcast has turned my business account to thirdparty collections when i legitimately canceled my contract per the terms
351053,"Comcast still billing, after account is closed and paid",,2025-06-19,08:53:04,Internet,Mexico,New York,13114,Solved,No,comcast still billing after account is closed and paid
230370,comcast deceving upgrade without request,,2025-11-04,11:29:04,Customer Care Call,Miami,Florida,33177,Closed,Yes,comcast deceving upgrade without request
239218,Comcast service issues.,,2025-04-16,13:06:07,Customer Care Call,Miami,Florida,33111,Closed,No,comcast service issues
240653,"comcast internet, telephone, TV service",,2025-04-16,22:13:04,Customer Care Call,Miami,Florida,33133,Closed,No,comcast internet telephone tv service
215922,Not receiving internet and harrassing phone calls,,2025-03-04,10:35:40,Customer Care Call,Miami,Florida,33132,Closed,No,not receiving internet and harrassing phone calls
263934,Internet service,,2025-04-29,12:30:58,Internet,Miami,Florida,33172,Closed,No,internet service
265456,comcast complaint,,2025-04-29,21:07:55,Internet,Miami,Florida,33147,Closed,No,comcast complaint
279363,Comcast is terrible,,2025-07-05,20:59:18,Internet,Miami,Florida,33186,Solved,No,comcast is terrible
282265,Comcast Internet Poor Service,,2025-09-05,23:04:43,Customer Care Call,Miami,Florida,33176,Open,No,comcast internet poor service
282025,Charged for Cable Modem Rental that I have owned for 8 years,,2025-09-05,16:03:56,Internet,Miami,Florida,33157,Open,No,charged for cable modem rental that i have owned for 8 years
291461,Monthly charge for a Modem,,2025-05-15,11:11:38,Customer Care Call,Miami,Florida,33169,Solved,No,monthly charge for a modem
293037,Comcast service,,2025-05-16,07:46:28,Customer Care Call,Miami,Florida,33177,Closed,No,comcast service
293038,Comcast service,,2025-05-16,07:46:32,Customer Care Call,Miami,Florida,33177,Closed,No,comcast service
301242,COMCAST,,2025-05-21,13:07:43,Internet,Miami,Florida,33128,Solved,No,comcast
320355,exaggerated bill and Lack of responsibilities in keep appointments! Disrespect for Consumers,,2025-03-06,09:31:06,Internet,Miami,Florida,33157,Solved,No,exaggerated bill and lack of responsibilities in keep appointments disrespect for consumers
320369,exaggerated bill and Lack of responsibilities in keep appointments! Disrespect for Consumers,,2025-03-06,09:36:34,Internet,Miami,Florida,33157,Open,No,exaggerated bill and lack of responsibilities in keep appointments disrespect for consumers
340521,Failure to connect service,,2025-06-15,09:51:39,Internet,Miami,Florida,33133,Solved,No,failure to connect service
352345,COMCAST WILL NOT CANCEL MY ACCOUNT,,2025-06-19,15:42:43,Customer Care Call,Miami,Florida,33150,Solved,No,comcast will not cancel my account
356421,Problems with Comcast xfinity Internet service,,2025-06-22,16:17:32,Internet,Miami,Florida,33145,Solved,No,problems with comcast xfinity internet service
363477,"Paying for 50 Mbps from Comcast, only receiving 0.37 Mbps",,2025-06-24,21:21:29,Customer Care Call,Miami,Florida,33131,Open,No,paying for 50 mbps from comcast only receiving 037 mbps
365368,Comcast internet billing,,2025-06-25,14:12:52,Internet,Miami,Florida,33157,Open,Yes,comcast internet billing
367258,Comcast Internet being slow,,2025-06-25,23:06:47,Internet,Miami,Florida,33194,Pending,No,comcast internet being slow
369434,Comcast New SignUp billing bait-and-switch,,2025-06-26,21:54:59,Internet,Miami,Florida,33125,Pending,No,comcast new signup billing baitandswitch
365082,Billing,,2025-06-25,13:26:23,Internet,Miami Gardens,Florida,33056,Solved,No,billing
355079,Lack of internet speed,,2025-06-22,08:28:43,Customer Care Call,Middleboro,Massachusetts,2346,Closed,No,lack of internet speed
262747,Comcast Poor Customer Services and Commitment,,2025-04-28,19:15:01,Internet,Middleburg,Florida,32068,Closed,No,comcast poor customer services and commitment
223841,new fcc internet rules slowing down system,,2025-08-04,12:24:52,Internet,Middletown,Connecticut,6457,Closed,No,new fcc internet rules slowing down system
359483,Unfair pricing,,2025-06-23,17:24:45,Customer Care Call,Middletown,Maryland,21769,Solved,Yes,unfair pricing
268773,Poor service from Comcast Xfinity,,2025-01-05,14:01:54,Internet,Milford,Delaware,19963,Open,No,poor service from comcast xfinity
360989,Internet and Cable Billing,,2025-06-24,09:13:25,Internet,Milford,Delaware,19963,Solved,No,internet and cable billing
238264,Comcast,,2025-04-15,21:08:43,Customer Care Call,Milford,Michigan,48380,Closed,No,comcast
277544,Comcast charging me for items I do not want/asked for,,2025-07-05,04:04:35,Customer Care Call,Mill Creek,Washington,98012,Solved,No,comcast charging me for items i do not wantasked for
359345,Internet throttling,,2025-06-23,16:49:35,Internet,Mill Creek,Washington,98012,Solved,No,internet throttling
221961,Comcast - new service (ridiculously inept + not close to the speed told) added and incorrect charges on the first bill - hoping I would not notice,,2025-07-04,14:39:40,Customer Care Call,Mill Valley,California,94941,Closed,No,comcast new service ridiculously inept not close to the speed told added and incorrect charges on the first bill hoping i would not notice
335917,"Second Complaint ""Comcast not honoring Marketing Materials""",,2025-11-06,20:14:04,Customer Care Call,Mill Valley,California,94941,Closed,No,second complaint comcast not honoring marketing materials
353068,"Comcast committing ""Bait and Switch Fraud""",,2025-06-19,19:38:35,Customer Care Call,Mill Valley,California,94941,Solved,No,comcast committing bait and switch fraud
333619,Worst customer service with no resolution,,2025-10-06,18:32:17,Customer Care Call,Milpitas,California,95035,Solved,No,worst customer service with no resolution
362974,Comcast,,2025-06-24,17:38:10,Customer Care Call,Milpitas,California,95035,Open,No,comcast
362991,Comcast billing issues,,2025-06-24,17:44:30,Customer Care Call,Milpitas,California,95035,Closed,No,comcast billing issues
361800,Paying for high speed internet and receiving low speeds,,2025-06-24,12:57:08,Internet,Milton,Delaware,19968,Open,Yes,paying for high speed internet and receiving low speeds
325690,Unwilling to provide a refund for charging rent on a modem,,2025-05-06,15:18:48,Customer Care Call,Milton,Vermont,5468,Solved,No,unwilling to provide a refund for charging rent on a modem
282824,Internet connectivity issues,,2025-11-05,01:33:11,Customer Care Call,Milwaukie,Oregon,97222,Solved,No,internet connectivity issues
358736,Comcast has raised my bill twice without warning,,2025-06-23,14:45:47,Customer Care Call,Minneapolis,Minnesota,55419,Solved,No,comcast has raised my bill twice without warning
366782,"Comcast charges me for 25m connection, Get 5 down/11 up",,2025-06-25,18:47:54,Internet,Minneapolis,Minnesota,55404,Solved,No,comcast charges me for 25m connection get 5 down11 up
248414,Comcast Business not honoring signed contract,,2025-04-21,15:54:00,Customer Care Call,Minnetonka,Minnesota,55435,Closed,No,comcast business not honoring signed contract
271592,Transfer of services,,2025-04-05,13:18:44,Internet,Miramar,Florida,33025,Solved,No,transfer of services
338831,COMCAST NIGHTMARE,,2025-06-13,10:53:23,Internet,Miramar,Florida,33027,Solved,No,comcast nightmare
353876,CHARGED ERRONEOUS FEE ON BILL,,2025-06-20,14:19:44,Customer Care Call,Miramar,Florida,33027,Solved,No,charged erroneous fee on bill
251622,i need help pleas,,2025-04-23,05:10:45,Customer Care Call,Mobile,Alabama,36609,Closed,No,i need help pleas
336981,Discriminatory tiered pricing and traffic limitations by Comcast.,,2025-12-06,13:17:37,Internet,Mobile,Alabama,36608,Closed,Yes,discriminatory tiered pricing and traffic limitations by comcast
362644,Comcast thieves,,2025-06-24,16:17:31,Internet,Modesto,California,95350,Open,No,comcast thieves
366339,Low internet quality,,2025-06-25,16:45:36,Customer Care Call,Modesto,California,95355,Open,No,low internet quality
233894,False Advertisement,,2025-04-14,09:23:42,Internet,Mokelumne Hill,California,95245,Closed,No,false advertisement
283148,Comcast Targeted Blocking of Content,,2025-11-05,11:12:44,Internet,Mokena,Illinois,60448,Solved,No,comcast targeted blocking of content
354707,Slow Internet / Monopoly Area,,2025-06-21,15:20:59,Customer Care Call,Monmouth Junction,New Jersey,8852,Solved,No,slow internet monopoly area
248868,Data cap,,2025-04-21,18:48:01,Internet,Monroe,Georgia,30655,Closed,No,data cap
241769,Data Cap 300gb,,2025-04-17,15:05:38,Customer Care Call,Monroe,Louisiana,71201,Closed,No,data cap 300gb
361187,Comcast Usage Limit,,2025-06-24,10:26:50,Internet,Monroe,Louisiana,71201,Solved,No,comcast usage limit
367035,Comcast Billing for Late Payment/Disconnect due to their error,,2025-06-25,20:40:40,Internet,Monroe,Louisiana,71203,Solved,No,comcast billing for late paymentdisconnect due to their error
365393,Internet Service Down,,2025-06-25,14:17:07,Customer Care Call,Monroe,New Jersey,8831,Solved,No,internet service down
326658,spam,,2025-06-06,11:26:31,Customer Care Call,Montclair,New Jersey,7043,Solved,No,spam
318059,Failure to resolve Internet outages,,2025-01-06,23:37:10,Internet,Monterey,California,93940,Closed,No,failure to resolve internet outages
293497,Comcast internet service that I was NEVER able to use,,2025-05-16,16:13:08,Internet,Montgomery,Illinois,60538,Solved,No,comcast internet service that i was never able to use
334592,Comcast Account Issues/Customer Service Complaints,,2025-11-06,12:17:26,Internet,Montgomery,Illinois,60538,Solved,No,comcast account issuescustomer service complaints
219305,comcast internet,,2025-06-04,12:24:25,Customer Care Call,Montverde,Florida,34756,Closed,No,comcast internet
329291,ads for website,,2025-08-06,18:42:26,Customer Care Call,Monument,Colorado,80132,Closed,No,ads for website
359082,"Comcast is awful, lies, and is corrupt",,2025-06-23,15:52:08,Customer Care Call,Morgantown,West Virginia,26508,Open,No,comcast is awful lies and is corrupt
361310,Internet Freezing,,2025-06-24,10:54:16,Customer Care Call,Morgantown,West Virginia,26508,Solved,No,internet freezing
292335,Unannouced service outage not caused by weather,,2025-05-15,16:04:09,Customer Care Call,Morrisville,Pennsylvania,19067,Solved,No,unannouced service outage not caused by weather
370929,COMCAST DATA CAP IS BULLCRAP,,2025-06-28,13:37:22,Customer Care Call,Morrow,Georgia,30260,Pending,No,comcast data cap is bullcrap
244444,Receiving bill for account that was supposed to be cancelled,,2025-04-20,11:46:41,Internet,Morton Grove,Illinois,60053,Closed,Yes,receiving bill for account that was supposed to be cancelled
367029,Comcast,,2025-06-25,20:37:47,Internet,Mounds View,Minnesota,55112,Solved,No,comcast
222424,Comcast refusing to run lines,,2025-07-04,16:57:45,Internet,Mount Airy,Maryland,21771,Closed,No,comcast refusing to run lines
225582,Comcast unreliable speed/ service,,2025-08-04,23:36:27,Customer Care Call,Mount Joy,Pennsylvania,17552,Closed,No,comcast unreliable speed service
289584,Internet service,,2025-05-14,11:52:27,Customer Care Call,Mount Juliet,Tennessee,37122,Solved,No,internet service
298788,Internet service,,2025-05-20,11:23:14,Customer Care Call,Mount Juliet,Tennessee,37122,Closed,No,internet service
298793,Internet service,,2025-05-20,11:24:39,Internet,Mount Juliet,Tennessee,37122,Solved,No,internet service
360730,Comcast slow speeds and lying about prices,,2025-06-24,01:39:44,Customer Care Call,Mount Juliet,Tennessee,37122,Solved,No,comcast slow speeds and lying about prices
245317,Billing Issues,,2025-04-20,16:19:26,Internet,Mount Laurel,New Jersey,8054,Closed,No,billing issues
367099,Unfair Comcast billing practices,,2025-06-25,21:11:31,Internet,Mount Laurel,New Jersey,8054,Open,No,unfair comcast billing practices
270193,Comcast charging me monthly fees for equipment rental when I own the equipment,,2025-02-05,16:36:59,Internet,Mount Pleasant,South Carolina,29464,Closed,No,comcast charging me monthly fees for equipment rental when i own the equipment
300720,"Comcast refuses to credit erroneous overcharges due to deceptive ""promotional"" rates",,2025-05-21,00:40:22,Internet,Mount Pleasant,South Carolina,29464,Solved,No,comcast refuses to credit erroneous overcharges due to deceptive promotional rates
358657,Comcast Data Cap,,2025-06-23,14:28:54,Customer Care Call,Mount Pleasant,South Carolina,29466,Solved,No,comcast data cap
311889,"Comcast installation date of June 22, 2015",,2025-05-28,15:39:29,Customer Care Call,Mount Prospect,Illinois,60056,Solved,No,comcast installation date of june 22 2015
219795,Comcast refusing to provide continued service promised/advertised in writing,,2025-06-04,15:09:20,Customer Care Call,Mountain View,California,94040,Closed,No,comcast refusing to provide continued service promisedadvertised in writing
257803,Required $100 deposit to open an account,,2025-04-26,16:01:50,Customer Care Call,Mountain View,California,94040,Closed,No,required 100 deposit to open an account
265613,comcast,,2025-04-29,23:06:07,Customer Care Call,Mt. Airy,Maryland,21771,Closed,No,comcast
336745,Cap on Comcast Data,,2025-12-06,12:05:36,Customer Care Call,Mt. Juliet,Tennessee,37122,Solved,No,cap on comcast data
260732,Comcast Internet down since 4/25 with no resolve,,2025-04-28,09:35:22,Customer Care Call,Mt. Pleasant,South Carolina,29464,Closed,No,comcast internet down since 425 with no resolve
240017,FALSE CHARGES & REFUSAL TO CREDIT,,2025-04-16,16:53:02,Customer Care Call,Mt. Plymouth,Florida,32776,Closed,No,false charges refusal to credit
312724,Commercials burning data,,2025-05-28,22:19:27,Internet,Murfreesboro,Tennessee,37128,Pending,No,commercials burning data
315373,Comcast,,2025-05-30,18:59:10,Customer Care Call,Murfreesboro,Tennessee,37129,Pending,No,comcast
318304,Comcast Internet Complaint,,2025-02-06,10:07:23,Customer Care Call,Murfreesboro,Tennessee,37129,Closed,No,comcast internet complaint
326309,Over charging for Internet,,2025-05-06,20:19:51,Customer Care Call,Murfreesboro,Tennessee,37128,Closed,No,over charging for internet
354336,Comcast Data Policy and Lies,,2025-06-20,21:31:57,Customer Care Call,Murfreesboro,Tennessee,37128,Solved,No,comcast data policy and lies
357373,Comcast/Xfinity customer service and billing,,2025-06-23,00:03:31,Internet,Murfreesboro,Tennessee,37130,Solved,No,comcastxfinity customer service and billing
373211,Comcast Data Cap,,2025-06-29,17:43:17,Internet,Murfreesboro,Tennessee,37127,Open,No,comcast data cap
360476,Throttling bandwidth.,,2025-06-23,23:07:54,Customer Care Call,Murfressboro,Tennessee,37129,Solved,Yes,throttling bandwidth
330284,Comcast billing,,2025-09-06,12:44:05,Internet,Murphys,California,95247,Solved,No,comcast billing
315456,Comcast service,,2025-05-30,21:21:41,Internet,Murray,Utah,84123,Open,No,comcast service
299334,Comcast Data Overage Charges,,2025-05-20,14:27:55,Internet,Muscle Shoals,Alabama,35661,Open,No,comcast data overage charges
244072,Dishonest Billing Practices,,2025-04-20,04:28:08,Customer Care Call,Muskegon,Michigan,49441,Closed,No,dishonest billing practices
260444,Dishonest Billing Practices and Lying,,2025-04-27,22:30:16,Customer Care Call,Muskegon,Michigan,49441,Closed,No,dishonest billing practices and lying
338510,Comcast,,2025-12-06,21:51:40,Internet,Muskegon,Michigan,49445,Solved,No,comcast
364033,comcast lowering internet speeds on constant basis,,2025-06-25,09:54:52,Customer Care Call,Muskegon,Michigan,49442,Solved,No,comcast lowering internet speeds on constant basis
352201,Comcast lies to the customer just to get them off the phone,,2025-06-19,15:02:43,Internet,My. Juliet,Tennessee,37122,Solved,No,comcast lies to the customer just to get them off the phone
363200,Internet,,2025-06-24,18:57:24,Customer Care Call,Nanticoke,Pennsylvania,18634,Solved,No,internet
253407,No package/pricing information from Comcast for San Francisco,,2025-04-23,17:06:38,Internet,Napa,California,94558,Closed,Yes,no packagepricing information from comcast for san francisco
218000,Fraudulent charges and poor or no service,,2025-04-04,16:23:33,Internet,Naperville,Illinois,60540,Closed,No,fraudulent charges and poor or no service
342174,Speed for internet nowhere close to claims,,2025-06-15,19:21:52,Internet,Naperville,Illinois,60564,Solved,No,speed for internet nowhere close to claims
224670,Comcast took my account info,,2025-08-04,16:02:43,Internet,Naples,Florida,34102,Closed,No,comcast took my account info
227819,"Over Billing, No reason code for excess billing, fraud - IMO",,2025-09-04,21:31:47,Internet,Naples,Florida,34113,Closed,No,over billing no reason code for excess billing fraud imo
234527,Unreliable Internet Service,,2025-04-14,12:48:34,Internet,Naples,Florida,34119,Closed,No,unreliable internet service
223053,Comcast caught in 3 lies,,2025-07-04,22:13:21,Internet,Naples,Florida,34113,Closed,No,comcast caught in 3 lies
257986,no bill,,2025-04-26,20:04:51,Customer Care Call,Naples,Florida,34119,Closed,No,no bill
309173,BAIT and SWITCH Product Offerings for Internet BLAST Service,,2025-05-27,12:45:20,Customer Care Call,Naples,Florida,34104,Solved,No,bait and switch product offerings for internet blast service
324913,Comcast Charges Modem Rental But Modem was Returned 3 Years Ago,,2025-05-06,10:51:32,Internet,Naples,Florida,34102,Solved,No,comcast charges modem rental but modem was returned 3 years ago
334798,Comcast internet,,2025-11-06,13:17:55,Internet,Naples,Florida,34117,Solved,No,comcast internet
349460,Comcast Bundle Availability Complaint,,2025-06-18,15:23:27,Customer Care Call,Naples,Florida,34113,Open,Yes,comcast bundle availability complaint
217806,comcast connection issues,,2025-04-04,13:43:01,Internet,Nashville,Tennessee,37221,Closed,No,comcast connection issues
224049,Unauthorized change in charges,,2025-08-04,13:22:50,Internet,Nashville,Tennessee,37220,Closed,No,unauthorized change in charges
237368,availabilty,,2025-04-15,14:54:59,Internet,Nashville,Tennessee,37210,Closed,No,availabilty
243615,data allowance,,2025-04-19,12:55:40,Customer Care Call,Nashville,Tennessee,37211,Closed,No,data allowance
273991,Comcast Billing Issues,,2025-05-05,14:29:17,Customer Care Call,Nashville,Tennessee,37212,Closed,No,comcast billing issues
293999,Comcast Data Usage - Deceptive Practice,,2025-05-17,13:44:47,Customer Care Call,Nashville,Tennessee,37208,Solved,No,comcast data usage deceptive practice
294329,Comcast's Data Cap,,2025-05-18,07:54:39,Internet,Nashville,Tennessee,37221,Pending,No,comcasts data cap
306848,"Comcast is limiting my access to data by using ""Data Caps""",,2025-05-26,11:36:57,Internet,Nashville,Tennessee,37209,Solved,No,comcast is limiting my access to data by using data caps
325552,Comcast attempting to circumvent net Neutrality policies,,2025-05-06,14:33:12,Customer Care Call,Nashville,Tennessee,37204,Solved,Yes,comcast attempting to circumvent net neutrality policies
337027,Comcast data cap,,2025-12-06,13:31:47,Customer Care Call,Nashville,Tennessee,37214,Solved,No,comcast data cap
341949,Comcast Downgraded service with no notification,,2025-06-15,17:38:24,Customer Care Call,Nashville,Tennessee,37207,Closed,No,comcast downgraded service with no notification
345677,Comcast Internet,,2025-06-17,13:30:10,Customer Care Call,Nashville,Tennessee,37212,Open,No,comcast internet
347734,Comcast data caps in currently uncompetitive Nashville market,,2025-06-18,00:31:29,Customer Care Call,Nashville,Tennessee,37211,Open,No,comcast data caps in currently uncompetitive nashville market
355447,Comcast- not responsive to multiple requests for service,,2025-06-22,11:41:30,Customer Care Call,Nashville,Tennessee,37221,Solved,No,comcast not responsive to multiple requests for service
360239,Comcast is stealing from me,,2025-06-23,21:45:51,Customer Care Call,Nashville,Tennessee,37211,Solved,No,comcast is stealing from me
358345,Comcast horrible service,,2025-06-23,13:30:08,Internet,Nashville,Tennessee,37207,Solved,No,comcast horrible service
363629,Intermittent drops of service,,2025-06-24,22:37:51,Customer Care Call,Nashville,Tennessee,37207,Open,No,intermittent drops of service
360837,Overage charges,,2025-06-24,04:31:16,Internet,Nashville,Tennessee,37206,Solved,No,overage charges
362276,Comcast refund,,2025-06-24,14:59:08,Internet,Nashville,Tennessee,37211,Solved,No,comcast refund
362982,Comcast Speeds Not as Advertised,,2025-06-24,17:41:59,Customer Care Call,Nashville,Tennessee,37203,Open,No,comcast speeds not as advertised
368055,comcast data cap,,2025-06-26,12:41:14,Customer Care Call,Nashville,Tennessee,37209,Pending,No,comcast data cap
376303,Comcast Internet,,2025-06-30,23:08:15,Customer Care Call,Nashville,Tennessee,37217,Open,No,comcast internet
293734,Lost Internet Service,,2025-05-16,21:46:00,Internet,Naugatuck,Connecticut,6770,Open,No,lost internet service
245435,Low wifi,,2025-04-20,16:55:42,Internet,New Bedford,Massachusetts,2745,Closed,No,low wifi
289153,Issue with Internet speed,,2025-05-14,07:12:34,Customer Care Call,New Bedford,Massachusetts,2745,Solved,No,issue with internet speed
337555,Comcast Internet Complaint,,2025-12-06,16:13:39,Customer Care Call,New Bedford,Massachusetts,2741,Open,Yes,comcast internet complaint
257189,internet problems,,2025-04-25,17:30:54,Internet,New Buffalo,Michigan,49117,Closed,No,internet problems
256792,Comcast service problems for months; charging without fixng the issue,,2025-04-25,11:34:25,Internet,New Haven,Connecticut,6512,Closed,No,comcast service problems for months charging without fixng the issue
352910,Horrible customer service; could not help me - lied to by supervisor,,2025-06-19,18:22:46,Customer Care Call,New Haven,Connecticut,6511,Solved,No,horrible customer service could not help me lied to by supervisor
352186,Comcast false advertising,,2025-06-19,14:59:01,Internet,New Hudson,Michigan,48165,Solved,No,comcast false advertising
260134,Comcast Business internet,,2025-04-27,19:34:07,Customer Care Call,New Palestine,Indiana,46163,Closed,No,comcast business internet
212228,Comcast Lied About Pricing And Installation,,2025-01-04,14:29:41,Customer Care Call,Newark,California,94560,Closed,No,comcast lied about pricing and installation
358644,Comcast- Unfair Pricing Tactics,,2025-06-23,14:27:21,Internet,Newark,California,94560,Solved,No,comcast unfair pricing tactics
337000,overcharges,,2025-12-06,13:26:23,Internet,Newark,Delaware,19713,Solved,No,overcharges
360928,Comcast is a monopoly,,2025-06-24,08:25:27,Internet,Newburyport,Massachusetts,1950,Solved,No,comcast is a monopoly
267727,Comcast is cheating me,,2025-04-30,22:43:47,Internet,Newcastle,Washington,98059,Closed,No,comcast is cheating me
212595,overcharged,,2025-01-04,16:23:47,Internet,Newman,California,95360,Closed,No,overcharged
218108,Comcast Business Phone/Internet Contract Disagreement,,2025-04-04,18:39:55,Internet,Newnan,Georgia,30265,Closed,No,comcast business phoneinternet contract disagreement
234888,Unable to cancel comcast service,,2025-04-14,14:22:59,Customer Care Call,Newtown,Pennsylvania,18940,Closed,No,unable to cancel comcast service
353376,Misleading information regarding contract leads to $200 unresolved early term fee,,2025-06-19,23:39:55,Internet,Nicholls,Georgia,31554,Closed,No,misleading information regarding contract leads to 200 unresolved early term fee
337050,Comcast Issues,,2025-12-06,13:35:00,Internet,Noblesville,Indiana,46062,Solved,No,comcast issues
340657,Internet Down,,2025-06-15,11:03:49,Internet,Norcross,Georgia,30092,Solved,No,internet down
375155,Comcast Failure of Service,,2025-06-30,15:19:55,Internet,Norcross,Georgia,30093,Open,No,comcast failure of service
370502,Comcast Throttling my Internet Connection,,2025-06-27,20:17:48,Customer Care Call,Norristown,Pennsylvania,19401,Pending,No,comcast throttling my internet connection
250239,billing/service issues,,2025-04-22,13:49:03,Customer Care Call,North Augusta,South Carolina,29841,Closed,No,billingservice issues
370575,10 Days No Service - 12 Appointments Comcast Hasn't Shown Up - Comcast Has Not Fixed Home Infinity X1 - In 10 Days- Cannot Make 911 Calls,,2025-06-27,21:42:03,Customer Care Call,North Charleston,South Carolina,29406,Open,No,10 days no service 12 appointments comcast hasnt shown up comcast has not fixed home infinity x1 in 10 days cannot make 911 calls
329597,Internet Outages,,2025-08-06,21:22:53,Customer Care Call,North Dartmouth,Massachusetts,2747,Solved,No,internet outages
270762,High Speed Internet Awful,,2025-03-05,18:20:41,Customer Care Call,North Dinwiddie,Virginia,23803,Closed,No,high speed internet awful
313043,"rude, nasty, customer service behavior, and a three year failure to deliver the business Internet services paid for",,2025-05-29,10:11:07,Internet,North Fort Myers,Florida,33917,Open,No,rude nasty customer service behavior and a three year failure to deliver the business internet services paid for
358157,comcast failing still,,2025-06-23,12:41:20,Internet,North Fort Myers,Florida,33917,Closed,No,comcast failing still
369686,The WORST customer service team and negative outlook on customers!!!,,2025-06-27,09:35:08,Internet,North Fort Myers,Florida,33917,Solved,No,the worst customer service team and negative outlook on customers
211478,Comcast,,2025-01-04,10:47:35,Internet,North Huntingdon,Pennsylvania,15642,Closed,No,comcast
337767,Comcast/Xfinity,,2025-12-06,16:38:27,Internet,North Little Rock,Arkansas,72114,Solved,No,comcastxfinity
305998,Internet problems,,2025-05-25,15:52:34,Customer Care Call,North Miami,Florida,33181,Solved,No,internet problems
224074,Improper billing,,2025-08-04,13:30:03,Internet,North Miami Beach,Florida,33162,Closed,No,improper billing
373161,Internet being slowed.,,2025-06-29,17:28:32,Internet,North Miami Beach,Florida,33162,Pending,No,internet being slowed
309939,Spotty service Business class internet,,2025-05-27,16:55:53,Internet,North Miami Beach Fl,Florida,33162,Solved,No,spotty service business class internet
295439,Bundled cable and internet,,2025-05-18,16:13:43,Internet,North Port,Florida,34286,Solved,No,bundled cable and internet
228818,Comcast Dishonest Marketing Scheme,,2025-10-04,13:15:13,Internet,North Wales,Pennsylvania,19454,Closed,Yes,comcast dishonest marketing scheme
334975,"Sold one service, received another",,2025-11-06,14:22:41,Customer Care Call,Northport,Alabama,35473,Closed,No,sold one service received another
365088,Internet Speed,,2025-06-25,13:29:20,Internet,Northville,Michigan,48168,Pending,No,internet speed
226989,Home Shopping Network Emails,,2025-09-04,15:31:50,Customer Care Call,Norton,Massachusetts,2766,Closed,No,home shopping network emails
231122,comcast,,2025-12-04,11:12:17,Customer Care Call,Nottingham,Maryland,21236,Closed,No,comcast
360296,Internet speed,,2025-06-23,22:10:29,Internet,Novato,California,94944,Open,No,internet speed
281553,Comcast Charging Too Much and Internet Speed Lower than Ordered,,2025-09-05,08:29:16,Internet,Oak Park,Illinois,60302,Closed,No,comcast charging too much and internet speed lower than ordered
305260,Ask Comcast to fix internet connection of my home,,2025-05-24,11:44:00,Customer Care Call,Oak Park,Illinois,60302,Open,No,ask comcast to fix internet connection of my home
307912,Comcast scam,,2025-05-26,17:05:23,Internet,Oak Park,Illinois,60303,Solved,No,comcast scam
316495,Comcast service and billing issue,,2025-01-06,11:45:00,Internet,Oak Park,Illinois,60302,Closed,No,comcast service and billing issue
363554,Speed throttling,,2025-06-24,21:52:28,Customer Care Call,Oak Park,Illinois,60302,Open,No,speed throttling
361503,bill to damn high,,2025-06-24,11:54:41,Internet,Oak Park,Michigan,48237,Solved,No,bill to damn high
257680,Comcast data usage cap,,2025-04-26,12:35:31,Customer Care Call,Oak Ridge,Tennessee,37830,Closed,No,comcast data usage cap
363533,Comcast - Internet Data Cap,,2025-06-24,21:42:17,Internet,Oak Ridge,Tennessee,37830,Solved,No,comcast internet data cap
225624,Comcast Service and Billing Issues,,2025-09-04,01:10:35,Internet,Oakland,California,94602,Closed,No,comcast service and billing issues
308616,Illegal Charges from Comcast,,2025-05-27,00:10:08,Customer Care Call,Oakland,California,94607,Solved,No,illegal charges from comcast
326074,Comcast,,2025-05-06,17:42:42,Internet,Oakland,California,94608,Solved,Yes,comcast
337953,"Inconsistent, low speeds that are overpriced",,2025-12-06,17:14:44,Internet,Oakland,California,94608,Solved,No,inconsistent low speeds that are overpriced
338270,Bad Customer Service,,2025-12-06,19:25:01,Customer Care Call,Oakland,California,94602,Solved,No,bad customer service
339206,Unable to cancel poor internet service,,2025-06-13,15:10:31,Internet,Oakland,California,94612,Solved,No,unable to cancel poor internet service
339936,microsoft is limiting service,,2025-06-14,13:43:04,Customer Care Call,Oakland,California,94606,Closed,No,microsoft is limiting service
344269,Unethical Behavior: Comcast Requesting Credit Check or Deposit,,2025-06-16,18:35:22,Internet,Oakland,California,94611,Solved,No,unethical behavior comcast requesting credit check or deposit
360338,Unfair bundles,,2025-06-23,22:19:04,Customer Care Call,Oakland,California,94606,Open,No,unfair bundles
363044,comcast,,2025-06-24,18:02:54,Customer Care Call,Oakland,California,94621,Open,No,comcast
295447,Years of packet loss and downtime,,2025-05-18,16:17:27,Internet,Oakland Park,Florida,33309,Solved,No,years of packet loss and downtime
365565,Comcast run around,,2025-06-25,14:39:22,Internet,Oakland Park,Florida,33334,Solved,No,comcast run around
222212,Comcast Cablevision Florida,,2025-07-04,15:49:56,Customer Care Call,Ocala,Florida,34472,Closed,No,comcast cablevision florida
319428,comcast,,2025-02-06,16:53:23,Customer Care Call,Ocala,Florida,34472,Solved,No,comcast
305229,Poor Quality Service and Unauthorized Charges,,2025-05-24,09:54:46,Internet,Ocean City,New Jersey,8226,Solved,No,poor quality service and unauthorized charges
250828,Comcast/Xfinity cancellation fee,,2025-04-22,16:51:52,Internet,Olathe,Kansas,66062,Closed,No,comcastxfinity cancellation fee
360680,Comcast billing and speed.,,2025-06-24,01:03:28,Internet,Olathe,Kansas,66062,Pending,No,comcast billing and speed
330392,Data Cap Overages,,2025-09-06,13:12:13,Customer Care Call,Old Hickory,Tennessee,37138,Solved,No,data cap overages
224243,Comcast data caps are killing the internet,,2025-08-04,14:15:26,Internet,Olive Branch,Mississippi,38654,Closed,No,comcast data caps are killing the internet
284592,Lied to by Comcast,,2025-11-05,20:27:54,Internet,Olive Branch,Mississippi,38654,Open,Yes,lied to by comcast
329737,Data Cap in Olive Branch MS with Comcast,,2025-09-06,00:57:53,Customer Care Call,Olive Branch,Mississippi,38654,Solved,No,data cap in olive branch ms with comcast
367256,Data Cap,,2025-06-25,23:01:14,Internet,Olive Branch,Mississippi,38654,Solved,No,data cap
371075,Comcast Internet Data Cap Segregation,,2025-06-28,16:11:59,Internet,Olive Branch,Mississippi,38654,Pending,No,comcast internet data cap segregation
224932,Inconsistent Internet Service,,2025-08-04,17:19:43,Internet,Olympia,Washington,98512,Closed,No,inconsistent internet service
224605,"Comcast - Fraudulent Billing Practices, Unwilling to resolve situation",,2025-08-04,15:50:45,Customer Care Call,Olympia,Washington,98501,Closed,No,comcast fraudulent billing practices unwilling to resolve situation
337209,Billing and slowing of internet,,2025-12-06,14:29:57,Internet,Olympia,Washington,98502,Solved,No,billing and slowing of internet
350252,internet and tv problems.,,2025-06-18,18:07:10,Internet,Olympia,Washington,98512,Solved,No,internet and tv problems
350931,day 3 of Internet going down and disconnect support calls,,2025-06-19,01:37:10,Internet,Olympia,Washington,98502,Solved,No,day 3 of internet going down and disconnect support calls
358592,Internet Service Billing,,2025-06-23,14:20:41,Internet,Orange,Virginia,22960,Solved,No,internet service billing
363610,Forcing Customer to Pay an Incorrect Bill to get it Fixed,,2025-06-24,22:26:52,Internet,Orange Park,Florida,32273,Open,No,forcing customer to pay an incorrect bill to get it fixed
370168,Comcast Billing/Pricing Practices,,2025-06-27,15:55:52,Internet,Orange Park,Florida,32065,Open,Yes,comcast billingpricing practices
272794,Comcast terrible service #2,,2025-04-05,20:56:12,Customer Care Call,Orangevale,California,95662,Closed,No,comcast terrible service 2
217985,bait and switch services for monetary gain,,2025-04-04,16:07:36,Internet,Orcutt,California,93455,Closed,No,bait and switch services for monetary gain
357126,Comcast XFINITY Internet Performance,,2025-06-22,20:42:52,Customer Care Call,Oreland,Pennsylvania,19075,Open,No,comcast xfinity internet performance
359697,outrageous internet bill adjustments from Comcast,,2025-06-23,18:22:27,Customer Care Call,Orland Park,Illinois,60642,Solved,No,outrageous internet bill adjustments from comcast
226150,Comcast cable/phone/internet complaint,,2025-09-04,11:53:04,Internet,Orlando,Florida,32828,Closed,No,comcast cablephoneinternet complaint
300869,Comcast Data Usage - Additional Fee for Internet Usage but not TV,,2025-05-21,10:16:29,Internet,Oro Valley,Arizona,85737,Solved,No,comcast data usage additional fee for internet usage but not tv
359803,Billing Complaint,,2025-06-23,18:59:28,Internet,Oroville,California,95966,Solved,No,billing complaint
346047,comcast,,2025-06-17,14:56:20,Customer Care Call,Osceola,Indiana,46561,Solved,No,comcast
246213,"Abysmal customer service, do not approve merger with Time Warner",,2025-04-20,23:43:52,Internet,Owens Cross Roads,Alabama,35763,Closed,No,abysmal customer service do not approve merger with time warner
225791,Comcast business internet service down for 6 Days,,2025-09-04,09:46:19,Customer Care Call,Owings Mills,Maryland,21117,Closed,No,comcast business internet service down for 6 days
296660,Billing,,2025-05-19,11:11:36,Customer Care Call,Owings Mills,Maryland,21117,Closed,No,billing
335204,Problems with Comcast,,2025-11-06,15:47:55,Customer Care Call,Owins Mills,Maryland,21117,Solved,No,problems with comcast
294812,Internet Billing,,2025-05-18,12:36:53,Internet,Oxon Hill,Maryland,20745,Solved,Yes,internet billing
358836,Comcast Billing,,2025-06-23,15:07:00,Customer Care Call,Pacheco,California,94553,Solved,No,comcast billing
345351,COMCAST,,2025-06-17,12:00:39,Internet,Pacific,Washington,98047,Solved,No,comcast
251736,Comcast billing,,2025-04-23,09:29:28,Customer Care Call,Paducah,Kentucky,42003,Closed,No,comcast billing
293051,Data usage limit,,2025-05-16,08:47:01,Customer Care Call,Paducah,Kentucky,42001,Solved,No,data usage limit
359239,Data Cap Limitations,,2025-06-23,16:25:09,Customer Care Call,Paducah,Kentucky,42003,Pending,No,data cap limitations
371160,Comcast Service Rep Missed appointment. I missed a very important family gathering because I was waiting on the worker to show.,,2025-06-28,17:31:25,Internet,Pahokee,Florida,33476,Solved,No,comcast service rep missed appointment i missed a very important family gathering because i was waiting on the worker to show
358772,Unfair Billing,,2025-06-23,14:52:21,Internet,Palatine,Illinois,60074,Solved,No,unfair billing
358707,Throttle internet,,2025-06-23,14:40:14,Internet,Palatine,Illinois,60074,Solved,No,throttle internet
244230,"Comcast Phone, Internet and TV",,2025-04-20,10:24:32,Customer Care Call,Palm Beach,Florida,33480,Closed,No,comcast phone internet and tv
251802,Erroneous charges on Comcast bill,,2025-04-23,10:12:28,Customer Care Call,Palm Beach Gardens,Florida,33418,Closed,No,erroneous charges on comcast bill
301499,Deceptive and false contract on Business Comcast for Service Call,,2025-05-21,14:30:09,Internet,Palm Beach Gardens,Florida,33418,Open,No,deceptive and false contract on business comcast for service call
326788,poor service; inaccurate billing,,2025-06-06,13:22:42,Customer Care Call,Palm Beach Gardens,Florida,33418,Open,No,poor service inaccurate billing
360595,My Comcast Nightmare,,2025-06-24,00:08:48,Customer Care Call,Palm Beach Gardens,Florida,33418,Solved,No,my comcast nightmare
335844,Comcast Internet Bait and Switch,,2025-11-06,19:41:19,Customer Care Call,Palm City,Florida,34990,Solved,No,comcast internet bait and switch
214664,"No Service, no assistance",,2025-02-04,15:29:04,Internet,Palmetto Bay,Florida,33157,Closed,No,no service no assistance
243742,Comcast is a terrible service,,2025-04-19,16:14:27,Customer Care Call,Palo Alto,California,94301,Closed,No,comcast is a terrible service
339241,Comcast High-Speed Internet Does Not Work,,2025-06-13,15:33:13,Internet,Palo Alto,California,94306,Solved,No,comcast highspeed internet does not work
300119,Comcast Billing & Customer Service,,2025-05-20,17:47:03,Customer Care Call,Panama City Beach,Florida,32413,Solved,No,comcast billing customer service
226539,Failure to Cancel Service,,2025-09-04,13:31:48,Internet,Parkland,Florida,33067,Closed,No,failure to cancel service
362807,Unable to Return Equipment,,2025-06-24,16:51:20,Customer Care Call,Pasadena,Maryland,21122,Solved,No,unable to return equipment
362820,Unable to Return Equipment,,2025-06-24,16:55:22,Customer Care Call,Pasadena,Maryland,21122,Closed,No,unable to return equipment
360349,Slow Internet Speeds,,2025-06-23,22:23:39,Customer Care Call,Patterson,California,95363,Pending,Yes,slow internet speeds
298618,Comcast keeps hiking my bill for no reason !!,,2025-05-20,10:02:10,Internet,Paw Paw,Michigan,49079,Solved,No,comcast keeps hiking my bill for no reason
315865,Questionable internet slowdown,,2025-05-31,17:38:21,Customer Care Call,Peabody,Massachusetts,1960,Solved,No,questionable internet slowdown
214079,comcast,,2025-02-04,12:31:26,Internet,Peachtree City,Georgia,30269,Closed,No,comcast
339017,Advertised Internet price not honored,,2025-06-13,13:13:07,Internet,Peachtree City,Georgia,30269,Solved,No,advertised internet price not honored
341442,Data Cap problems,,2025-06-15,15:07:17,Customer Care Call,Peachtree City,Georgia,30269,Solved,No,data cap problems
354431,Comcast internet overage charges,,2025-06-21,00:33:37,Internet,Pearl,Mississippi,39208,Pending,Yes,comcast internet overage charges
356720,Surprise Data Caps from Comcast,,2025-06-22,17:39:03,Internet,Pearl,Mississippi,39208,Pending,Yes,surprise data caps from comcast
215830,Price increase while on a fixed price plan,,2025-03-04,09:51:10,Internet,Pearland,Texas,77585,Closed,No,price increase while on a fixed price plan
360771,"internet price went up, offered lower price deal with cable tv...",,2025-06-24,02:39:29,Internet,Pearland,Texas,77584,Open,No,internet price went up offered lower price deal with cable tv
243166,comcast,,2025-04-18,16:07:30,Internet,Pembroke Pines,Florida,33024,Closed,No,comcast
309754,Comcast Metro Fiber,,2025-05-27,15:45:28,Customer Care Call,Pembroke Pines,Florida,33029,Open,No,comcast metro fiber
225735,Comcast,,2025-09-04,09:03:28,Internet,Peoria,Illinois,61604,Closed,No,comcast
300472,Terrible Experience with Comcast,,2025-05-20,20:39:30,Customer Care Call,Peoria,Illinois,61606,Solved,No,terrible experience with comcast
324988,promotion ended in one month,,2025-05-06,11:17:21,Customer Care Call,Peoria,Illinois,61614,Solved,No,promotion ended in one month
338830,Metered bandwidth with no data meter,,2025-06-13,10:52:24,Internet,Petal,Mississippi,39465,Solved,No,metered bandwidth with no data meter
361391,Comcast Data Cap,,2025-06-24,11:16:59,Customer Care Call,Petal,Mississippi,39465,Pending,No,comcast data cap
365061,speed,,2025-06-25,13:23:25,Internet,Phila,Pennsylvania,19136,Solved,No,speed
213735,Comcast (Xfinity); Larger withdrawal on automatic payment than billed,,2025-02-04,10:54:44,Customer Care Call,Philadelphia,Pennsylvania,19119,Closed,No,comcast xfinity larger withdrawal on automatic payment than billed
263884,inability to add service,,2025-04-29,12:16:49,Customer Care Call,Philadelphia,Pennsylvania,19128,Closed,No,inability to add service
212079,No Internet service,,2025-01-04,13:53:22,Internet,Philadelphia,Pennsylvania,19128,Closed,No,no internet service
212701,Comcast Customer Service; Theft; Inconsistency,,2025-01-04,16:55:18,Customer Care Call,Philadelphia,Pennsylvania,19121,Closed,No,comcast customer service theft inconsistency
264664,comcast,,2025-04-29,16:06:39,Customer Care Call,Philadelphia,Pennsylvania,19151,Closed,No,comcast
273392,Terrible Comcast experience - No end in sight,,2025-05-05,11:42:23,Customer Care Call,Philadelphia,Pennsylvania,19123,Closed,No,terrible comcast experience no end in sight
281631,Comcast/Xfinity Customer Service,,2025-09-05,11:01:44,Internet,Philadelphia,Pennsylvania,19103,Solved,No,comcastxfinity customer service
312204,Comcast is blocking HBO Go in Sony platforms,,2025-05-28,17:21:45,Internet,Philadelphia,Pennsylvania,19114,Solved,No,comcast is blocking hbo go in sony platforms
319019,Bundle,,2025-02-06,14:34:59,Internet,Philadelphia,Pennsylvania,19145,Closed,No,bundle
325903,Comcast Blocking HBO Go from Playstation 3 and 4,,2025-05-06,16:38:35,Customer Care Call,Philadelphia,Pennsylvania,19139,Solved,No,comcast blocking hbo go from playstation 3 and 4
326369,Cancelled Comcast Internet - Service and Billing was never cancelled,,2025-05-06,21:17:45,Customer Care Call,Philadelphia,Pennsylvania,19104,Solved,No,cancelled comcast internet service and billing was never cancelled
326570,Terrible Service,,2025-06-06,09:46:47,Internet,Philadelphia,Pennsylvania,19123,Closed,No,terrible service
333951,Internet connectivity and speed,,2025-10-06,21:20:06,Internet,Philadelphia,Pennsylvania,19119,Solved,No,internet connectivity and speed
331921,Bad Internet Speeds,,2025-10-06,00:53:58,Internet,Philadelphia,Pennsylvania,19139,Closed,No,bad internet speeds
333086,Comcast,,2025-10-06,15:40:57,Internet,Philadelphia,Pennsylvania,19103,Solved,No,comcast
343874,Comcast Billing Issues,,2025-06-16,16:19:54,Customer Care Call,Philadelphia,Pennsylvania,19143,Solved,No,comcast billing issues
346005,Comcast refuses to recognize our same sex marriage,,2025-06-17,14:46:38,Internet,Philadelphia,Pennsylvania,19129,Closed,No,comcast refuses to recognize our same sex marriage
347054,Comcast Wifi Service,,2025-06-17,18:59:39,Internet,Philadelphia,Pennsylvania,19142,Solved,No,comcast wifi service
354027,terrible internet quality,,2025-06-20,16:03:10,Customer Care Call,Philadelphia,Pennsylvania,19116,Solved,No,terrible internet quality
360405,Comcast billing and services,,2025-06-23,22:54:35,Customer Care Call,Philadelphia,Pennsylvania,19134,Solved,No,comcast billing and services
362208,Unfair Billing at Comcast,,2025-06-24,14:41:24,Customer Care Call,Philadelphia,Pennsylvania,19118,Solved,Yes,unfair billing at comcast
363147,Comcast complaint,,2025-06-24,18:39:01,Internet,Philadelphia,Pennsylvania,19130,Open,No,comcast complaint
369527,internet service provider billing increase,,2025-06-26,23:43:10,Internet,Philadelphia,Pennsylvania,19106,Solved,No,internet service provider billing increase
373795,Was liked to about the speed and the price that was offered to me.,,2025-06-29,22:35:44,Customer Care Call,Philadelphia,Pennsylvania,19103,Solved,No,was liked to about the speed and the price that was offered to me
374002,COMCAST,,2025-06-30,08:38:10,Internet,Philadelphia,Pennsylvania,19154,Solved,No,comcast
290941,Stop The CAP,,2025-05-14,19:34:26,Customer Care Call,Phoenixville,Pennsylvania,19460,Open,No,stop the cap
272020,Comcast quoted one price then billed another,,2025-04-05,15:25:22,Internet,Pigeon Forge,Tennessee,37863,Solved,No,comcast quoted one price then billed another
365068,Poor internet quality,,2025-06-25,13:23:54,Customer Care Call,Pikesville,Maryland,21208,Closed,No,poor internet quality
214948,Comcast Terrible Experience with no resolution,,2025-02-04,16:57:32,Internet,Pittsburgh,Pennsylvania,15222,Closed,No,comcast terrible experience with no resolution
214952,Comcast Terrible Experience with no resolution,,2025-02-04,16:58:09,Customer Care Call,Pittsburgh,Pennsylvania,15222,Closed,No,comcast terrible experience with no resolution
233656,Comcast Throttling Connection Speeds,,2025-04-13,22:36:10,Customer Care Call,Pittsburgh,Pennsylvania,15213,Closed,No,comcast throttling connection speeds
233422,Comcast,,2025-04-13,19:55:26,Internet,Pittsburgh,Pennsylvania,15218,Closed,No,comcast
321302,COMCAST FRAUDULENT BILLING & CHARGES,,2025-03-06,14:45:00,Internet,Pittsburgh,Pennsylvania,15216,Solved,No,comcast fraudulent billing charges
360149,Unfair pricing,,2025-06-23,20:57:46,Internet,Pittsburgh,Pennsylvania,15232,Solved,No,unfair pricing
360394,Comcast's Unfair Billing and Pricing Practices,,2025-06-23,22:44:41,Customer Care Call,Pittsburgh,Pennsylvania,15205,Pending,No,comcasts unfair billing and pricing practices
360348,Slowed Internet Speeds,,2025-06-23,22:23:21,Customer Care Call,Pittsburgh,Pennsylvania,15213,Solved,No,slowed internet speeds
364134,Comcast -- Throttling Connection,,2025-06-25,10:33:27,Customer Care Call,Pittsburgh,Pennsylvania,15212,Solved,No,comcast throttling connection
373203,"No internet, phone or cable service",,2025-06-29,17:41:35,Internet,Pittsburgh,Pennsylvania,15238,Solved,No,no internet phone or cable service
372830,Comcast bundling of internet and tv services and deceptive sales practices,,2025-06-29,16:06:11,Internet,Pittsburgh,Pennsylvania,15224,Solved,No,comcast bundling of internet and tv services and deceptive sales practices
374131,Comcast price inflation,,2025-06-30,10:24:47,Customer Care Call,Pittsburgh,Pennsylvania,15217,Solved,No,comcast price inflation
258748,Comcast,,2025-04-27,12:28:34,Customer Care Call,Placida,Florida,33946,Closed,No,comcast
320484,Comcast,,2025-03-06,10:36:38,Customer Care Call,Placida,Florida,33946,Closed,No,comcast
224912,Slow internet speeds,,2025-08-04,17:16:03,Customer Care Call,Plainfield,Illinois,60586,Closed,No,slow internet speeds
323616,bill payment,,2025-04-06,14:59:31,Internet,Plainfield,Illinois,60544,Solved,No,bill payment
330481,Comcast service,,2025-09-06,13:47:17,Internet,Plainsboro,New Jersey,8536,Open,No,comcast service
356971,comcast is not providing service for bad internet,,2025-06-22,19:23:06,Internet,Plainsboro,New Jersey,8536,Solved,No,comcast is not providing service for bad internet
213665,billing/service issues,,2025-02-04,10:31:07,Internet,Plantation,Florida,33317,Closed,No,billingservice issues
218057,comcast billing increase,,2025-04-04,17:51:21,Customer Care Call,Plantation,Florida,33322,Closed,No,comcast billing increase
281634,Charging for service with out fixing the problem,,2025-09-05,11:06:06,Customer Care Call,Plantation,Florida,33317,Solved,No,charging for service with out fixing the problem
313324,I DO NOT HAVE INTERNET AND WORK FROM HOME,,2025-05-29,12:25:53,Internet,Plantation,Florida,33324,Open,No,i do not have internet and work from home
252312,Terrible customer service from Comcast,,2025-04-23,12:38:18,Customer Care Call,Pleasanton,California,94566,Closed,No,terrible customer service from comcast
267413,internet not working,,2025-04-30,18:49:14,Internet,Pleasanton,California,94588,Closed,No,internet not working
360170,"expensive service, capped",,2025-06-23,21:16:34,Customer Care Call,Pleasanton,California,94566,Solved,No,expensive service capped
216947,Comcast email service,,2025-03-04,16:50:08,Customer Care Call,Plymouth,Massachusetts,2360,Closed,No,comcast email service
301470,Comcast deceptive billing practices,,2025-05-21,14:17:20,Internet,Plymouth,Michigan,48170,Closed,No,comcast deceptive billing practices
335960,Broadband Internet Service,,2025-11-06,20:40:51,Internet,Plymouth,Michigan,48170,Solved,No,broadband internet service
332047,Comcast blocks HBOGO from Sony PS4 and PS3 devices,,2025-10-06,08:51:27,Customer Care Call,Plymouth,Minnesota,55446,Solved,No,comcast blocks hbogo from sony ps4 and ps3 devices
339985,Communication problem,,2025-06-14,15:25:37,Customer Care Call,Plymouth,Minnesota,55446,Solved,No,communication problem
357898,Comcast - Unfair billing policies,,2025-06-23,11:48:36,Internet,Plymouth,Minnesota,55441,Solved,No,comcast unfair billing policies
360397,Bundle Bull S...,,2025-06-23,22:52:04,Internet,Plymouth,Minnesota,55446,Solved,No,bundle bull s
360290,Unwarranted Charges by Comcast for Internet,,2025-06-23,22:08:01,Customer Care Call,Plymouth,Minnesota,55447,Solved,No,unwarranted charges by comcast for internet
299364,"Outage of Internet service 5/19/2015, and attitude of Cust Svc rep",,2025-05-20,14:35:32,Customer Care Call,Pompano Beach,Florida,33064,Open,No,outage of internet service 5192015 and attitude of cust svc rep
304543,No Internet Service,,2025-05-23,09:53:08,Internet,Pompano Beach,Florida,33069,Solved,No,no internet service
324059,Comcast mislead me and cost my business,,2025-04-06,17:59:49,Customer Care Call,Pompano Beach,Florida,33060,Solved,No,comcast mislead me and cost my business
327358,Comcast,,2025-07-06,12:45:58,Internet,Pompano Beach,Florida,33062,Solved,No,comcast
358992,Comcast billing,,2025-06-23,15:36:21,Internet,Pompano Beach,Florida,33062,Solved,No,comcast billing
373882,COMCAST MISSES 4 APPOINTMENTS,,2025-06-30,00:52:40,Internet,Pompano Beach,Florida,33069,Open,No,comcast misses 4 appointments
330109,Internet and Phone Service,,2025-09-06,11:44:31,Customer Care Call,Pompano Beach,New York,11735,Solved,No,internet and phone service
337691,Comcast Billing (primary) Service (secondary),,2025-12-06,16:29:42,Customer Care Call,Pontiac,Michigan,48342,Solved,No,comcast billing primary service secondary
371309,Comcast's Deceptive Billing,,2025-06-28,21:30:22,Customer Care Call,Pontiac,Michigan,48342,Open,No,comcasts deceptive billing
291155,Comcast Internet,,2025-05-14,22:33:02,Internet,Pooler,Georgia,31322,Solved,No,comcast internet
357139,Comcast Internet Data Cap,,2025-06-22,20:55:15,Customer Care Call,Pooler,Georgia,31322,Pending,No,comcast internet data cap
334196,comcast blocking HBO content for streaming.,,2025-11-06,04:27:32,Customer Care Call,Port At Lucie,Florida,34953,Solved,No,comcast blocking hbo content for streaming
319491,Billing Issue,,2025-02-06,17:08:39,Internet,Port Barrington,Illinois,60010,Closed,No,billing issue
307604,Comcast has a monopoly on our internet,,2025-05-26,15:20:26,Internet,Port Hope,Michigan,48468,Open,No,comcast has a monopoly on our internet
232040,Bait and Switch again,,2025-04-13,12:23:51,Internet,Port Saint Lucie,Florida,34952,Closed,No,bait and switch again
240905,Comcast Deceptive Business Class Billing,,2025-04-17,10:19:18,Customer Care Call,Port Saint Lucie,Florida,34983,Closed,No,comcast deceptive business class billing
317888,Billing,,2025-01-06,20:47:37,Customer Care Call,Port St Lucie,Florida,34984,Closed,No,billing
255867,internet/cable service,,2025-04-24,16:14:02,Customer Care Call,Port St. Lucie,Florida,34986,Closed,No,internetcable service
214498,"Comcast theft, lying, horrible service and deception",,2025-02-04,14:40:53,Customer Care Call,Portland,Oregon,97229,Closed,No,comcast theft lying horrible service and deception
243904,invalid sercvice charge,,2025-04-19,20:31:13,Internet,Portland,Oregon,97202,Closed,No,invalid sercvice charge
253872,Comcast Billing Complaint,,2025-04-23,17:53:14,Internet,Portland,Oregon,97203,Closed,Yes,comcast billing complaint
287805,Comcast/Xfinity Blast Internet,,2025-05-13,14:04:38,Customer Care Call,Portland,Oregon,97224,Solved,No,comcastxfinity blast internet
303539,Comcast,,2025-05-22,14:01:12,Internet,Portland,Oregon,97230,Open,No,comcast
310722,Comcast Bandwidth Availability,,2025-05-28,01:07:56,Internet,Portland,Oregon,97202,Solved,No,comcast bandwidth availability
310714,Data limit with Comcast,,2025-05-28,00:57:38,Customer Care Call,Portland,Oregon,97266,Open,No,data limit with comcast
322226,excessive billing,,2025-03-06,19:55:08,Internet,Portland,Oregon,97216,Solved,No,excessive billing
331755,Unable to get Comcast to provide me with broadband,,2025-09-06,21:34:36,Internet,Portland,Oregon,97201,Solved,No,unable to get comcast to provide me with broadband
347742,loss connection internet many time in a day.,,2025-06-18,00:50:41,Internet,Portland,Oregon,97220,Solved,No,loss connection internet many time in a day
359828,No way to see when promotions end,,2025-06-23,19:08:28,Customer Care Call,Portland,Oregon,97225,Solved,No,no way to see when promotions end
360020,Comcast not connecting me to cancel service and raising prices unfairly,,2025-06-23,20:09:04,Customer Care Call,Portland,Oregon,97214,Solved,No,comcast not connecting me to cancel service and raising prices unfairly
360155,Comcast - I've been paying for unnecessary speeds when they knew and I did not,,2025-06-23,20:58:49,Internet,Portland,Oregon,97209,Solved,No,comcast ive been paying for unnecessary speeds when they knew and i did not
366906,Comcast,,2025-06-25,19:35:15,Internet,Portland,Oregon,97232,Solved,No,comcast
367326,internet bill increase,,2025-06-26,01:56:41,Internet,Portland,Oregon,97205,Solved,No,internet bill increase
375583,Comcast bait and switch,,2025-06-30,17:10:49,Customer Care Call,Portland,Oregon,97217,Solved,No,comcast bait and switch
251236,comcast,,2025-04-22,19:40:29,Customer Care Call,Potomac,Maryland,20854,Closed,No,comcast
214443,Comcast Shut-off Notice -Internet/TV,,2025-02-04,14:20:55,Internet,Pottstown,Pennsylvania,19464,Closed,No,comcast shutoff notice internettv
294317,Cable Splitter without Consent from customer( Comcast),,2025-05-18,05:41:26,Customer Care Call,Pottsville,Pennsylvania,17901,Solved,No,cable splitter without consent from customer comcast
229794,E-mail,,2025-10-04,18:43:26,Internet,Poulsbo,Washington,98370,Closed,No,email
264875,Comcast complaint,,2025-04-29,17:05:31,Customer Care Call,Poulsbo,Washington,98370,Closed,No,comcast complaint
214665,"service, billing",,2025-02-04,15:29:36,Customer Care Call,Powder Springs,Georgia,30127,Closed,No,service billing
314814,Comcast overcharges for internet charges,,2025-05-30,10:06:13,Internet,Powder Springs,Georgia,30127,Pending,No,comcast overcharges for internet charges
330062,Comcast,,2025-09-06,11:25:37,Internet,Powder Springs,Georgia,30127,Solved,No,comcast
336624,Comcast DATA Caps,,2025-12-06,11:40:48,Customer Care Call,Powell,Tennessee,37849,Solved,No,comcast data caps
347688,Comcast Data usage caps,,2025-06-17,23:40:30,Internet,Powell,Tennessee,37849,Open,Yes,comcast data usage caps
361151,Data caps and monthly fees,,2025-06-24,10:14:31,Internet,Powell,Tennessee,37849,Solved,No,data caps and monthly fees
372230,"Comcast Monopoly in Calvert County, Maryland",,2025-06-29,13:16:51,Customer Care Call,Prince Frederick,Maryland,20678,Open,No,comcast monopoly in calvert county maryland
360688,Comcast Speed,,2025-06-24,01:07:40,Internet,Prince George,Virginia,23875,Solved,No,comcast speed
238990,Comcast Internet Billing,,2025-04-16,12:04:32,Customer Care Call,Provincetown,Massachusetts,2657,Closed,No,comcast internet billing
263143,Comcast Corporation,,2025-04-28,23:48:58,Internet,Pueblo,Colorado,81001,Closed,No,comcast corporation
361682,comcast,,2025-06-24,12:31:01,Customer Care Call,Pueblo,Colorado,81004,Solved,No,comcast
223816,Comcast/Xfinity Customer Service,,2025-08-04,12:18:23,Customer Care Call,Putnam Valley,New York,10579,Closed,No,comcastxfinity customer service
360504,Intermittent Expensive Connection,,2025-06-23,23:19:58,Customer Care Call,Puyallup,Washington,98371,Solved,No,intermittent expensive connection
362454,Slower internet speeds than what i was promised for my pay.,,2025-06-24,15:41:28,Internet,Puyallup,Washington,98374,Solved,No,slower internet speeds than what i was promised for my pay
370107,"Internet connectivity loss, over 1000ms latency, under 1Mbps speeds",,2025-06-27,14:55:42,Internet,Quincy,Massachusetts,2170,Open,No,internet connectivity loss over 1000ms latency under 1mbps speeds
369648,Comcast Throttling,,2025-06-27,08:24:30,Customer Care Call,Quincy,Massachusetts,2170,Pending,Yes,comcast throttling
308646,Comcast data caps are an end-run around Net Neutrality,,2025-05-27,01:49:01,Internet,Radcliff,Kentucky,40160,Pending,No,comcast data caps are an endrun around net neutrality
308439,Comcast Internet Disconnection,,2025-05-26,21:08:30,Internet,Raeford,North Carolina,28376,Closed,No,comcast internet disconnection
372741,Non working service,,2025-06-29,15:40:47,Customer Care Call,Rahway,New Jersey,7065,Closed,No,non working service
245893,internet pricing /competition,,2025-04-20,19:37:28,Customer Care Call,Ramsey,New Jersey,7446,Closed,No,internet pricing competition
358902,Comcast Conplaints,,2025-06-23,15:19:14,Customer Care Call,Rancho Cordova,California,95742,Solved,No,comcast conplaints
249712,comcast throttling PlayStation.and blocking hbo go,,2025-04-22,11:01:37,Internet,Ranson,West Virginia,25438,Closed,No,comcast throttling playstationand blocking hbo go
240942,Comcast/ Xfinity unethical business practice,,2025-04-17,10:31:12,Customer Care Call,Red Lion,Pennsylvania,17356,Closed,No,comcast xfinity unethical business practice
257323,Comcast blocking HBO Go on Playstation systems,,2025-04-25,19:45:04,Customer Care Call,Redmond,Washington,98052,Open,No,comcast blocking hbo go on playstation systems
337972,Comcast is a downright awful service provider.,,2025-12-06,17:21:59,Internet,Redmond,Washington,98053,Open,No,comcast is a downright awful service provider
362298,Comcast screwed me,,2025-06-24,15:04:39,Internet,Redmond,Washington,98052,Solved,No,comcast screwed me
353018,"Comcast speed not matching, blocked phone number",,2025-06-19,19:01:24,Internet,Redwood City,California,94062,Open,No,comcast speed not matching blocked phone number
347829,Comcast,,2025-06-18,06:26:39,Customer Care Call,Remington,Virginia,22734,Solved,No,comcast
268362,tInternet Service Provider Complaint,,2025-01-05,11:51:11,Customer Care Call,Renton,Washington,98055,Open,No,tinternet service provider complaint
293685,High Speed internet,,2025-05-16,19:54:11,Customer Care Call,Reston,Virginia,20190,Open,No,high speed internet
339735,Complaint about Comcast's Hidden Fees and Unauthorized Charges,,2025-06-14,07:33:22,Customer Care Call,Reston,Virginia,20190,Solved,No,complaint about comcasts hidden fees and unauthorized charges
319302,Issues with service and payments,,2025-02-06,16:19:31,Customer Care Call,Rex,Georgia,30273,Solved,No,issues with service and payments
253161,Comcast Billing dispute - Wireless service,,2025-04-23,16:00:27,Internet,Richaland,Michigan,49083,Closed,No,comcast billing dispute wireless service
285046,Comcast Service Inadequacies,,2025-12-05,10:14:59,Internet,Richfield,Minnesota,55423,Solved,No,comcast service inadequacies
232972,Internet Speed,,2025-04-13,16:56:22,Internet,Richmond,Indiana,47374,Closed,No,internet speed
368709,internet/tv bundle service,,2025-06-26,15:58:18,Customer Care Call,Richmond,Michigan,48062,Solved,No,internettv bundle service
318093,Comcast Set Up,,2025-01-06,23:59:34,Internet,Richmond,Virginia,23220,Solved,No,comcast set up
342659,Unacceptable Business Internet Service from Comcast,,2025-06-16,09:49:33,Customer Care Call,Richmond,Virginia,23224,Open,No,unacceptable business internet service from comcast
348029,Poor Speed and Reliability,,2025-06-18,10:00:47,Internet,Richmond,Virginia,23224,Open,No,poor speed and reliability
358970,"Possible Speed Throttling: Comcast Xfinity Richmond, VA",,2025-06-23,15:32:09,Internet,Richmond,Virginia,23222,Solved,No,possible speed throttling comcast xfinity richmond va
360546,Comcast Speed Throttling and more,,2025-06-23,23:35:45,Internet,Richmond,Virginia,23219,Pending,No,comcast speed throttling and more
361235,Comcast ending promotion and contract early. Directing customer to resolve disputes in person at their office.,,2025-06-24,10:40:22,Internet,Richmond,Virginia,23220,Solved,No,comcast ending promotion and contract early directing customer to resolve disputes in person at their office
363355,Shady Internet Billing Practices from Comcast,,2025-06-24,20:19:38,Internet,Richmond,Virginia,23220,Open,No,shady internet billing practices from comcast
367108,Comcast Internet,,2025-06-25,21:15:42,Internet,Richmond,Virginia,23233,Solved,No,comcast internet
268789,about comcast,,2025-01-05,14:04:56,Internet,Richmond Hill,Georgia,31324,Open,No,about comcast
314257,About Comcast,,2025-05-29,18:00:20,Internet,Richmond Hill,Georgia,31324,Solved,No,about comcast
369100,Comcast Data Cap,,2025-06-26,18:13:45,Internet,Richmond Hill,Georgia,31324,Solved,No,comcast data cap
276668,INTERNET SERVICE IS DOWN FOR THREE WEEKS NOW.,,2025-06-05,16:28:55,Customer Care Call,Richton Park,Illinois,60471,Closed,No,internet service is down for three weeks now
317911,HBO Go on PS3,,2025-01-06,21:09:36,Internet,Ridgeland,Mississippi,39157,Closed,No,hbo go on ps3
241252,Unfair Charges,,2025-04-17,12:27:03,Customer Care Call,Ridley Park,Pennsylvania,19078,Closed,No,unfair charges
358361,Data Cap on Internet Downloads?,,2025-06-23,13:32:15,Customer Care Call,Rincon,Georgia,31326,Pending,No,data cap on internet downloads
360077,Comcast speed,,2025-06-23,20:25:19,Customer Care Call,Rincon,Georgia,31326,Solved,No,comcast speed
355105,Comcast has been over charging us.,,2025-06-22,08:48:45,Internet,Rio Grande,New Jersey,8242,Solved,No,comcast has been over charging us
241834,Billing issues,,2025-04-17,15:25:29,Customer Care Call,Riverdale,Georgia,30296,Closed,No,billing issues
297208,Comcast internet service,,2025-05-19,14:26:54,Internet,Rochester,Illinois,62563,Solved,No,comcast internet service
348033,Comcast Billing and Service Issues,,2025-06-18,10:03:33,Customer Care Call,Rochester,Pennsylvania,15074,Solved,No,comcast billing and service issues
288793,internet and customer service problem with Comcast,,2025-05-13,20:12:53,Internet,Rochester Hills,Michigan,48309,Solved,No,internet and customer service problem with comcast
364028,Lack of consistent service,,2025-06-25,09:48:20,Internet,Rock Falls,Illinois,61071,Solved,No,lack of consistent service
234479,interne speed,,2025-04-14,12:32:35,Internet,Rockford,Illinois,61108,Open,No,interne speed
279634,Comcast,,2025-08-05,07:55:00,Internet,Rockford,Illinois,61114,Solved,No,comcast
321250,Comcast ordered services that we never agreed to,,2025-03-06,14:31:34,Customer Care Call,Rockford,Illinois,61101,Open,No,comcast ordered services that we never agreed to
324947,Billing Dispute,,2025-05-06,11:00:26,Customer Care Call,Rockford,Illinois,61108,Solved,No,billing dispute
339920,Comcast.net,,2025-06-14,13:21:52,Customer Care Call,Rockford,Illinois,61108,Open,No,comcastnet
282767,Comcast Taking almost 9 Days to solve My Internet issue,,2025-10-05,22:52:34,Customer Care Call,Rockvale,Tennessee,37153,Solved,No,comcast taking almost 9 days to solve my internet issue
353906,failure to provide imstallation .... Rockville Maryland 20852,,2025-06-20,14:39:52,Customer Care Call,Rockville,Maryland,20852,Solved,No,failure to provide imstallation rockville maryland 20852
354916,Internet slow,,2025-06-21,21:35:01,Internet,Rockville,Maryland,20853,Solved,No,internet slow
360993,Predatory billing by Comcast,,2025-06-24,09:17:05,Customer Care Call,Rockville,Maryland,20852,Solved,No,predatory billing by comcast
363593,Comcast Xfinity barely ever works and speed sucks,,2025-06-24,22:18:11,Internet,Rohnert Park,California,94928,Solved,No,comcast xfinity barely ever works and speed sucks
322276,Email transfer/ problems,,2025-03-06,20:15:06,Internet,Rolling Meadows,Illinois,60008,Closed,No,email transfer problems
320264,cramming charges on my phone/internet bill,,2025-03-06,06:27:09,Internet,Rome,Georgia,30161,Solved,No,cramming charges on my phoneinternet bill
361980,Throttled Internet Speeds,,2025-06-24,13:44:55,Internet,Roseville,California,95661,Pending,No,throttled internet speeds
365185,Comcast billing problem,,2025-06-25,13:56:48,Internet,Roseville,Michigan,48066,Solved,No,comcast billing problem
222735,Comcast Over Charges with No Notification,,2025-07-04,18:47:12,Internet,Roswell,Georgia,30076,Closed,No,comcast over charges with no notification
351135,Internet Availability,,2025-06-19,09:56:37,Internet,Roswell,Georgia,30075,Closed,Yes,internet availability
371928,Comcast Internet usage caps,,2025-06-29,11:55:58,Internet,Roswell,Georgia,30075,Solved,No,comcast internet usage caps
280344,Comcast Service and Billing Issues,,2025-08-05,13:41:07,Internet,Round Lake Beach,Illinois,60073,Closed,No,comcast service and billing issues
359822,Internet Outages,,2025-06-23,19:07:14,Internet,Round Lake Beach,Illinois,60073,Solved,No,internet outages
335619,Comcast Internet - Horrible Customer Service,,2025-11-06,18:03:18,Customer Care Call,Roxbury,Massachusetts,2119,Solved,No,comcast internet horrible customer service
244304,Comcast's customer service is awful,,2025-04-20,10:55:01,Internet,Royal Oak,Michigan,48067,Closed,No,comcasts customer service is awful
252363,Manipulative billing issue,,2025-04-23,12:53:51,Internet,Royal Oak,Michigan,48067,Closed,No,manipulative billing issue
262918,Comcast Advertised Wifi Internet speed not provided False Advertisment,,2025-04-28,20:27:51,Customer Care Call,Royal Oak,Michigan,48067,Closed,No,comcast advertised wifi internet speed not provided false advertisment
361212,Comcast's Internet is Slower Than What I Pay For,,2025-06-24,10:33:42,Internet,Royal Oak,Michigan,48073,Open,No,comcasts internet is slower than what i pay for
294188,Bad Practices,,2025-05-17,19:50:43,Customer Care Call,Royal Palm Beach,Florida,33411,Solved,No,bad practices
306039,Over billing Comcast,,2025-05-25,16:43:43,Customer Care Call,Royal Palm Beach,Florida,33411,Open,No,over billing comcast
363286,refusal to rectify,,2025-06-24,19:32:53,Customer Care Call,Royal Palm Beach,Florida,33411,Solved,No,refusal to rectify
213537,Comcast,,2025-02-04,09:05:56,Internet,Rumford,Rhode Island,2916,Closed,Yes,comcast
275479,Cable availability,,2025-06-05,10:26:49,Internet,Rural Valley,Pennsylvania,16249,Closed,No,cable availability
213725,Data usage with Comcast,,2025-02-04,10:52:38,Internet,Rydal,Georgia,30171,Closed,No,data usage with comcast
231133,Billing Dispute,,2025-12-04,11:34:46,Internet,Sacramento,California,95838,Closed,No,billing dispute
238470,re complain against comcast email and telephone for home service,,2025-04-16,00:32:03,Internet,Sacramento,California,95828,Closed,No,re complain against comcast email and telephone for home service
274654,False Service,,2025-05-05,17:41:00,Customer Care Call,Sacramento,California,95841,Solved,No,false service
286377,Misinformed Over and Over Again,,2025-12-05,17:37:11,Customer Care Call,Sacramento,California,95823,Solved,No,misinformed over and over again
313938,Comcast/Xfinity,,2025-05-29,15:52:31,Internet,Sacramento,California,95829,Solved,No,comcastxfinity
339611,Comcast blocking HBOGO on Playstation 4 Consoles,,2025-06-13,22:34:53,Customer Care Call,Sacramento,California,95823,Open,No,comcast blocking hbogo on playstation 4 consoles
354734,Comcast Internet Online Streaming,,2025-06-21,16:08:09,Customer Care Call,Sacramento,California,95829,Solved,No,comcast internet online streaming
362180,False Information Given Just To Get Me Set Up Service,,2025-06-24,14:33:57,Internet,Sacramento,California,95825,Solved,No,false information given just to get me set up service
360778,Comcast speed throttling internet,,2025-06-24,02:41:23,Customer Care Call,Sacramento,California,95828,Pending,No,comcast speed throttling internet
367371,Possible throttle,,2025-06-26,04:40:18,Customer Care Call,Sacramento,California,95826,Pending,No,possible throttle
373782,throttling and disconnections,,2025-06-29,22:15:02,Customer Care Call,Sacramento,California,95828,Pending,Yes,throttling and disconnections
287937,Internet offer rescinded,,2025-05-13,14:37:25,Internet,Sacremento,California,95841,Solved,No,internet offer rescinded
339548,Internet Throttling,,2025-06-13,21:21:20,Internet,Saint Albans,Vermont,5478,Open,No,internet throttling
361124,Comcast,,2025-06-24,10:05:59,Internet,Saint Anthony,Minnesota,55418,Solved,No,comcast
276683,comcast are crooks,,2025-06-05,16:32:18,Internet,Saint Cloud,Florida,34771,Closed,No,comcast are crooks
357746,Comcast price increase not in line with advertisement,,2025-06-23,10:59:51,Customer Care Call,Saint Paul,Minnesota,55108,Open,No,comcast price increase not in line with advertisement
235807,Comcast internet service,,2025-04-14,19:36:44,Internet,Salem,Massachusetts,1970,Closed,No,comcast internet service
222366,intermittant phone and internet,,2025-07-04,16:42:53,Customer Care Call,Salem,New Hampshire,3079,Closed,No,intermittant phone and internet
326985,Comcast ETF charge,,2025-06-06,16:29:43,Internet,Salem,Oregon,97301,Solved,No,comcast etf charge
262660,Being charged for a technician fee,,2025-04-28,18:49:13,Customer Care Call,Salinas,California,93906,Closed,No,being charged for a technician fee
311883,Comcast Internet Service,,2025-05-28,15:35:20,Customer Care Call,Saline,Michigan,48176,Open,No,comcast internet service
255516,availabilty,,2025-04-24,14:34:07,Customer Care Call,Salisbury,Maryland,21804,Closed,No,availabilty
344563,Internet,,2025-06-16,21:18:26,Customer Care Call,Salisbury,Maryland,21801,Solved,No,internet
233296,Unauthorized 2-Year Contract With Comcast,,2025-04-13,18:45:12,Internet,Salt Lake City,Utah,84105,Closed,No,unauthorized 2year contract with comcast
226023,Unwanted Email with no opt out options,,2025-09-04,11:31:22,Customer Care Call,Salt Lake City,Utah,84108,Closed,No,unwanted email with no opt out options
253290,Waive the Reoccuring charges,,2025-04-23,16:21:23,Customer Care Call,Salt Lake City,Utah,84102,Closed,No,waive the reoccuring charges
261940,Difficulty with internet speeds,,2025-04-28,15:17:06,Internet,Salt Lake City,Utah,84110,Closed,No,difficulty with internet speeds
279007,Comcast move,,2025-07-05,17:36:43,Internet,Salt Lake City,Utah,84115,Open,No,comcast move
359071,Monopolistic Billing,,2025-06-23,15:50:04,Customer Care Call,Salt Lake City,Utah,84116,Solved,No,monopolistic billing
359367,Uncompetitive pricing of Comcast Internet services,,2025-06-23,16:55:57,Customer Care Call,Salt Lake City,Utah,84102,Solved,No,uncompetitive pricing of comcast internet services
360219,Comcast forced me into a contract,,2025-06-23,21:35:25,Internet,Salt Lake City,Utah,84106,Solved,No,comcast forced me into a contract
363567,Comcast,,2025-06-24,22:01:10,Customer Care Call,Salt Lake City,Utah,84102,Solved,No,comcast
264258,Repeated installation issue with Comcast Internet service,,2025-04-29,14:14:17,Internet,Sammamish,Washington,98075,Closed,Yes,repeated installation issue with comcast internet service
242509,Ecobill discount,,2025-04-17,21:33:00,Internet,San Francisco,California,94122,Closed,No,ecobill discount
245779,Horrible customer service from Comcast,,2025-04-20,18:45:21,Internet,San Francisco,California,94121,Closed,No,horrible customer service from comcast
242571,Comcast Internet,,2025-04-17,23:00:15,Internet,San Francisco,California,94111,Closed,No,comcast internet
268669,Comcast,,2025-01-05,13:29:58,Internet,San Francisco,California,94114,Solved,No,comcast
281353,Comcast/Xfinity: Poor internet connection speed and poor customer service,,2025-08-05,20:45:17,Customer Care Call,San Francisco,California,94114,Closed,No,comcastxfinity poor internet connection speed and poor customer service
308648,I pay for 25Mbps internet but get less than 3Mbps,,2025-05-27,01:55:13,Internet,San Francisco,California,94114,Open,No,i pay for 25mbps internet but get less than 3mbps
328364,Comcast - Billing for service that they cannot provide,,2025-08-06,13:25:40,Internet,San Francisco,California,94127,Solved,No,comcast billing for service that they cannot provide
331768,Comcast Illegally Introduces Service Fees Without Notice or Customer Consent,,2025-09-06,21:40:24,Internet,San Francisco,California,94118,Solved,No,comcast illegally introduces service fees without notice or customer consent
333882,Comcast changed my package and wants me to pay more,,2025-10-06,20:52:41,Customer Care Call,San Francisco,California,94109,Solved,No,comcast changed my package and wants me to pay more
352492,Comcast throttling or otherwise under-delivering internet service.,,2025-06-19,16:17:28,Customer Care Call,San Francisco,California,94109,Open,No,comcast throttling or otherwise underdelivering internet service
359857,Comcast refuses to lower my bill to prevoius agreement,,2025-06-23,19:16:25,Customer Care Call,San Francisco,California,94122,Solved,No,comcast refuses to lower my bill to prevoius agreement
359987,Billing and deceitful practices by Comcast,,2025-06-23,19:58:50,Internet,San Francisco,California,94112,Solved,No,billing and deceitful practices by comcast
361965,Unfair Billing Practices engaged by Comcast/XFinity,,2025-06-24,13:39:33,Customer Care Call,San Francisco,California,94116,Solved,No,unfair billing practices engaged by comcastxfinity
362015,"Comcast overcharging, despite regular calls and agreed upon price",,2025-06-24,13:52:19,Customer Care Call,San Francisco,California,94123,Solved,No,comcast overcharging despite regular calls and agreed upon price
362908,Unclear Quoted Speeds and Prices,,2025-06-24,17:19:35,Internet,San Francisco,California,94107,Solved,Yes,unclear quoted speeds and prices
362981,Comcast billing practices,,2025-06-24,17:41:38,Customer Care Call,San Francisco,California,94117,Solved,Yes,comcast billing practices
360757,Internet Issues With Comcast,,2025-06-24,02:23:18,Customer Care Call,San Francisco,California,94117,Solved,No,internet issues with comcast
363743,Internet speed,,2025-06-25,00:45:43,Customer Care Call,San Francisco,California,94114,Open,No,internet speed
368787,Awful Internet,,2025-06-26,16:24:07,Customer Care Call,San Francisco,California,94110,Pending,No,awful internet
375439,Being charged incorrect price,,2025-06-30,16:31:30,Internet,San Francisco,California,94158,Solved,No,being charged incorrect price
220289,False billing,,2025-06-04,17:46:04,Customer Care Call,San Jose,California,95131,Closed,Yes,false billing
226118,Postal Mail Ticket - #0057,,2025-09-04,11:47:10,Customer Care Call,San Jose,California,95131,Closed,Yes,postal mail ticket 0057
241909,Comcast Xfinity Charges Consumer for Troubleshooting/Fixing its Own Problems,,2025-04-17,15:58:33,Internet,San Jose,California,95120,Closed,No,comcast xfinity charges consumer for troubleshootingfixing its own problems
224872,recent hacking of email account,,2025-08-04,17:02:42,Customer Care Call,San Jose,California,95125,Closed,No,recent hacking of email account
231549,Comcast Billing,,2025-04-13,03:13:19,Customer Care Call,San Jose,California,95112,Closed,No,comcast billing
255243,Internet service termination,,2025-04-24,13:22:00,Customer Care Call,San Jose,California,95148,Closed,No,internet service termination
270077,Unnecessary charge by Comcast for technician visit,,2025-02-05,14:21:09,Customer Care Call,San Jose,California,95113,Closed,No,unnecessary charge by comcast for technician visit
282772,"RACIST CUSTOMER SERVICE FROM MANAGER SONIA AND EMPLOYEE ADRIANA COMCAST LOCATION ""999 Edgewater Blvd, Foster City, CA 94404""",,2025-10-05,23:05:18,Internet,San Jose,California,95123,Solved,No,racist customer service from manager sonia and employee adriana comcast location 999 edgewater blvd foster city ca 94404
318183,Fraudulent use of credit card and credit card information,,2025-02-06,06:29:07,Customer Care Call,San Jose,California,95134,Closed,No,fraudulent use of credit card and credit card information
325969,Reporting Comcast's Various Problems,,2025-05-06,17:02:43,Customer Care Call,San Jose,California,95134,Closed,No,reporting comcasts various problems
349454,Comcast Billing Complaint,,2025-06-18,15:22:54,Customer Care Call,San Jose,California,95129,Open,Yes,comcast billing complaint
348118,Postal Mail Ticket #2334,,2025-06-18,10:15:18,Customer Care Call,San Jose,California,95129,Open,Yes,postal mail ticket 2334
358465,Double billing,,2025-06-23,13:52:47,Customer Care Call,San Jose,California,95136,Solved,No,double billing
359252,Refund issues,,2025-06-23,16:29:21,Customer Care Call,San Jose,California,95132,Solved,No,refund issues
360274,Price Increase,,2025-06-23,21:58:56,Customer Care Call,San Jose,California,95112,Open,No,price increase
359652,Comcast Unfair Product Bundling,,2025-06-23,18:08:45,Internet,San Jose,California,95126,Solved,No,comcast unfair product bundling
359923,Comcast not refunding deposit for cancelled Internet,,2025-06-23,19:35:09,Customer Care Call,San Jose,California,95135,Solved,No,comcast not refunding deposit for cancelled internet
360797,Comcast artificially inflating prices of Internet only services,,2025-06-24,03:15:47,Customer Care Call,San Jose,California,95126,Open,No,comcast artificially inflating prices of internet only services
360606,Extremely slow internet and no aid from Comcast,,2025-06-24,00:11:41,Customer Care Call,San Jose,California,95120,Solved,Yes,extremely slow internet and no aid from comcast
363769,Throttling/drastic reduction of speeds,,2025-06-25,02:04:32,Internet,San Jose,California,95121,Solved,Yes,throttlingdrastic reduction of speeds
275947,Comcast FRAUD,,2025-06-05,13:04:24,Customer Care Call,San Leandro,California,94579,Closed,No,comcast fraud
360756,Comcast forces rep visit then goes back on their promise,,2025-06-24,02:23:10,Customer Care Call,San Leandro,California,94578,Solved,No,comcast forces rep visit then goes back on their promise
236729,COMCAST DENIES PROVIDING OFFERED SERVICE,,2025-04-15,11:38:40,Customer Care Call,San Mateo,California,94404,Closed,No,comcast denies providing offered service
338467,Cable internet unavailable,,2025-12-06,21:18:18,Internet,San Mateo,California,94402,Closed,No,cable internet unavailable
360209,unfair pricing and raising of pricing and charging without permission,,2025-06-23,21:31:05,Customer Care Call,San Mateo,California,94403,Solved,No,unfair pricing and raising of pricing and charging without permission
369601,Concern about Comcast Internet Modem Billing Practices,,2025-06-27,02:40:23,Customer Care Call,San Mateo,California,94401,Solved,No,concern about comcast internet modem billing practices
370302,Unfair fees?,,2025-06-27,17:33:51,Customer Care Call,San Mateo,California,94403,Solved,No,unfair fees
364260,Slow Internet speed,,2025-06-25,11:20:19,Customer Care Call,San Rafael,California,94901,Open,No,slow internet speed
370299,Comcast changes bill prices without my consent,,2025-06-27,17:33:17,Internet,San Rafael,California,94903,Open,No,comcast changes bill prices without my consent
258662,false claims of internet speed tier,,2025-04-27,11:58:32,Internet,San Ramon,California,94582,Closed,No,false claims of internet speed tier
329234,"Poor Interent Connection-equipment failure, slow speed",,2025-08-06,18:14:04,Internet,San Ramon,California,94583,Closed,No,poor interent connectionequipment failure slow speed
334953,Comcast False & Misleading sale practice,,2025-11-06,14:13:07,Internet,San Ramon,California,94582,Solved,No,comcast false misleading sale practice
345891,misleading sales practice and advertising,,2025-06-17,14:17:34,Internet,San Ramon,California,94582,Closed,No,misleading sales practice and advertising
362791,"Comcast sold me a ""package"" knowing it wouldn't work for me, and proceeded to charge me more and attempt to tack on fees for their mistake",,2025-06-24,16:49:19,Customer Care Call,San Ramon,California,94582,Open,No,comcast sold me a package knowing it wouldnt work for me and proceeded to charge me more and attempt to tack on fees for their mistake
360597,Comcast bill way too high for such slow speeds,,2025-06-24,00:09:01,Customer Care Call,Sandy,Utah,84094,Open,No,comcast bill way too high for such slow speeds
240275,Comcast blocking HBO GO access on Playstation 4,,2025-04-16,18:13:05,Customer Care Call,Sandy Springs,Georgia,30350,Closed,No,comcast blocking hbo go access on playstation 4
298256,"Comcast Xfinity Data Cap in Atlanta, GA",,2025-05-19,21:25:48,Customer Care Call,Sandy Springs,Georgia,30342,Solved,No,comcast xfinity data cap in atlanta ga
363682,Comcast Data Caps,,2025-06-24,23:34:14,Internet,Sandy Springs,Georgia,30328,Pending,No,comcast data caps
367260,Comcast ignores my requests to cancel a service and instead added product to my bill and increased the monthly cost.,,2025-06-25,23:12:23,Internet,Sandy Springs,Georgia,31150,Open,No,comcast ignores my requests to cancel a service and instead added product to my bill and increased the monthly cost
220760,Being Charged for High Speed Internet and Services are not Rendered,,2025-06-04,21:59:05,Internet,Sanger,California,93657,Closed,No,being charged for high speed internet and services are not rendered
342274,Internet unreliable,,2025-06-15,20:12:55,Internet,Sanger,California,93657,Open,No,internet unreliable
359280,Price of Internet service,,2025-06-23,16:36:53,Customer Care Call,Santa Clara,California,95051,Open,No,price of internet service
359993,closed account,,2025-06-23,20:00:05,Internet,Santa Clara,California,95051,Solved,No,closed account
360705,Comcast inflated internet pricing,,2025-06-24,01:23:10,Internet,Santa Clara,California,95054,Open,No,comcast inflated internet pricing
360684,Expensive Internet Service for average speed,,2025-06-24,01:05:25,Internet,Santa Clara,California,95051,Open,No,expensive internet service for average speed
374393,Comcast pricing practices,,2025-06-30,11:54:33,Customer Care Call,Santa Clara,California,95054,Open,No,comcast pricing practices
360315,Pricing and lies,,2025-06-23,22:15:10,Customer Care Call,Santa Cruz,California,95060,Solved,No,pricing and lies
360375,Charge for service they won't deliver,,2025-06-23,22:36:45,Customer Care Call,Santa Cruz,California,95065,Open,No,charge for service they wont deliver
361828,"Comcast throttles Santa Cruz CA to 30Mbits, claims we get 50Mbits",,2025-06-24,13:05:46,Internet,Santa Cruz,California,95062,Solved,No,comcast throttles santa cruz ca to 30mbits claims we get 50mbits
362758,"Comcast Misrepresenting Speeds in Santa Cruz, CA",,2025-06-24,16:43:36,Customer Care Call,Santa Cruz,California,95062,Solved,No,comcast misrepresenting speeds in santa cruz ca
363269,Comcast wrong advertised speeds,,2025-06-24,19:26:03,Customer Care Call,Santa Cruz,California,95060,Open,No,comcast wrong advertised speeds
366448,Misrepresented Internet Speed,,2025-06-25,17:08:03,Customer Care Call,Santa Cruz,California,95060,Solved,No,misrepresented internet speed
373541,Being charged for internet speeds that equipment can not deliver,,2025-06-29,19:31:48,Customer Care Call,Santa Cruz,California,95060,Open,No,being charged for internet speeds that equipment can not deliver
215057,Huge number of lies from Comcast,,2025-02-04,17:35:48,Customer Care Call,Santa Fe,New Mexico,87507,Closed,No,huge number of lies from comcast
329212,Comcast Internet and TV,,2025-08-06,18:03:14,Customer Care Call,Santa Fe,New Mexico,87507,Solved,No,comcast internet and tv
343521,Poor internet reception,,2025-06-16,14:34:55,Customer Care Call,Santa Fe,New Mexico,87501,Open,No,poor internet reception
360587,Overcharging and shitty service,,2025-06-24,00:06:22,Internet,Santa Fe,New Mexico,87505,Solved,No,overcharging and shitty service
373570,Comcast bait and switch,,2025-06-29,19:47:55,Internet,Santa Fe,New Mexico,87505,Solved,No,comcast bait and switch
331416,Comcast Issues,,2025-09-06,19:00:18,Internet,Santa Fe,Texas,77510,Closed,No,comcast issues
373855,Throttled connection at peak time,,2025-06-30,00:00:57,Customer Care Call,Santa Maria,California,93458,Pending,No,throttled connection at peak time
349270,Comcast,,2025-06-18,14:54:44,Internet,Santa Rosa,California,95403,Solved,No,comcast
359612,Price manipulation,,2025-06-23,17:58:13,Customer Care Call,Santa Rosa,California,95407,Solved,No,price manipulation
361718,charges for internet service are bogus,,2025-06-24,12:39:35,Customer Care Call,Sarasota,Florida,34237,Solved,No,charges for internet service are bogus
316973,EXTREMELY slow Comcast Internet Connection...Have tried to have fixed but no one comes,,2025-01-06,14:34:34,Internet,Sarasota,Florida,34232,Closed,No,extremely slow comcast internet connectionhave tried to have fixed but no one comes
213120,Data Overages,,2025-01-04,20:05:57,Internet,Savannah,Georgia,31406,Closed,No,data overages
215649,Internet service disconnected accidentally by Comcast personnel. Poor service.,,2025-03-04,00:04:28,Internet,Savannah,Georgia,31405,Closed,No,internet service disconnected accidentally by comcast personnel poor service
230442,Intenet Advertised rate versus customer service phone quote with Comcast XFINITY,,2025-11-04,12:42:17,Internet,Savannah,Georgia,31419,Closed,No,intenet advertised rate versus customer service phone quote with comcast xfinity
257104,Comcast,,2025-04-25,16:01:38,Customer Care Call,Savannah,Georgia,31406,Closed,No,comcast
306396,Customer Service & Billing,,2025-05-26,08:47:55,Internet,Savannah,Georgia,31410,Solved,No,customer service billing
308746,Service issues,,2025-05-27,09:16:59,Internet,Savannah,Georgia,31419,Open,No,service issues
336532,Billing & Customer Service Issues,,2025-12-06,11:17:31,Internet,Savannah,Georgia,31406,Solved,No,billing customer service issues
359832,Outrageous billing costs and Data caps,,2025-06-23,19:09:44,Internet,Savannah,Georgia,31401,Pending,No,outrageous billing costs and data caps
365373,Falsifying Plan Rates and Charges,,2025-06-25,14:13:31,Internet,Savannah,Georgia,31401,Open,No,falsifying plan rates and charges
369310,comcast data cap,,2025-06-26,20:10:39,Internet,Savannah,Georgia,31419,Solved,No,comcast data cap
371792,Bait and switch service,,2025-06-29,11:13:48,Customer Care Call,Savannah,Georgia,31401,Pending,No,bait and switch service
373607,Unable to change my service,,2025-06-29,20:21:12,Customer Care Call,Savannah,Georgia,31410,Open,No,unable to change my service
358520,Comcast bill and service disclosure,,2025-06-23,14:05:40,Customer Care Call,Scappoose,Oregon,97056,Solved,No,comcast bill and service disclosure
211255,Comcast harassment,,2025-01-04,00:18:47,Customer Care Call,Schaumburg,Illinois,60193,Closed,No,comcast harassment
284663,Complaint regarding billing practices,,2025-11-05,21:39:36,Customer Care Call,Schaumburg,Illinois,60193,Solved,No,complaint regarding billing practices
328348,Complaint against Comcast for provisioning of Internet Service ar Residential Address,,2025-08-06,13:18:19,Customer Care Call,Schaumburg,Illinois,60193,Solved,No,complaint against comcast for provisioning of internet service ar residential address
353209,Install Gone Bad,,2025-06-19,21:35:48,Internet,Schaumburg,Illinois,60173,Solved,No,install gone bad
360692,Comcast's unfair pricing,,2025-06-24,01:11:15,Customer Care Call,Schaumburg,Illinois,60193,Solved,No,comcasts unfair pricing
263241,needed tech suport,,2025-04-29,06:53:14,Customer Care Call,Scituate,Massachusetts,2066,Closed,No,needed tech suport
277390,Speed Misrepresentation,,2025-06-05,21:59:29,Customer Care Call,Scotts Valley,California,95066,Closed,No,speed misrepresentation
347759,Fraudulent advertising,,2025-06-18,01:32:54,Internet,Scotts Valley,California,95066,Open,No,fraudulent advertising
319255,Deceptive sales practices,,2025-02-06,16:02:04,Customer Care Call,Scranton,Pennsylvania,18510,Closed,No,deceptive sales practices
325642,Comcast Trespassing,,2025-05-06,15:02:15,Internet,Scranton,Pennsylvania,18509,Closed,No,comcast trespassing
218949,Internet issues and Customer Service issues,,2025-06-04,10:32:55,Customer Care Call,Seabrook,Texas,77586,Closed,No,internet issues and customer service issues
364450,Complaints against Comcat,,2025-06-25,12:07:17,Internet,Seaford,Delaware,19973,Solved,No,complaints against comcat
233754,charge for equipment from comcast i was not made aware when i ordered it,,2025-04-14,02:06:21,Internet,Seatac,Washington,98168,Closed,No,charge for equipment from comcast i was not made aware when i ordered it
320969,XFINITY is charging me more money for my account than what it should be,,2025-03-06,13:17:41,Internet,Seatac,Washington,98188,Solved,No,xfinity is charging me more money for my account than what it should be
359028,Comcast,,2025-06-23,15:40:51,Internet,Seattle,North Carolina,98144,Solved,No,comcast
231061,Failure of service from Comcast,,2025-12-04,05:51:48,Customer Care Call,Seattle,Washington,98136,Closed,No,failure of service from comcast
231062,Failure of service from Comcast,,2025-12-04,05:51:50,Internet,Seattle,Washington,98136,Closed,No,failure of service from comcast
238513,Comcast.,,2025-04-16,03:21:48,Internet,Seattle,Washington,98178,Closed,No,comcast
229036,Internet speeds less than what we are paying for after canceling cable tv service,,2025-10-04,14:29:39,Customer Care Call,Seattle,Washington,98107,Closed,No,internet speeds less than what we are paying for after canceling cable tv service
305301,ComCast continues to bill me though I canceled months ago,,2025-05-24,13:04:12,Internet,Seattle,Washington,98109,Solved,No,comcast continues to bill me though i canceled months ago
321676,Billing & Internet Service Issues with Comcast in Seattle WA,,2025-03-06,16:38:14,Internet,Seattle,Washington,98117,Closed,No,billing internet service issues with comcast in seattle wa
326414,Comcast repeatedly failing to install Internet service,,2025-05-06,22:06:10,Customer Care Call,Seattle,Washington,98112,Solved,No,comcast repeatedly failing to install internet service
344732,Slow Internet Speed,,2025-06-17,00:35:46,Internet,Seattle,Washington,98103,Solved,No,slow internet speed
359984,Comcast's egregious billing techniques,,2025-06-23,19:57:52,Internet,Seattle,Washington,98125,Open,No,comcasts egregious billing techniques
360176,Comcast's unfair billing practices,,2025-06-23,21:23:05,Internet,Seattle,Washington,98106,Solved,No,comcasts unfair billing practices
360526,Slow Internet,,2025-06-23,23:29:52,Customer Care Call,Seattle,Washington,98012,Open,No,slow internet
366821,"slow routing, dropped packets",,2025-06-25,19:01:59,Internet,Seattle,Washington,98109,Solved,Yes,slow routing dropped packets
372108,Comcast Re-Escalation of Case # ESL01877347 - ORR,,2025-06-29,12:42:54,Internet,Seattle,Washington,98178,Open,No,comcast reescalation of case esl01877347 orr
239267,Comcast No Show's,,2025-04-16,13:21:43,Internet,Sebring,Florida,33870,Closed,Yes,comcast no shows
268873,Fraudulent Billing,,2025-01-05,14:42:34,Customer Care Call,Secaucus,New Jersey,7094,Solved,No,fraudulent billing
306934,Internet Connectivity,,2025-05-26,12:09:32,Internet,Secaucus,New Jersey,7094,Solved,No,internet connectivity
260733,Data Usage Meter,,2025-04-28,09:35:30,Customer Care Call,Senatobia,Mississippi,38668,Closed,No,data usage meter
316257,Comcast Data Usage Meter,,2025-01-06,09:44:42,Customer Care Call,Senatobia,Mississippi,38668,Open,No,comcast data usage meter
376228,Comcast/Xfinity Internet Data Cap,,2025-06-30,22:06:30,Internet,Senoia,Georgia,30276,Pending,No,comcastxfinity internet data cap
371378,"threat of shutting off service of phone,internet and TV",,2025-06-28,23:02:02,Internet,Sharon,Connecticut,6069,Pending,No,threat of shutting off service of phoneinternet and tv
256671,Comcast Data usage plan limit,,2025-04-25,09:35:16,Customer Care Call,Sharpsburg,Georgia,30277,Closed,No,comcast data usage plan limit
219826,BAD SERVICE/ PLEASE HELP,,2025-06-04,15:21:56,Customer Care Call,Shelby Township,Michigan,48317,Closed,No,bad service please help
362231,Improper modems,,2025-06-24,14:45:12,Internet,Shelby Township,Michigan,48317,Solved,No,improper modems
338800,Comcast blocking HBO GO on Playstation,,2025-06-13,10:15:06,Internet,Shelbyville,Indiana,46176,Solved,No,comcast blocking hbo go on playstation
215141,Comcast run around,,2025-02-04,18:13:28,Internet,Sheridan,Colorado,80110,Closed,No,comcast run around
218168,Multiple Unauthorized and Unwarranted Credit Checks,,2025-04-04,20:10:35,Customer Care Call,Shoreview,Minnesota,55126,Closed,No,multiple unauthorized and unwarranted credit checks
235629,Comcast Cable Billing Fraud,,2025-04-14,18:02:57,Customer Care Call,Shreveport,Louisiana,71106,Closed,No,comcast cable billing fraud
246762,Comcast billing past disconnection time,,2025-04-21,11:24:34,Internet,Shreveport,Louisiana,71118,Closed,Yes,comcast billing past disconnection time
306916,Comcast will not allow me to cancel my internet service.,,2025-05-26,11:58:57,Internet,Shreveport,Louisiana,71106,Solved,Yes,comcast will not allow me to cancel my internet service
345470,DSL,,2025-06-17,12:42:56,Customer Care Call,Shreveport,Louisiana,71105,Closed,No,dsl
361703,Contract,,2025-06-24,12:36:04,Customer Care Call,Shreveport,Louisiana,71115,Solved,No,contract
267527,Comcast over charging,,2025-04-30,19:52:57,Customer Care Call,Silver City,New Mexico,88061,Closed,No,comcast over charging
223036,Access issues have returned,,2025-07-04,21:57:32,Customer Care Call,Silver Spring,Maryland,20910,Closed,No,access issues have returned
257349,Comcast Internet Service,,2025-04-25,20:09:47,Internet,Silver Spring,Maryland,20903,Open,No,comcast internet service
293593,email sdervice,,2025-05-16,18:05:47,Customer Care Call,Sinking Spring,Pennsylvania,10608,Open,No,email sdervice
373797,Complaint against Comcast,,2025-06-29,22:37:26,Internet,Skokie,Illinois,60203,Closed,No,complaint against comcast
216841,Internet Speed,,2025-03-04,16:04:30,Internet,Slc,Utah,84124,Closed,No,internet speed
370691,Comcast Internet Complaint,,2025-06-28,01:23:56,Customer Care Call,Slc,Utah,84105,Open,No,comcast internet complaint
374352,Comcast service agreement,,2025-06-30,11:43:16,Customer Care Call,Slc,Utah,84109,Solved,No,comcast service agreement
343068,Comcast Service,,2025-06-16,12:02:39,Internet,Smyrna,Delaware,19977,Solved,No,comcast service
373980,Comcast 300GB CAP,,2025-06-30,08:15:55,Customer Care Call,Smyrna,Georgia,30080,Pending,No,comcast 300gb cap
223158,Internet Essentials,,2025-08-04,00:26:24,Internet,Smyrna,Tennessee,37167,Closed,No,internet essentials
360825,Cap complaints,,2025-06-24,04:14:57,Customer Care Call,Smyrna,Tennessee,37167,Open,Yes,cap complaints
370900,Comcast Data Caps,,2025-06-28,13:11:51,Internet,Smyrna,Tennessee,37167,Solved,No,comcast data caps
315515,continue to be scared by comcast,,2025-05-30,23:58:23,Internet,Snellville,Georgia,30078,Pending,No,continue to be scared by comcast
364194,Price Plans,,2025-06-25,11:00:28,Customer Care Call,Snellville,Georgia,30078,Solved,No,price plans
371259,Complaint against Comcast Corporation,,2025-06-28,20:06:28,Internet,Snellville,Georgia,30039,Open,No,complaint against comcast corporation
358524,Pricing discrimination/ monopolistic behavior in an oligopolistic market,,2025-06-23,14:07:44,Customer Care Call,Snoqualmie,Washington,98065,Solved,No,pricing discrimination monopolistic behavior in an oligopolistic market
342060,Internet much slower than advertised,,2025-06-15,18:16:49,Internet,Somers,New York,10589,Solved,No,internet much slower than advertised
359191,Cheating in Bundle Service Pricing,,2025-06-23,16:16:44,Internet,Somerset,New Jersey,8873,Open,No,cheating in bundle service pricing
367242,Deceptive Business Practices by Comcast,,2025-06-25,22:41:05,Internet,Somerset,New Jersey,8873,Open,No,deceptive business practices by comcast
336340,comcast,,2025-12-06,09:47:20,Internet,Somerset,Pennsylvania,15501,Closed,No,comcast
338856,Comcast Monopoly and Abuse,,2025-06-13,11:06:05,Internet,Somerville,Massachusetts,2143,Solved,No,comcast monopoly and abuse
362997,Comcast Billing,,2025-06-24,17:46:53,Internet,Somerville,Massachusetts,2143,Closed,No,comcast billing
271145,Billing,,2025-04-05,10:50:12,Customer Care Call,Somonauk,Illinois,60552,Closed,No,billing
266198,Comcast billing and account issues,,2025-04-30,12:13:25,Internet,South Bend,Indiana,46615,Closed,Yes,comcast billing and account issues
340067,Comcast Rate,,2025-06-14,17:14:15,Internet,South Bend,Indiana,46601,Solved,No,comcast rate
360268,Comcast Service and Customer Service,,2025-06-23,21:55:56,Customer Care Call,South Bend,Indiana,46637,Solved,No,comcast service and customer service
364137,Comcast data cap,,2025-06-25,10:34:04,Internet,South Berwick,Maine,3908,Solved,No,comcast data cap
277566,Comcast Internet Service,,2025-07-05,07:32:13,Customer Care Call,South Hadley,Massachusetts,1075,Solved,No,comcast internet service
325430,FCC.gov website for complaints,,2025-05-06,14:00:48,Customer Care Call,South Hadley,Massachusetts,1075,Closed,No,fccgov website for complaints
308301,Comcast Billing Complaint,,2025-05-26,19:59:11,Customer Care Call,South Haven,Michigan,49090,Open,No,comcast billing complaint
254669,Denial of service,,2025-04-24,09:49:00,Internet,South Lyon,Michigan,48178,Closed,No,denial of service
258986,"Internet Help @ , South Lyon, MI 48178",,2025-04-27,13:28:24,Customer Care Call,South Lyon,Michigan,48178,Closed,No,internet help south lyon mi 48178
259001,"Internet help @ , South Lyon, MI 48178",,2025-04-27,13:35:11,Customer Care Call,South Lyon,Michigan,48178,Closed,No,internet help south lyon mi 48178
256720,very low wireless speed not working well,,2025-04-25,10:32:11,Internet,South River,New Jersey,8882,Closed,No,very low wireless speed not working well
309812,internet service from comcast,,2025-05-27,16:07:27,Internet,Southampton,Pennsylvania,18966,Solved,No,internet service from comcast
293693,Comcast,,2025-05-16,20:17:04,Customer Care Call,Southaven,Mississippi,38672,Open,No,comcast
346868,Data Usage Cap,,2025-06-17,18:12:02,Internet,Southaven,Mississippi,38672,Open,No,data usage cap
350181,Charged for data not actually used,,2025-06-18,17:39:28,Customer Care Call,Southaven,Mississippi,38671,Open,No,charged for data not actually used
350184,Charged for data not actually used,,2025-06-18,17:39:57,Customer Care Call,Southaven,Mississippi,38671,Closed,No,charged for data not actually used
362544,Data overage charges,,2025-06-24,15:59:46,Internet,Southaven,Mississippi,38671,Solved,No,data overage charges
339614,Poor internet,,2025-06-13,22:37:11,Customer Care Call,Southfield,Michigan,48034,Open,No,poor internet
375943,Speed,,2025-06-30,19:11:06,Internet,Southfield,Michigan,48076,Open,No,speed
261499,billing issues,,2025-04-28,13:31:05,Customer Care Call,Spokane,Washington,99205,Closed,No,billing issues
270680,"Fraudulent billing, erroneous billing, overbilling",,2025-03-05,16:10:46,Customer Care Call,Spokane,Washington,99201,Closed,No,fraudulent billing erroneous billing overbilling
361098,xfinity customer service,,2025-06-24,09:57:42,Internet,Spokane,Washington,99208,Solved,No,xfinity customer service
363813,Internet price,,2025-06-25,04:40:33,Customer Care Call,Spokane,Washington,99223,Solved,No,internet price
218518,Comcast throttling my high-speed internet,,2025-05-04,15:24:23,Customer Care Call,Spokane Valley,Washington,99216,Closed,No,comcast throttling my highspeed internet
375809,Slow internet / Over Charged Billing,,2025-06-30,18:26:09,Internet,Spokane Valley,Washington,99212,Open,Yes,slow internet over charged billing
314752,No internet available since a comcast techinitian did an intervention to change plans,,2025-05-30,08:00:45,Internet,Spring,Texas,77382,Solved,No,no internet available since a comcast techinitian did an intervention to change plans
352940,Comcast Xfinity Monopoly Abuses,,2025-06-19,18:35:52,Internet,Spring,Texas,77389,Open,No,comcast xfinity monopoly abuses
359794,Comcast Billing Support and Practices,,2025-06-23,18:56:46,Internet,Spring,Texas,77388,Solved,No,comcast billing support and practices
364963,Extremely Poor Customer Service,,2025-06-25,13:10:31,Internet,Spring,Texas,77373,Solved,Yes,extremely poor customer service
316650,Interrnet Service,,2025-01-06,12:41:14,Customer Care Call,Spring City,Pennsylvania,19475,Closed,No,interrnet service
244218,Comcast,,2025-04-20,10:19:31,Customer Care Call,Spring Lake,Michigan,49456,Closed,No,comcast
256691,Comcast Cable and Internet,,2025-04-25,09:56:34,Internet,Spring Lake,North Carolina,28390,Closed,No,comcast cable and internet
218124,Comcast,,2025-04-04,19:06:05,Customer Care Call,Springfield,Illinois,62704,Closed,No,comcast
259189,Comcast,,2025-04-27,14:26:26,Customer Care Call,Springfield,Illinois,62712,Closed,No,comcast
283536,Comcast accourt,,2025-11-05,13:39:44,Internet,Springfield,Illinois,62703,Solved,No,comcast accourt
318436,availabilty,,2025-02-06,11:04:13,Internet,Springfield,Illinois,62711,Closed,No,availabilty
338859,Comcast Internet Services,,2025-06-13,11:08:27,Internet,Springfield,Illinois,62703,Solved,No,comcast internet services
358498,Unfair billing practices by Comcast Xfinity,,2025-06-23,14:00:31,Internet,Springfield,Illinois,62704,Solved,No,unfair billing practices by comcast xfinity
364896,Unfair Billing Practices,,2025-06-25,13:05:19,Internet,Springfield,Illinois,62701,Solved,No,unfair billing practices
371472,Incorrect Billing of NON-RENTED Equipment,,2025-06-29,06:21:41,Customer Care Call,Springfield,Illinois,62704,Solved,No,incorrect billing of nonrented equipment
242481,paying for hi speed internet 105 mbps,,2025-04-17,21:02:05,Customer Care Call,Springfield,Massachusetts,1128,Closed,No,paying for hi speed internet 105 mbps
350035,"Comcast Internet, being charged full price for partial service",,2025-06-18,16:50:42,Internet,Springfield,Oregon,97478,Solved,No,comcast internet being charged full price for partial service
363649,Poor Quality Service and Broken Promises,,2025-06-24,22:54:37,Customer Care Call,Springfield,Oregon,97477,Pending,No,poor quality service and broken promises
218097,Monthly Rate Confusion & Poor Customer Support,,2025-04-04,18:20:50,Internet,St Augustine,Florida,32080,Closed,No,monthly rate confusion poor customer support
326114,billing complaint - Comcast digital phone/internet service,,2025-05-06,18:03:30,Customer Care Call,St Augustine,Florida,32086,Solved,No,billing complaint comcast digital phoneinternet service
357733,Comcast (Xfinity) Internet Service,,2025-06-23,10:52:14,Internet,St Augustine,Florida,32084,Solved,No,comcast xfinity internet service
340158,Cant cancel internet on Sundays?,,2025-06-14,19:33:20,Customer Care Call,St Cloud,Florida,34772,Solved,No,cant cancel internet on sundays
361572,Internet Speeds,,2025-06-24,12:10:30,Customer Care Call,St Johns,Florida,32259,Solved,No,internet speeds
313370,Comcast - HBO - PS3,,2025-05-29,12:44:16,Internet,St Paul,Minnesota,55104,Pending,No,comcast hbo ps3
369429,Over Charged for Service Never Received,,2025-06-26,21:52:17,Customer Care Call,St. Augustine,Florida,32080,Solved,No,over charged for service never received
262108,Comcast,,2025-04-28,16:03:22,Customer Care Call,St. Paul,Minnesota,55108,Closed,No,comcast
320534,Billing Issues,,2025-03-06,10:55:17,Internet,St. Paul,Minnesota,55116,Closed,No,billing issues
362731,Internet speeds not as advertised. Bandwith not available as advertised,,2025-06-24,16:38:27,Customer Care Call,St. Paul,Minnesota,55116,Solved,No,internet speeds not as advertised bandwith not available as advertised
376190,Comcast Xfinity Deceptive Billing Practices,,2025-06-30,21:33:20,Customer Care Call,St. Paul,Minnesota,55116,Closed,No,comcast xfinity deceptive billing practices
329610,Xfiniti account,,2025-08-06,21:33:54,Customer Care Call,Steamboat Springs,Colorado,80477,Solved,No,xfiniti account
297456,Excessive early termination fees due immediately after 10+ years of service,,2025-05-19,15:45:08,Internet,Stephens City,Virginia,22655,Solved,No,excessive early termination fees due immediately after 10 years of service
247328,Comcast Complaint,,2025-04-21,13:17:54,Internet,Sterling,Illinois,61081,Closed,Yes,comcast complaint
372295,"Comcast Forcing me to purchase cable tv, only want internet",,2025-06-29,13:36:41,Customer Care Call,Sterling,Illinois,61081,Solved,No,comcast forcing me to purchase cable tv only want internet
262192,installed on 4/26 still not working,,2025-04-28,16:27:34,Customer Care Call,Sterling,Virginia,20166,Closed,No,installed on 426 still not working
322413,Comcast / Xfinity Billing Issue,,2025-03-06,22:29:02,Internet,Sterling Heights,Michigan,48312,Solved,No,comcast xfinity billing issue
369649,Xfinity security system,,2025-06-27,08:28:16,Internet,Sterling Heights,Michigan,48310,Solved,No,xfinity security system
361383,Billing Overcharging Issues By Comcast,,2025-06-24,11:14:43,Internet,Sterling Hts,Michigan,48310,Pending,No,billing overcharging issues by comcast
359099,Internet Speed Cut in Half with no Notification,,2025-06-23,15:55:31,Internet,Stevensville,Michigan,49127,Pending,No,internet speed cut in half with no notification
337660,internet access,,2025-12-06,16:23:28,Customer Care Call,Stillwater,Minnesota,55082,Pending,No,internet access
327569,Data Caps,,2025-07-06,18:09:44,Internet,Stockbridge,Georgia,30281,Solved,No,data caps
362576,Comcast Data Cap,,2025-06-24,16:04:24,Customer Care Call,Stockbridge,Georgia,30281,Pending,No,comcast data cap
236066,Complaint#67455,,2025-04-14,21:38:30,Customer Care Call,Stockton,California,95219,Closed,No,complaint67455
319877,Bad interner speeds and access,,2025-02-06,19:54:40,Customer Care Call,Stockton,California,95062,Closed,Yes,bad interner speeds and access
360748,Billing practices,,2025-06-24,02:11:24,Internet,Stockton,California,95219,Closed,No,billing practices
368078,Fraud,,2025-06-26,12:47:29,Customer Care Call,Stockton,California,95202,Open,No,fraud
211784,billing,,2025-01-04,12:32:23,Customer Care Call,Stone Mountain,Georgia,30083,Closed,No,billing
220145,No email service from Comcast,,2025-06-04,17:02:34,Internet,Stone Mountain,Georgia,30087,Closed,No,no email service from comcast
223729,Service Quality,,2025-08-04,11:54:56,Customer Care Call,Stone Mountain,Georgia,30088,Closed,No,service quality
336079,No internet service,,2025-11-06,22:35:03,Internet,Stone Mountain Ga,Georgia,30087,Solved,No,no internet service
218840,COMPLAINT ABOUT COMCAST/XFinity,,2025-06-04,09:02:43,Customer Care Call,Stoughton,Massachusetts,2072,Closed,No,complaint about comcastxfinity
372154,Comcast- Unfair Pricing,,2025-06-29,12:55:22,Customer Care Call,Streamwood,Illinois,60107,Open,No,comcast unfair pricing
333465,high speed internet access,,2025-10-06,17:32:37,Customer Care Call,Stuart,Florida,24996,Closed,No,high speed internet access
344690,Internet being throttled,,2025-06-16,22:58:37,Internet,Sugar Land,Texas,77479,Open,No,internet being throttled
308769,no internet service for more than 20 days,,2025-05-27,09:46:33,Internet,Sugarland,Texas,77479,Solved,No,no internet service for more than 20 days
303597,Paying for service for 12 months without recieving the service,,2025-05-22,14:31:20,Customer Care Call,Suisun City,California,94585,Solved,No,paying for service for 12 months without recieving the service
233471,Internet Outage,,2025-04-13,20:19:14,Internet,Suitland,Maryland,20746,Closed,No,internet outage
356742,Comcast data cap,,2025-06-22,17:43:44,Internet,Sullivan'S Island,South Carolina,29482,Solved,No,comcast data cap
361903,Continuous Internet problems.,,2025-06-24,13:22:57,Customer Care Call,Summerfield,Florida,34491,Solved,No,continuous internet problems
255037,Billing - Comcast,,2025-04-24,12:22:26,Internet,Sunnyvale,California,94087,Closed,No,billing comcast
272394,Comcast refusing to fix connectivity issues,,2025-04-05,17:22:20,Customer Care Call,Sunnyvale,California,94087,Solved,No,comcast refusing to fix connectivity issues
308850,Comcast charged me higher than quoted on the phone,,2025-05-27,10:43:01,Internet,Sunnyvale,California,94089,Solved,No,comcast charged me higher than quoted on the phone
331848,Misleading and deceptive sale of Internet service,,2025-09-06,22:59:40,Customer Care Call,Sunnyvale,California,94086,Solved,No,misleading and deceptive sale of internet service
307472,Comcast Refund and discontinue Service billing,,2025-05-26,14:28:50,Customer Care Call,Sunrise,Florida,33351,Open,No,comcast refund and discontinue service billing
242577,Comcast service and pricing,,2025-04-17,23:08:08,Internet,Suquamish,Washington,98392,Closed,No,comcast service and pricing
265823,Billed for services not ordered or recieved,,2025-04-30,09:47:27,Customer Care Call,Surf City,New Jersey,8008,Closed,No,billed for services not ordered or recieved
213518,Xfinity/Comcast throttles bandwidth way below contract level,,2025-02-04,08:29:01,Customer Care Call,Suwanee,Georgia,30024,Closed,No,xfinitycomcast throttles bandwidth way below contract level
344883,Comcast Data Usage Limit in Atlanta,,2025-06-17,09:54:55,Customer Care Call,Suwanee,Georgia,30024,Solved,No,comcast data usage limit in atlanta
369563,comcast data caps,,2025-06-27,00:33:29,Internet,Suwanee,Georgia,30038,Pending,No,comcast data caps
290085,COMCAST INTERNET,,2025-05-14,14:32:01,Customer Care Call,Swedesboro,New Jersey,8085,Solved,No,comcast internet
345639,Recent fines to AT&T and possibly...,,2025-06-17,13:23:44,Internet,Swoyersville,Pennsylvania,18704,Open,No,recent fines to att and possibly
358840,Predatory Monopolistic Pricing,,2025-06-23,15:07:40,Customer Care Call,Sykesville,Maryland,21784,Solved,No,predatory monopolistic pricing
363603,Outrageous Comcast charges,,2025-06-24,22:22:12,Internet,Sykesville,Maryland,21784,Solved,No,outrageous comcast charges
371208,Price fixing and monopolistic behaivor,,2025-06-28,18:33:01,Customer Care Call,Sykesville,Maryland,21784,Solved,No,price fixing and monopolistic behaivor
258152,Customer service,,2025-04-27,07:00:03,Internet,Tabernacle,New Jersey,8088,Closed,No,customer service
326331,bills/identity,,2025-05-06,20:44:55,Customer Care Call,Tacoma,Washington,98405,Solved,No,billsidentity
362484,"I pay for 50 mbps, get 10 at best",,2025-06-24,15:49:24,Customer Care Call,Tacoma,Washington,98422,Open,No,i pay for 50 mbps get 10 at best
369894,Poor service from Xfinity,,2025-06-27,12:21:07,Customer Care Call,Tacoma,Washington,98445,Solved,Yes,poor service from xfinity
221876,Comcast Practices/ billing,,2025-07-04,14:17:17,Internet,Tallahassee,Florida,32317,Closed,No,comcast practices billing
233356,Comcast cable,,2025-04-13,19:20:05,Internet,Tallahassee,Florida,32317,Closed,No,comcast cable
261206,Complaint regarding Comcast,,2025-04-28,12:15:08,Customer Care Call,Tallahassee,Florida,32317,Closed,No,complaint regarding comcast
279834,Intermittent internet,,2025-08-05,10:50:03,Customer Care Call,Tallahassee,Florida,32303,Closed,No,intermittent internet
304971,unreliable connection,,2025-05-23,17:15:49,Internet,Tallahassee,Florida,32308,Solved,Yes,unreliable connection
304972,unreliable connection,,2025-05-23,17:15:51,Customer Care Call,Tallahassee,Florida,32308,Closed,Yes,unreliable connection
325610,Comcast is awful,,2025-05-06,14:50:45,Customer Care Call,Tallahassee,Florida,32303,Solved,Yes,comcast is awful
361123,Comcast Billing,,2025-06-24,10:05:42,Internet,Tallahassee,Florida,32311,Solved,Yes,comcast billing
361389,Tallahassee Comcast rates high without competition,,2025-06-24,11:15:55,Internet,Tallahassee,Florida,32312,Solved,No,tallahassee comcast rates high without competition
362352,60 day delay in cancelling service agreement,,2025-06-24,15:18:29,Customer Care Call,Tallahassee,Florida,32308,Solved,No,60 day delay in cancelling service agreement
366673,Unfair Billing Practices,,2025-06-25,18:09:01,Internet,Tallahassee,Florida,32303,Solved,No,unfair billing practices
368496,Internet Speed,,2025-06-26,14:56:36,Internet,Tallahassee,Florida,32304,Solved,No,internet speed
310791,Comcast Internet Issue,,2025-05-28,07:32:55,Internet,Tamarac,Florida,33321,Solved,No,comcast internet issue
246156,Xfinity Issues,,2025-04-20,22:28:38,Internet,Taylorsville,Utah,84123,Closed,No,xfinity issues
344114,Back to back bill,,2025-06-16,17:33:34,Customer Care Call,Taylorsville,Utah,84129,Solved,No,back to back bill
267864,"loss of signal SEVERAL times a day, VERY slow connectivity very often, Several issues with television also not just internet",,2025-01-05,02:40:47,Customer Care Call,Tenino,Washington,98589,Closed,No,loss of signal several times a day very slow connectivity very often several issues with television also not just internet
346171,Poor service/paying for unusable services,,2025-06-17,15:23:40,Internet,Tewksbury,Alabama,1876,Solved,Yes,poor servicepaying for unusable services
257261,Scam concerning Ham License register book.,,2025-04-25,18:24:50,Customer Care Call,Texas City,Texas,77590,Closed,No,scam concerning ham license register book
360561,Comcast bill doubled without notice,,2025-06-23,23:48:31,Customer Care Call,The Woodlands,Texas,77380,Open,No,comcast bill doubled without notice
331448,Comcast Complaint,,2025-09-06,19:13:21,Customer Care Call,Thornton,Colorado,80229,Closed,No,comcast complaint
258344,"Comcast bars HBOGo from streaming to purchased device of my choosing, PS4",,2025-04-27,10:28:11,Customer Care Call,Three Rivers,Michigan,49093,Closed,No,comcast bars hbogo from streaming to purchased device of my choosing ps4
283584,internet services,,2025-11-05,13:53:04,Customer Care Call,Tiburon,California,94920,Closed,No,internet services
220830,Comcast charges in violation of contract,,2025-06-04,23:17:15,Customer Care Call,Tigard,Oregon,97223,Closed,No,comcast charges in violation of contract
374193,Someone at Comcast added services without me knowing,,2025-06-30,10:47:43,Internet,Tomball,Texas,77375,Solved,No,someone at comcast added services without me knowing
235976,Comcast won't pay me my refund,,2025-04-14,20:55:51,Internet,Toney,Alabama,35773,Closed,No,comcast wont pay me my refund
342712,Data caps for broadband internet,,2025-06-16,10:07:01,Internet,Topsham,Maine,4086,Open,Yes,data caps for broadband internet
318166,Comcast had said I had a credit but then issued a regular bill,,2025-02-06,03:29:26,Customer Care Call,Tracy,California,95376,Solved,Yes,comcast had said i had a credit but then issued a regular bill
256900,Comcast,,2025-04-25,12:59:55,Internet,Trenton,New Jersey,8608,Closed,No,comcast
252485,why am I paying for this ?,,2025-04-23,13:29:05,Customer Care Call,Triangle,Virginia,22172,Closed,No,why am i paying for this
375640,Comcast service complaint,,2025-06-30,17:26:53,Internet,Troy,Michigan,48083,Pending,No,comcast service complaint
332583,Complaint about Comcast,,2025-10-06,12:39:27,Internet,Tualatin,Oregon,97062,Solved,No,complaint about comcast
360650,Comcast complaint,,2025-06-24,00:39:23,Internet,Tualatin,Oregon,97062,Open,No,comcast complaint
307797,Comcast is inaccurately measuring bandwidth consumption.,,2025-05-26,16:29:12,Internet,Tucker,Georgia,30084,Closed,No,comcast is inaccurately measuring bandwidth consumption
243690,Data capping and lack of options in Tucson AZ,,2025-04-19,15:14:43,Internet,Tucson,Arizona,85743,Closed,Yes,data capping and lack of options in tucson az
218553,Poor Internet Service,,2025-05-04,16:12:12,Internet,Tucson,Arizona,85718,Closed,No,poor internet service
257660,comcast is changing my paper bill to ecobill without my consent,,2025-04-26,11:59:36,Customer Care Call,Tucson,Arizona,85704,Closed,No,comcast is changing my paper bill to ecobill without my consent
263031,"Internet ""Overage"" Charges",,2025-04-28,21:52:27,Customer Care Call,Tucson,Arizona,85737,Closed,No,internet overage charges
272685,Improper Billing/Services,,2025-04-05,19:36:08,Internet,Tucson,Arizona,85718,Solved,No,improper billingservices
303296,Data Caps,,2025-05-22,12:32:45,Customer Care Call,Tucson,Arizona,85718,Open,No,data caps
303430,Data Caps,,2025-05-22,13:19:55,Internet,Tucson,Arizona,85718,Closed,Yes,data caps
309981,"Comcast ""Unlimited"" Internet Access recently limited to 300GB per month",,2025-05-27,17:10:24,Internet,Tucson,Arizona,85741,Solved,No,comcast unlimited internet access recently limited to 300gb per month
313928,Deceptive Advertising,,2025-05-29,15:46:14,Internet,Tucson,Arizona,85749,Solved,No,deceptive advertising
326487,Comcast data cap/meter,,2025-06-06,01:42:02,Customer Care Call,Tucson,Arizona,85742,Solved,Yes,comcast data capmeter
347736,Data Cap,,2025-06-18,00:35:23,Internet,Tucson,Arizona,85741,Open,No,data cap
353020,Comcast Data Meter/Cap,,2025-06-19,19:01:42,Internet,Tucson,Arizona,85742,Closed,Yes,comcast data metercap
360493,Comcast service and billing,,2025-06-23,23:14:43,Internet,Tucson,Arizona,85745,Solved,No,comcast service and billing
361278,Data Limits,,2025-06-24,10:49:25,Customer Care Call,Tucson,Arizona,85749,Solved,No,data limits
360586,Tucson Comcast Data Caps on Internet Service,,2025-06-24,00:03:41,Customer Care Call,Tucson,Arizona,85718,Pending,No,tucson comcast data caps on internet service
363735,Data Cap,,2025-06-25,00:36:03,Customer Care Call,Tucson,Arizona,85742,Pending,No,data cap
363773,Home Internet Data Caps,,2025-06-25,02:07:29,Internet,Tucson,Arizona,85741,Pending,No,home internet data caps
368168,Comcast falsely claims service is provided in neighborhood,,2025-06-26,13:22:52,Customer Care Call,Tucson,Arizona,85718,Solved,No,comcast falsely claims service is provided in neighborhood
367324,Data usage cap with Comcast Xfinity,,2025-06-26,01:53:47,Internet,Tucson,Arizona,85750,Pending,No,data usage cap with comcast xfinity
336982,Comcast monopoly,,2025-12-06,13:18:20,Internet,Tukwila,Washington,98188,Solved,No,comcast monopoly
374566,Comcast Data Usage Plan Trial,,2025-06-30,12:42:23,Internet,Tupelo,Mississippi,38804,Pending,No,comcast data usage plan trial
357359,Comcast slowing internet speeds intentionally,,2025-06-22,23:36:40,Internet,Turnersville,New Jersey,8012,Solved,Yes,comcast slowing internet speeds intentionally
335869,Xfinity Data Caps,,2025-11-06,19:52:22,Customer Care Call,Tuscaloosa,Alabama,35401,Solved,No,xfinity data caps
360717,Comcast Data Caps and Throttling,,2025-06-24,01:31:17,Customer Care Call,Tuscaloosa,Alabama,35401,Pending,No,comcast data caps and throttling
226421,Increased monthly fee on 3 year contract,,2025-09-04,13:07:49,Customer Care Call,Tuscumbia,Alabama,35674,Closed,Yes,increased monthly fee on 3 year contract
302629,installation fee,,2025-05-21,21:33:25,Customer Care Call,Union City,California,94587,Open,No,installation fee
310832,Comcast issues don't get resolved,,2025-05-28,08:35:51,Internet,Union City,Georgia,30291,Pending,No,comcast issues dont get resolved
354508,Data Cap,,2025-06-21,09:25:06,Customer Care Call,Union City,Georgia,30291,Solved,No,data cap
356764,shitty comcast,,2025-06-22,17:52:29,Customer Care Call,Urbana,Illinois,61801,Pending,No,shitty comcast
359468,shitty comcast service,,2025-06-23,17:20:00,Customer Care Call,Urbana,Illinois,61801,Pending,No,shitty comcast service
360548,Terrible pricing for only one viable option,,2025-06-23,23:36:12,Internet,Vacaville,California,95687,Solved,No,terrible pricing for only one viable option
242410,Unfair Billing Practice and Services,,2025-04-17,20:03:20,Customer Care Call,Vallejo,California,94589,Closed,Yes,unfair billing practice and services
350863,Pay 2500 for cable line,,2025-06-18,23:54:08,Customer Care Call,Valley Springs,California,95252,Solved,No,pay 2500 for cable line
346765,Inability to get service transferred,,2025-06-17,17:48:13,Internet,Valparaiso,Indiana,46383,Solved,No,inability to get service transferred
371230,Poor Service or no Service,,2025-06-28,19:32:40,Customer Care Call,Valrico,Florida,33594,Open,No,poor service or no service
238116,access to service,,2025-04-15,19:29:17,Customer Care Call,Vancouver,Washington,98664,Closed,Yes,access to service
218733,Speed consistently 1/25 of speed paid for,,2025-05-04,23:43:18,Customer Care Call,Vancouver,Washington,98661,Closed,No,speed consistently 125 of speed paid for
242545,Comcast Throttling Internet,,2025-04-17,22:13:08,Customer Care Call,Vancouver,Washington,98685,Closed,No,comcast throttling internet
257659,Slow Internet,,2025-04-26,11:57:11,Customer Care Call,Vancouver,Washington,98660,Closed,No,slow internet
273429,Comcast internet service,,2025-05-05,12:01:13,Internet,Vancouver,Washington,98684,Closed,Yes,comcast internet service
281231,Incorrect billing,,2025-08-05,19:11:19,Customer Care Call,Vancouver,Washington,98685,Open,No,incorrect billing
316159,comcast xfinity,,2025-01-06,04:37:59,Internet,Vancouver,Washington,98661,Solved,No,comcast xfinity
312977,Comcast Fraudulent Charges,,2025-05-29,09:28:16,Internet,Vashon,Washington,98070,Open,No,comcast fraudulent charges
363419,Re: Unfair Billing Practices Complaints against Comcast,,2025-06-24,20:39:30,Internet,Vernon Hills,Illinois,60061,Solved,No,re unfair billing practices complaints against comcast
342428,My Comcast Bill for Internet/Cable/Phone service,,2025-06-15,22:30:55,Customer Care Call,Vero Beach,Florida,32966,Open,No,my comcast bill for internetcablephone service
360969,Monopolist power of Comcast in my service area,,2025-06-24,08:56:48,Customer Care Call,Vero Beach,Florida,32963,Solved,No,monopolist power of comcast in my service area
367693,Comcast/Xfinity Communication,,2025-06-26,10:52:50,Customer Care Call,Vero Beach,Florida,32967,Solved,No,comcastxfinity communication
243582,No Internet,,2025-04-19,11:46:18,Customer Care Call,Villa Rica,Georgia,30180,Solved,No,no internet
334816,"Comcast-Non existent customer service, terrible internet connection",,2025-11-06,13:22:03,Internet,Vincentown,New Jersey,8088,Solved,No,comcastnon existent customer service terrible internet connection
282436,Slow download and upload speeds,,2025-10-05,12:06:10,Internet,Vineland,New Jersey,8361,Closed,No,slow download and upload speeds
375485,Repeatedly have been promised installations without anyone arriving or notifying,,2025-06-30,16:40:15,Internet,Voorhees,New Jersey,8043,Solved,No,repeatedly have been promised installations without anyone arriving or notifying
360535,Comcast Internet,,2025-06-23,23:31:13,Internet,Walnut Creek,California,94596,Pending,No,comcast internet
360636,Internet Speeds are Wacko,,2025-06-24,00:32:32,Internet,Walnut Creek,California,94595,Solved,No,internet speeds are wacko
277005,Unresolved Comcast fraudulent billing,,2025-06-05,18:13:16,Internet,Walterboro,South Carolina,29488,Closed,No,unresolved comcast fraudulent billing
355153,comcast internet service,,2025-06-22,09:42:31,Customer Care Call,Ware,Massachusetts,1082,Closed,No,comcast internet service
252611,comcast email acess,,2025-04-23,14:04:52,Internet,Warren,Ohio,44481,Closed,No,comcast email acess
357069,Internet service loses signal,,2025-06-22,20:06:43,Customer Care Call,Warrenville,Illinois,60555,Solved,No,internet service loses signal
360625,Comcast Bill,,2025-06-24,00:24:38,Internet,Warrenville,Illinois,60555,Solved,No,comcast bill
357230,"Horrible Customer Service, Bad Service",,2025-06-22,21:35:37,Customer Care Call,Warsaw,Indiana,46580,Solved,No,horrible customer service bad service
216620,"Comcast (no service, hung up on, 3 in person attempts by technician and all were no show with no call back)",,2025-03-04,14:45:12,Customer Care Call,Washington,District Of Columbia,20013,Closed,No,comcast no service hung up on 3 in person attempts by technician and all were no show with no call back
256283,Inexplicable Disconnection & Subsequent Mishandling,,2025-04-24,19:01:10,Customer Care Call,Washington,District Of Columbia,20001,Closed,No,inexplicable disconnection subsequent mishandling
259550,Comcast: Billing issue,,2025-04-27,16:13:59,Customer Care Call,Washington,District Of Columbia,20002,Closed,No,comcast billing issue
267642,Comcast Internet Service,,2025-04-30,21:16:53,Customer Care Call,Washington,District Of Columbia,20037,Closed,No,comcast internet service
303715,Billing Complaint,,2025-05-22,15:21:42,Customer Care Call,Washington,District Of Columbia,20005,Solved,Yes,billing complaint
306239,Credit on Bill and Change of Service Request,,2025-05-25,21:56:13,Customer Care Call,Washington,District Of Columbia,20010,Pending,No,credit on bill and change of service request
311271,Internet speed,,2025-05-28,12:26:21,Internet,Washington,District Of Columbia,20018,Solved,Yes,internet speed
318489,False sales offers,,2025-02-06,11:30:41,Customer Care Call,Washington,District Of Columbia,20037,Closed,No,false sales offers
335489,Incorrect Disclosure,,2025-11-06,17:20:29,Customer Care Call,Washington,District Of Columbia,20002,Solved,No,incorrect disclosure
340431,Paying for 50MB/s and getting 26MB/s,,2025-06-15,08:40:28,Internet,Washington,District Of Columbia,20024,Solved,No,paying for 50mbs and getting 26mbs
360231,Comcast misleading HSI customers,,2025-06-23,21:43:20,Customer Care Call,Washington,District Of Columbia,20026,Solved,No,comcast misleading hsi customers
361379,Throttling of Comcast internet services,,2025-06-24,11:12:59,Internet,Washington,District Of Columbia,20002,Solved,No,throttling of comcast internet services
360961,Billing,,2025-06-24,08:52:57,Internet,Washington,District Of Columbia,20037,Solved,No,billing
364571,Unfair and Monopolistic Billing Practices,,2025-06-25,12:23:36,Customer Care Call,Washington,District Of Columbia,20009,Solved,No,unfair and monopolistic billing practices
364340,Comcast/Xfinity,,2025-06-25,11:42:08,Internet,Washington,District Of Columbia,20036,Solved,No,comcastxfinity
372912,Comcast Internet,,2025-06-29,16:24:38,Customer Care Call,Washington,District Of Columbia,20003,Open,No,comcast internet
368743,Broadband internet malfeasance by Comcast,,2025-06-26,16:13:26,Internet,Washington,Michigan,48095,Solved,No,broadband internet malfeasance by comcast
212381,"Comcast speeds as low as 12 MB/s, paying for 105 MB/s and they wont figure it out.",,2025-01-04,15:10:12,Customer Care Call,Washington,Pennsylvania,15301,Closed,No,comcast speeds as low as 12 mbs paying for 105 mbs and they wont figure it out
260891,Lack of ISP choice,,2025-04-28,10:27:41,Internet,Washington,Pennsylvania,15301,Closed,No,lack of isp choice
363290,FAILURE TO PROVIDE SERVICE WHILE STILL BILLING,,2025-06-24,19:39:25,Internet,Washington Dc,District Of Columbia,20020,Solved,No,failure to provide service while still billing
364377,Slow Internet speeds,,2025-06-25,11:49:34,Internet,Washington Terrace,Utah,84405,Open,No,slow internet speeds
341156,Monopolies mean high prices and mediocre service,,2025-06-15,13:48:51,Internet,Waterbury,Connecticut,6708,Solved,Yes,monopolies mean high prices and mediocre service
363972,Internet Speed,,2025-06-25,09:20:09,Customer Care Call,Waterbury,Connecticut,6704,Solved,No,internet speed
340558,Complaint #2. No resolution. Please help. Thank you.,,2025-06-15,10:12:57,Internet,Waterford,Michigan,48328,Solved,No,complaint 2 no resolution please help thank you
260999,Comcast is charging consumer too much,,2025-04-28,11:06:03,Internet,Watertown,Massachusetts,2472,Closed,No,comcast is charging consumer too much
340299,Comcast slowing down Netflix,,2025-06-14,22:57:24,Internet,Wauconda,Illinois,60084,Solved,No,comcast slowing down netflix
364010,Comcast Excessive Charge When Cancelling Service,,2025-06-25,09:40:39,Internet,Waukee,Iowa,50263,Solved,No,comcast excessive charge when cancelling service
213198,Fradulent Services,,2025-01-04,20:56:38,Customer Care Call,Waukegan,Illinois,60085,Closed,No,fradulent services
211677,Comcast refusal of service,,2025-01-04,12:01:06,Customer Care Call,Wayne,Pennsylvania,19087,Closed,No,comcast refusal of service
370429,(Comcast is not my complaint!) Cyber Tele-marketing is my complaint!,,2025-06-27,19:04:11,Customer Care Call,Weirton,West Virginia,26062,Closed,No,comcast is not my complaint cyber telemarketing is my complaint
291564,Comcast asking for interstructure fee,,2025-05-15,11:50:27,Internet,Wellington,Florida,33414,Solved,No,comcast asking for interstructure fee
295511,"Deceptive trade practices, false advertising and bait and switch",,2025-05-18,16:39:12,Internet,Wellington,Florida,33414,Solved,No,deceptive trade practices false advertising and bait and switch
301420,Billing issues,,2025-05-21,14:00:00,Internet,Wellington,Florida,33414,Solved,No,billing issues
329414,Failure to show for an appointment and lying,,2025-08-06,19:37:53,Internet,Wellington,Florida,33414,Open,No,failure to show for an appointment and lying
231419,over sold/ over billed for short term services,,2025-12-04,19:39:11,Customer Care Call,Wenonah,New Jersey,8090,Closed,No,over sold over billed for short term services
230991,Misrepresentation of Internet Speed,,2025-11-04,23:04:52,Customer Care Call,West Chester,Pennsylvania,19382,Closed,No,misrepresentation of internet speed
324821,Comcast Home Security System,,2025-05-06,10:08:04,Customer Care Call,West Chester,Pennsylvania,19382,Closed,No,comcast home security system
363531,comcast transfer of service complaint,,2025-06-24,21:41:29,Customer Care Call,West Chester,Pennsylvania,19382,Solved,No,comcast transfer of service complaint
373404,I HAVE BEEN ASKING TO SPEAK WITH A SUPERVISOR EVERY DAY FOR THE LAST FIVE WEEKS,,2025-06-29,18:41:39,Internet,West Deptford,New Jersey,8086,Solved,No,i have been asking to speak with a supervisor every day for the last five weeks
221993,"Comcast is giving out wrong information, accusing people and increasing equipment prices, when contract says price will stay the same for 2 years",,2025-07-04,14:44:49,Internet,West Hartford,Connecticut,6110,Closed,No,comcast is giving out wrong information accusing people and increasing equipment prices when contract says price will stay the same for 2 years
228557,unauthorized charges to my account by comcast,,2025-10-04,12:09:47,Internet,West Lafayette,Indiana,47906,Closed,No,unauthorized charges to my account by comcast
367577,Comcast charge my own router as unreturned equipment,,2025-06-26,10:07:45,Customer Care Call,West Lafayette,Indiana,47906,Open,No,comcast charge my own router as unreturned equipment
355412,Internet Uasge/Overage,,2025-06-22,11:32:25,Customer Care Call,West Monroe,Louisiana,71292,Solved,No,internet uasgeoverage
361630,Egregious Fees,,2025-06-24,12:21:14,Customer Care Call,West Monroe,Louisiana,71291,Solved,No,egregious fees
368991,"CRAMMING, False Internet Promotion, SPEED complaint",,2025-06-26,17:33:39,Customer Care Call,West Monroe,Louisiana,71291,Closed,Yes,cramming false internet promotion speed complaint
375388,Comcast Data Cap Overage Fees,,2025-06-30,16:19:50,Internet,West Monroe,Louisiana,71291,Pending,No,comcast data cap overage fees
257843,Comcast committing extortion,,2025-04-26,16:50:27,Internet,West Palm Beach,Florida,33401,Closed,No,comcast committing extortion
309425,Comcast,,2025-05-27,14:06:03,Customer Care Call,West Palm Beach,Florida,33411,Solved,No,comcast
310997,overbilled,,2025-05-28,10:41:30,Customer Care Call,West Palm Beach,Florida,33401,Closed,No,overbilled
335842,Comcast Business Internet,,2025-11-06,19:40:52,Customer Care Call,West Palm Beach,Florida,33407,Solved,No,comcast business internet
358985,"Monthly bill increased, service decreased",,2025-06-23,15:34:21,Customer Care Call,West St Paul,Minnesota,55118,Solved,No,monthly bill increased service decreased
362830,Promised Speeds,,2025-06-24,16:57:13,Customer Care Call,West Valley City,Utah,84119,Solved,No,promised speeds
284195,Comcast,,2025-11-05,17:25:20,Internet,Westfield,Massachusetts,1085,Open,No,comcast
336674,Data caps for cable ISP;s,,2025-12-06,11:49:17,Customer Care Call,Westminster,Colorado,80021,Solved,No,data caps for cable isps
359831,Comcast,,2025-06-23,19:09:28,Customer Care Call,Westminster,Maryland,21158,Open,No,comcast
364489,Youtube being throttled?,,2025-06-25,12:11:41,Internet,Westmont,Illinois,60559,Solved,No,youtube being throttled
306258,Comcast Xfinity,,2025-05-25,22:39:21,Customer Care Call,Weston,Florida,33327,Closed,No,comcast xfinity
366969,Internet speed,,2025-06-25,20:05:35,Internet,Wexford,Pennsylvania,15090,Pending,No,internet speed
282585,Comcast will not help us please help,,2025-10-05,16:29:55,Customer Care Call,Wheaton,Illinois,26104,Solved,No,comcast will not help us please help
370248,Comcast Failing to Show up to scheduled appointment,,2025-06-27,16:32:12,Customer Care Call,Wheaton,Illinois,60189,Closed,No,comcast failing to show up to scheduled appointment
293228,Comcast sales people not reflect what they said in the bill.,,2025-05-16,12:17:03,Customer Care Call,Wheeling,Illinois,60090,Solved,No,comcast sales people not reflect what they said in the bill
376295,Slow internet service,,2025-06-30,22:57:27,Internet,White House,Tennessee,37188,Open,No,slow internet service
316632,internet provider,,2025-01-06,12:36:03,Internet,Willingboro,New Jersey,8046,Closed,No,internet provider
232360,slow internet,,2025-04-13,14:04:01,Customer Care Call,Willis,Michigan,48191,Closed,No,slow internet
247649,Comcast,,2025-04-21,14:04:59,Internet,Wilmington,Delaware,19805,Closed,Yes,comcast
258204,Comcast cramming,,2025-04-27,08:50:47,Internet,Wilmington,Delaware,19803,Closed,No,comcast cramming
333207,over payment,,2025-10-06,16:15:12,Internet,Wilmington,Delaware,19805,Solved,No,over payment
335016,Xfinity/Comcast Cable,,2025-11-06,14:34:06,Customer Care Call,Wilmington,Delaware,19808,Solved,No,xfinitycomcast cable
360304,Throttling Internet,,2025-06-23,22:11:23,Internet,Wilmington,Delaware,19802,Pending,No,throttling internet
367686,Billing continues for 2 months after terminating service,,2025-06-26,10:49:48,Internet,Wilmington,Massachusetts,1887,Solved,No,billing continues for 2 months after terminating service
312486,data usage caps,,2025-05-28,19:10:58,Customer Care Call,Winder,Georgia,30680,Pending,No,data usage caps
276147,Comcast charges,,2025-06-05,13:50:34,Customer Care Call,Windham,New Hampshire,3087,Solved,No,comcast charges
360866,comcast xfinity internet service.,,2025-06-24,06:45:42,Internet,Windsor,California,95492,Solved,No,comcast xfinity internet service
360139,Comcast,,2025-06-23,20:48:09,Customer Care Call,Windsor,Colorado,80550,Solved,No,comcast
222759,monopolistic billing practices,,2025-07-04,18:57:54,Customer Care Call,Winnetka,Illinois,60093,Closed,No,monopolistic billing practices
249325,Comcast Outage,,2025-04-22,00:28:39,Customer Care Call,Wise,Virginia,24293,Closed,Yes,comcast outage
337251,Unfair Pricing,,2025-12-06,14:45:21,Customer Care Call,Woburn,Massachusetts,1801,Solved,No,unfair pricing
360051,Unreasonable billing,,2025-06-23,20:19:04,Internet,Woodbine,Maryland,21797,Solved,No,unreasonable billing
270923,"Xfinity corporate bullying, breach of contract",,2025-03-05,23:11:40,Customer Care Call,Woodbridge,Virginia,22191,Closed,No,xfinity corporate bullying breach of contract
318189,I am so fed up with Comcast,,2025-02-06,06:52:56,Customer Care Call,Woodbridge,Virginia,22191,Closed,No,i am so fed up with comcast
339481,Terrible internet service from Comcast,,2025-06-13,19:14:02,Customer Care Call,Woodbridge,Virginia,22191,Open,No,terrible internet service from comcast
360169,Comcast cramming services I didn't ask for to raise my bill,,2025-06-23,21:12:42,Internet,Woodinville,Washington,98077,Solved,No,comcast cramming services i didnt ask for to raise my bill
359056,Comcast over charge,,2025-06-23,15:47:53,Customer Care Call,Woodinville,Washington,98077,Solved,No,comcast over charge
302816,charged for no seevice,,2025-05-22,07:17:11,Customer Care Call,Woodridge,Illinois,60517,Closed,No,charged for no seevice
245857,Comcast Xfintity Internet Data Caps,,2025-04-20,19:19:07,Internet,Woodstock,Georgia,30188,Closed,No,comcast xfintity internet data caps
259691,Miss Represented and over charged now,,2025-04-27,16:59:36,Customer Care Call,Woodstock,Georgia,30189,Closed,No,miss represented and over charged now
305166,comcst data cap,,2025-05-24,00:34:08,Customer Care Call,Woodstock,Georgia,30188,Open,Yes,comcst data cap
329247,Inconsistent and Intermittent Internet Connectivity,,2025-08-06,18:17:50,Internet,Woodstock,Georgia,30188,Solved,No,inconsistent and intermittent internet connectivity
350920,Comcast will not refund or reimburse significant overcharges they admit to,,2025-06-19,01:11:27,Internet,Woodstock,Georgia,30188,Solved,No,comcast will not refund or reimburse significant overcharges they admit to
357824,Lied to about install costs,,2025-06-23,11:26:08,Customer Care Call,Woodstock,Georgia,30188,Solved,No,lied to about install costs
360908,Issues with Comcast billing and equipment,,2025-06-24,08:00:17,Internet,Woodstock,Georgia,30188,Solved,No,issues with comcast billing and equipment
363934,Comcast Internet,,2025-06-25,09:00:09,Internet,Woodstock,Georgia,30188,Solved,No,comcast internet
374570,comcast cap,,2025-06-30,12:42:45,Customer Care Call,Woodstock,Georgia,30188,Pending,No,comcast cap
279410,False Advertising/Bait and switch,,2025-07-05,21:47:36,Customer Care Call,Worth,Illinois,60482,Solved,No,false advertisingbait and switch
228198,"comcast customer service, and billing issues",,2025-10-04,10:15:03,Customer Care Call,Wrightstown,New Jersey,8562,Closed,No,comcast customer service and billing issues
221763,Comcast,,2025-07-04,13:49:52,Internet,Wyoming,Michigan,49509,Closed,No,comcast
326963,Internet Services,,2025-06-06,16:01:16,Internet,Wyoming,Michigan,49509,Closed,No,internet services
256002,i had sent out a check payment comcast,,2025-04-24,17:05:36,Internet,York,Pennsylvania,17401,Closed,No,i had sent out a check payment comcast
310847,Comcast Internet Service quality,,2025-05-28,08:56:14,Internet,York,Pennsylvania,17403,Solved,No,comcast internet service quality
360946,Comcast unfair pricing,,2025-06-24,08:32:24,Customer Care Call,York,Pennsylvania,17403,Solved,No,comcast unfair pricing
363852,High Internet & Cable Bill,,2025-06-25,07:17:21,Customer Care Call,York,Pennsylvania,17404,Solved,Yes,high internet cable bill
254488,problems with internet service,,2025-04-24,05:05:25,Internet,York Haven,Pennsylvania,17370,Closed,No,problems with internet service
338192,"Speed throttling, speeds not at promised output",,2025-12-06,18:35:59,Customer Care Call,Yorkville,Illinois,60560,Open,Yes,speed throttling speeds not at promised output
213550,Service Availability,,2025-02-04,09:13:18,Customer Care Call,Youngstown,Florida,32466,Closed,No,service availability
318775,Comcast Monthly Billing for Returned Modem,,2025-02-06,13:24:39,Customer Care Call,Ypsilanti,Michigan,48197,Solved,No,comcast monthly billing for returned modem
331188,complaint about comcast,,2025-09-06,17:28:41,Internet,Ypsilanti,Michigan,48197,Solved,No,complaint about comcast
360489,Extremely unsatisfied Comcast customer,,2025-06-23,23:13:30,Customer Care Call,Ypsilanti,Michigan,48197,Solved,No,extremely unsatisfied comcast customer
363614,"Comcast, Ypsilanti MI Internet Speed",,2025-06-24,22:28:33,Customer Care Call,Ypsilanti,Michigan,48198,Open,Yes,comcast ypsilanti mi internet speed
