Ticket #,Customer Complaint,Date,Date_month_year,Time,Received Via,City,State,Zip code,Status,Filing on Behalf of Someone,_template_category
1,Just leaving feedback that the chat support could be a little faster to respond. I would appreciate a quick response.,2025-08-17,Aug-25,04:47,Internet,Miami,FL,33101,Open,No,Service
2,"My monthly bill seems higher than usual this cycle, can you check the breakdown? This is not urgent, just wanted to flag it.",2025-01-28,Jan-25,17:12,Customer Care Call,Boston,MA,02101,Pending,No,Billing
3,"My connection drops every hour and I work from home, I cannot keep losing income like this.",2025-06-13,Jun-25,22:27,Customer Care Call,San Diego,CA,92101,Closed,No,Technical
4,I would like to ask about the refund process for a canceled service.,2026-01-25,Jan-26,03:22,Customer Care Call,Austin,TX,73301,Closed,Yes,Financial
5,The agent was extremely rude to me on the phone and hung up before resolving my issue. I am considering switching providers over this.,2025-10-28,Oct-25,20:39,Customer Care Call,Austin,TX,73301,Pending,Yes,Service
6,I was charged $22.50 twice on my bill this month and would like it corrected. I would appreciate a quick response.,2025-08-27,Aug-25,03:24,Customer Care Call,Austin,TX,73301,Solved,No,Billing
7,This is the second month in a row my bill is wrong by $40 and support keeps ignoring my emails. This has happened before and I don't want it to happen again.,2025-03-15,Mar-25,19:40,Internet,Seattle,WA,98101,Pending,No,Billing
8,"My internet connection keeps disconnecting every few minutes since yesterday. I need this resolved immediately, I cannot wait any longer!",2025-08-13,Aug-25,21:20,Internet,Boston,MA,02101,Pending,Yes,Technical
9,"Nobody has followed up with me after promising a callback a week ago, this is unacceptable.",2025-11-19,Nov-25,06:41,Customer Care Call,Miami,FL,33101,Solved,No,Service
10,"This is the second month in a row my bill is wrong by $22.50 and support keeps ignoring my emails. I need this resolved immediately, I cannot wait any longer!",2025-09-27,Sep-25,23:37,Customer Care Call,Boston,MA,02101,Solved,No,Billing
11,I would like to ask about the refund process for a canceled service. Thank you for looking into this.,2025-02-18,Feb-25,03:09,Internet,Austin,TX,73301,Solved,Yes,Financial
12,Nobody will process my $89.99 refund even though I have called two weeks in a row about it. I have been a loyal customer for years and expected better.,2025-01-12,Jan-25,21:46,Internet,Seattle,WA,98101,Closed,No,Financial
13,I have been overcharged $65 for three days now and no one has fixed my billing statement. Thank you for looking into this.,2025-09-27,Sep-25,16:48,Internet,Springfield,IL,62701,Open,No,Billing
14,"I have a general question about upgrading my current plan. This is not urgent, just wanted to flag it.",2026-01-18,Jan-26,05:34,Internet,Denver,CO,80014,Closed,No,Others
15,"I have a question about a charge of $40 on my latest bill, could someone clarify it? No rush on this, whenever you get a chance is fine.",2025-09-03,Sep-25,01:15,Internet,Seattle,WA,98101,Open,No,Billing
16,"Nobody has followed up with me after promising a callback three weeks ago, this is unacceptable. No rush on this, whenever you get a chance is fine.",2025-05-12,May-25,21:30,Internet,Denver,CO,80014,Closed,No,Service
17,"Nobody can tell me why my account was suspended without any notice several months ago. I need this resolved immediately, I cannot wait any longer!",2025-07-25,Jul-25,22:19,Customer Care Call,Dallas,TX,75201,Closed,No,Others
18,"I moved recently and need to update my service address, but the website won't let me. This is not urgent, just wanted to flag it.",2025-03-07,Mar-25,10:01,Internet,Miami,FL,33101,Pending,Yes,Others
19,"I was charged $120 twice on my bill this month and would like it corrected. This is not urgent, just wanted to flag it.",2025-02-02,Feb-25,10:04,Internet,Austin,TX,73301,Closed,No,Billing
20,I was billed for a package I never signed up for and it has taken a month to even get a reply. Please escalate this to a supervisor if needed.,2026-04-30,Apr-26,07:50,Customer Care Call,Portland,OR,97201,Solved,No,Billing
21,"My bill shows a late fee even though I paid on time, please review my account. I am extremely frustrated at this point.",2026-02-25,Feb-26,14:55,Internet,Chicago,IL,60601,Open,Yes,Billing
22,"My internet speed seems a little slower than what I'm paying for, could you check the line? I've already called twice about this exact issue.",2025-09-12,Sep-25,06:12,Customer Care Call,Austin,TX,73301,Pending,No,Technical
23,I was billed for a package I never signed up for and it has taken three days to even get a reply. I've already called twice about this exact issue.,2025-03-19,Mar-25,14:51,Internet,Baltimore,MD,21201,Open,Yes,Billing
24,"Nobody can tell me why my account was suspended without any notice several months ago. This is not urgent, just wanted to flag it.",2026-02-21,Feb-26,15:30,Internet,Denver,CO,80014,Solved,Yes,Others
25,This is the second month in a row my bill is wrong by $15 and support keeps ignoring my emails. I would appreciate a quick response.,2026-04-11,Apr-26,09:27,Customer Care Call,Baltimore,MD,21201,Pending,No,Billing
26,"The promotional credit of $15 was never applied to my account as promised. I need this resolved immediately, I cannot wait any longer!",2025-03-04,Mar-25,23:20,Internet,Boston,MA,02101,Open,No,Financial
27,My internet has been completely down for three weeks and no technician has shown up yet. Please let me know as soon as possible.,2026-06-05,Jun-26,02:54,Internet,Springfield,IL,62701,Open,Yes,Technical
28,The representative I spoke to was short with me and didn't answer my question.,2025-09-10,Sep-25,18:38,Internet,Baltimore,MD,21201,Open,No,Service
29,The representative I spoke to was short with me and didn't answer my question. I am extremely frustrated at this point.,2025-09-25,Sep-25,06:42,Customer Care Call,Baltimore,MD,21201,Pending,No,Service
30,"My internet speed seems a little slower than what I'm paying for, could you check the line? I would appreciate a quick response.",2025-11-20,Nov-25,02:00,Customer Care Call,Phoenix,AZ,85001,Open,Yes,Technical
31,This is the third technician appointment that has been missed and I still have no service. Please let me know as soon as possible.,2025-12-24,Dec-25,02:56,Internet,Baltimore,MD,21201,Closed,No,Technical
32,"This is the second month in a row my bill is wrong by $210 and support keeps ignoring my emails. I need this resolved immediately, I cannot wait any longer!",2026-06-26,Jun-26,00:42,Customer Care Call,Seattle,WA,98101,Open,No,Billing
33,I requested a refund of $15 a month ago and have not received it yet. I have been a loyal customer for years and expected better.,2025-10-06,Oct-25,09:38,Internet,Denver,CO,80014,Closed,No,Financial
34,I have been on hold for over an hour trying to reach customer support. I have been a loyal customer for years and expected better.,2025-09-15,Sep-25,01:05,Customer Care Call,Phoenix,AZ,85001,Closed,Yes,Service
35,"I have a question about a charge of $210 on my latest bill, could someone clarify it? This has happened before and I don't want it to happen again.",2025-06-15,Jun-25,23:28,Customer Care Call,Seattle,WA,98101,Open,Yes,Billing
36,"My bill shows a late fee even though I paid on time, please review my account. I have been a loyal customer for years and expected better.",2026-01-14,Jan-26,18:35,Internet,Springfield,IL,62701,Solved,No,Billing
37,"My monthly bill seems higher than usual this cycle, can you check the breakdown? I've already called twice about this exact issue.",2026-01-02,Jan-26,06:43,Internet,Springfield,IL,62701,Open,No,Billing
38,I have called two weeks in a row and every representative gives me a different answer with no resolution. Please escalate this to a supervisor if needed.,2025-06-08,Jun-25,07:55,Internet,Dallas,TX,75201,Pending,No,Service
39,"My monthly bill seems higher than usual this cycle, can you check the breakdown? No rush on this, whenever you get a chance is fine.",2026-02-26,Feb-26,21:55,Internet,Baltimore,MD,21201,Closed,No,Billing
40,"Nobody has followed up with me after promising a callback two weeks ago, this is unacceptable. I've already called twice about this exact issue.",2026-04-27,Apr-26,07:12,Customer Care Call,Springfield,IL,62701,Closed,No,Service
41,"Nobody has followed up with me after promising a callback three days ago, this is unacceptable. This is not urgent, just wanted to flag it.",2025-07-17,Jul-25,12:21,Customer Care Call,Springfield,IL,62701,Open,No,Service
42,I cancelled my service two weeks ago and my $89.99 deposit still has not been refunded. This has happened before and I don't want it to happen again.,2025-12-06,Dec-25,00:07,Customer Care Call,Columbus,OH,43085,Pending,No,Financial
43,"My monthly bill seems higher than usual this cycle, can you check the breakdown? I am extremely frustrated at this point.",2025-11-18,Nov-25,13:38,Internet,Dallas,TX,75201,Solved,No,Billing
44,Can someone confirm when my deposit will be returned after I closed my account?,2025-07-21,Jul-25,11:27,Internet,Boston,MA,02101,Closed,No,Financial
45,The representative I spoke to was short with me and didn't answer my question. I would appreciate a quick response.,2025-11-13,Nov-25,21:26,Customer Care Call,Boston,MA,02101,Solved,No,Service
46,This is the third technician appointment that has been missed and I still have no service. This has happened before and I don't want it to happen again.,2025-06-28,Jun-25,19:36,Customer Care Call,Chicago,IL,60601,Solved,Yes,Technical
47,"The promotional credit of $22.50 was never applied to my account as promised. No rush on this, whenever you get a chance is fine.",2025-11-26,Nov-25,14:28,Customer Care Call,Portland,OR,97201,Pending,No,Financial
48,"Nobody has followed up with me after promising a callback a month ago, this is unacceptable. Please let me know as soon as possible.",2025-03-28,Mar-25,09:32,Customer Care Call,Nashville,TN,37201,Open,No,Service
49,"The representative I spoke to was short with me and didn't answer my question. This is not urgent, just wanted to flag it.",2025-01-26,Jan-25,01:15,Customer Care Call,Denver,CO,80014,Open,No,Service
50,"I'd like a technician to take a look at my router configuration when convenient. This is not urgent, just wanted to flag it.",2026-01-29,Jan-26,15:25,Internet,Dallas,TX,75201,Pending,Yes,Technical
51,I want to cancel my subscription but keep getting transferred between departments.,2026-03-12,Mar-26,07:11,Customer Care Call,San Diego,CA,92101,Open,No,Others
52,"I moved recently and need to update my service address, but the website won't let me. Please let me know as soon as possible.",2026-04-21,Apr-26,21:33,Customer Care Call,San Diego,CA,92101,Solved,No,Others
53,I have a general question about upgrading my current plan. Please let me know as soon as possible.,2026-05-02,May-26,14:16,Internet,Dallas,TX,75201,Closed,No,Others
54,I had a fine experience overall but wanted to mention the hold time was a bit long.,2025-10-20,Oct-25,07:17,Customer Care Call,Dallas,TX,75201,Closed,Yes,Service
55,"I have been overcharged $22.50 for two weeks now and no one has fixed my billing statement. I need this resolved immediately, I cannot wait any longer!",2025-08-08,Aug-25,02:26,Customer Care Call,Denver,CO,80014,Closed,No,Billing
56,I'd like a technician to take a look at my router configuration when convenient. I am considering switching providers over this.,2025-01-21,Jan-25,18:24,Customer Care Call,Chicago,IL,60601,Open,No,Technical
57,The promotional credit of $65 was never applied to my account as promised. I've already called twice about this exact issue.,2025-08-14,Aug-25,15:14,Customer Care Call,Chicago,IL,60601,Solved,No,Financial
58,"My monthly bill seems higher than usual this cycle, can you check the breakdown? This has happened before and I don't want it to happen again.",2026-02-19,Feb-26,23:10,Customer Care Call,San Diego,CA,92101,Pending,Yes,Billing
59,"I moved recently and need to update my service address, but the website won't let me. This has happened before and I don't want it to happen again.",2025-03-27,Mar-25,20:27,Internet,Springfield,IL,62701,Solved,No,Others
60,"I was charged $65 twice on my bill this month and would like it corrected. This is not urgent, just wanted to flag it.",2025-12-01,Dec-25,10:48,Customer Care Call,Phoenix,AZ,85001,Closed,No,Billing
61,Can someone confirm when my deposit will be returned after I closed my account?,2025-02-23,Feb-25,11:14,Internet,Dallas,TX,75201,Open,Yes,Financial
62,I have tried to cancel my account for several months and keep getting transferred with no resolution.,2025-06-06,Jun-25,07:08,Customer Care Call,Portland,OR,97201,Open,No,Others
63,My modem stopped working and I still don't have a working connection. I am extremely frustrated at this point.,2025-04-28,Apr-25,05:19,Internet,Denver,CO,80014,Open,No,Technical
64,"My connection drops every hour and I work from home, I cannot keep losing income like this. I need this resolved immediately, I cannot wait any longer!",2025-03-19,Mar-25,18:44,Internet,Miami,FL,33101,Open,No,Technical
65,Could you send me information about available add-on packages?,2025-02-12,Feb-25,11:34,Customer Care Call,San Diego,CA,92101,Closed,Yes,Others
66,My internet has been completely down for two days and no technician has shown up yet. I've already called twice about this exact issue.,2026-05-17,May-26,03:27,Customer Care Call,Chicago,IL,60601,Solved,No,Technical
67,My internet connection keeps disconnecting every few minutes since yesterday. This has happened before and I don't want it to happen again.,2026-05-11,May-26,14:27,Customer Care Call,Seattle,WA,98101,Closed,No,Technical
68,I have a general question about upgrading my current plan. Thank you for looking into this.,2026-04-21,Apr-26,18:39,Customer Care Call,Miami,FL,33101,Closed,Yes,Others
69,My internet has been completely down for three days and no technician has shown up yet. Thank you for looking into this.,2025-12-30,Dec-25,08:21,Customer Care Call,Miami,FL,33101,Closed,Yes,Technical
70,"My internet has been completely down for two days and no technician has shown up yet. This is not urgent, just wanted to flag it.",2026-02-21,Feb-26,15:35,Internet,Dallas,TX,75201,Solved,No,Technical
71,My internet connection keeps disconnecting every few minutes since yesterday. I would appreciate a quick response.,2026-02-19,Feb-26,22:15,Customer Care Call,Miami,FL,33101,Closed,No,Technical
72,"This is the third technician appointment that has been missed and I still have no service. I need this resolved immediately, I cannot wait any longer!",2025-12-05,Dec-25,11:44,Customer Care Call,Boston,MA,02101,Closed,No,Technical
73,"Can someone confirm when my deposit will be returned after I closed my account? This is not urgent, just wanted to flag it.",2025-05-03,May-25,23:34,Internet,Atlanta,GA,30301,Pending,No,Financial
74,The agent was extremely rude to me on the phone and hung up before resolving my issue. Please escalate this to a supervisor if needed.,2026-06-22,Jun-26,19:18,Internet,San Diego,CA,92101,Pending,No,Service
75,I would like to ask about the refund process for a canceled service.,2025-05-10,May-25,08:02,Internet,Dallas,TX,75201,Closed,No,Financial
76,Just leaving feedback that the chat support could be a little faster to respond.,2025-01-13,Jan-25,18:18,Customer Care Call,Columbus,OH,43085,Solved,No,Service
77,I cancelled my service a week ago and my $15 deposit still has not been refunded. I've already called twice about this exact issue.,2025-04-27,Apr-25,02:25,Customer Care Call,Phoenix,AZ,85001,Open,Yes,Financial
78,This is the second month in a row my bill is wrong by $210 and support keeps ignoring my emails. I would appreciate a quick response.,2025-09-12,Sep-25,03:35,Customer Care Call,Austin,TX,73301,Pending,No,Billing
79,My internet connection keeps disconnecting every few minutes since yesterday. I've already called twice about this exact issue.,2026-03-16,Mar-26,09:36,Internet,Portland,OR,97201,Open,No,Technical
80,I had a fine experience overall but wanted to mention the hold time was a bit long.,2025-09-03,Sep-25,05:35,Internet,Denver,CO,80014,Pending,Yes,Service
81,"My internet speed seems a little slower than what I'm paying for, could you check the line? Thank you for looking into this.",2025-02-03,Feb-25,07:18,Customer Care Call,Seattle,WA,98101,Solved,Yes,Technical
82,"I have been on hold for over an hour trying to reach customer support. No rush on this, whenever you get a chance is fine.",2025-07-22,Jul-25,13:07,Internet,Nashville,TN,37201,Pending,No,Service
83,I have a general question about upgrading my current plan. Please let me know as soon as possible.,2025-11-11,Nov-25,19:47,Customer Care Call,San Diego,CA,92101,Solved,Yes,Others
84,My modem stopped working and I still don't have a working connection. I am considering switching providers over this.,2026-05-28,May-26,17:31,Customer Care Call,Seattle,WA,98101,Open,Yes,Technical
85,I want to cancel my subscription but keep getting transferred between departments. Please escalate this to a supervisor if needed.,2025-01-27,Jan-25,02:14,Internet,Seattle,WA,98101,Closed,Yes,Others
86,I have called two weeks in a row and every representative gives me a different answer with no resolution. I have been a loyal customer for years and expected better.,2026-03-29,Mar-26,08:11,Customer Care Call,Nashville,TN,37201,Solved,Yes,Service
87,My modem stopped working and I still don't have a working connection. I am extremely frustrated at this point.,2025-04-18,Apr-25,05:21,Customer Care Call,Nashville,TN,37201,Solved,No,Technical
88,"The representative I spoke to was short with me and didn't answer my question. No rush on this, whenever you get a chance is fine.",2025-02-07,Feb-25,14:05,Customer Care Call,Boston,MA,02101,Closed,No,Service
89,I have been overcharged $210 for two weeks now and no one has fixed my billing statement. I've already called twice about this exact issue.,2025-01-02,Jan-25,21:55,Customer Care Call,Boston,MA,02101,Solved,Yes,Billing
90,"I was billed for a package I never signed up for and it has taken three weeks to even get a reply. No rush on this, whenever you get a chance is fine.",2026-03-29,Mar-26,01:13,Customer Care Call,Phoenix,AZ,85001,Pending,No,Billing
91,My internet connection keeps disconnecting every few minutes since yesterday.,2025-09-03,Sep-25,22:10,Customer Care Call,Springfield,IL,62701,Open,No,Technical
92,"My bill shows a late fee even though I paid on time, please review my account. Thank you for looking into this.",2025-06-07,Jun-25,15:59,Customer Care Call,Austin,TX,73301,Closed,No,Billing
93,I have a general question about upgrading my current plan. Thank you for looking into this.,2025-05-29,May-25,12:12,Internet,Boston,MA,02101,Open,No,Others
94,I have called two weeks in a row and every representative gives me a different answer with no resolution. I am extremely frustrated at this point.,2026-06-04,Jun-26,08:52,Internet,Baltimore,MD,21201,Closed,No,Service
95,I have a general question about upgrading my current plan. Thank you for looking into this.,2025-06-02,Jun-25,14:34,Customer Care Call,Columbus,OH,43085,Closed,No,Others
96,This is the third technician appointment that has been missed and I still have no service. Thank you for looking into this.,2025-11-26,Nov-25,06:44,Internet,Baltimore,MD,21201,Solved,No,Technical
97,Could you send me information about available add-on packages? I am extremely frustrated at this point.,2026-04-30,Apr-26,22:58,Customer Care Call,Dallas,TX,75201,Solved,No,Others
98,My internet has been completely down for three days and no technician has shown up yet. I have been a loyal customer for years and expected better.,2025-12-06,Dec-25,03:55,Customer Care Call,Portland,OR,97201,Open,No,Technical
99,"I have a question about a charge of $22.50 on my latest bill, could someone clarify it? I've already called twice about this exact issue.",2025-06-08,Jun-25,02:30,Customer Care Call,Nashville,TN,37201,Closed,No,Billing
100,The representative I spoke to was short with me and didn't answer my question. I've already called twice about this exact issue.,2026-01-25,Jan-26,10:40,Customer Care Call,Nashville,TN,37201,Open,Yes,Service
101,"I would like to ask about the refund process for a canceled service. This is not urgent, just wanted to flag it.",2025-04-03,Apr-25,13:06,Internet,Dallas,TX,75201,Solved,No,Financial
102,I have been on hold for over an hour trying to reach customer support. I am extremely frustrated at this point.,2025-02-27,Feb-25,09:22,Customer Care Call,San Diego,CA,92101,Solved,No,Service
103,Can someone confirm when my deposit will be returned after I closed my account? This has happened before and I don't want it to happen again.,2025-07-04,Jul-25,05:11,Internet,San Diego,CA,92101,Solved,No,Financial
104,"My internet has been completely down for three days and no technician has shown up yet. This is not urgent, just wanted to flag it.",2025-09-18,Sep-25,14:16,Internet,Phoenix,AZ,85001,Solved,No,Technical
105,The representative I spoke to was short with me and didn't answer my question. Thank you for looking into this.,2025-11-03,Nov-25,20:27,Customer Care Call,Atlanta,GA,30301,Solved,No,Service
106,I was billed for a package I never signed up for and it has taken several months to even get a reply. Thank you for looking into this.,2025-08-31,Aug-25,12:36,Customer Care Call,Austin,TX,73301,Closed,No,Billing
107,"My monthly bill seems higher than usual this cycle, can you check the breakdown? I am considering switching providers over this.",2025-01-09,Jan-25,18:55,Internet,Seattle,WA,98101,Solved,No,Billing
108,"I have called three weeks in a row and every representative gives me a different answer with no resolution. No rush on this, whenever you get a chance is fine.",2025-08-13,Aug-25,20:12,Customer Care Call,Atlanta,GA,30301,Pending,Yes,Service
109,"I moved recently and need to update my service address, but the website won't let me. I would appreciate a quick response.",2026-03-28,Mar-26,01:37,Customer Care Call,San Diego,CA,92101,Pending,Yes,Others
110,"I moved recently and need to update my service address, but the website won't let me. I am considering switching providers over this.",2025-07-25,Jul-25,04:50,Customer Care Call,Denver,CO,80014,Closed,No,Others
111,"Can someone confirm when my deposit will be returned after I closed my account? No rush on this, whenever you get a chance is fine.",2025-12-13,Dec-25,03:29,Internet,Seattle,WA,98101,Pending,No,Financial
112,Could you send me information about available add-on packages? I am considering switching providers over this.,2026-01-10,Jan-26,02:50,Customer Care Call,Columbus,OH,43085,Open,No,Others
113,This is the third technician appointment that has been missed and I still have no service. This has happened before and I don't want it to happen again.,2025-09-26,Sep-25,18:24,Customer Care Call,Dallas,TX,75201,Open,No,Technical
114,My modem stopped working and I still don't have a working connection. I am extremely frustrated at this point.,2025-08-15,Aug-25,20:04,Customer Care Call,Baltimore,MD,21201,Closed,No,Technical
115,I have been overcharged $15 for two days now and no one has fixed my billing statement. I would appreciate a quick response.,2025-04-29,Apr-25,03:15,Internet,Phoenix,AZ,85001,Solved,No,Billing
116,Nobody will process my $120 refund even though I have called a month in a row about it. I have been a loyal customer for years and expected better.,2025-06-08,Jun-25,13:41,Internet,Chicago,IL,60601,Solved,No,Financial
117,"I have tried to cancel my account for two days and keep getting transferred with no resolution. I need this resolved immediately, I cannot wait any longer!",2025-08-11,Aug-25,14:28,Internet,Atlanta,GA,30301,Closed,Yes,Others
118,Nobody can tell me why my account was suspended without any notice three weeks ago. This has happened before and I don't want it to happen again.,2025-03-04,Mar-25,12:17,Internet,Atlanta,GA,30301,Open,No,Others
119,"My bill shows a late fee even though I paid on time, please review my account. This has happened before and I don't want it to happen again.",2025-01-22,Jan-25,01:50,Customer Care Call,Portland,OR,97201,Pending,No,Billing
120,"Nobody has followed up with me after promising a callback two days ago, this is unacceptable. I've already called twice about this exact issue.",2025-08-01,Aug-25,18:13,Internet,San Diego,CA,92101,Closed,No,Service
121,"Nobody has followed up with me after promising a callback two days ago, this is unacceptable. I would appreciate a quick response.",2025-05-29,May-25,04:34,Customer Care Call,Columbus,OH,43085,Pending,Yes,Service
122,The representative I spoke to was short with me and didn't answer my question.,2025-09-01,Sep-25,18:20,Internet,Atlanta,GA,30301,Pending,No,Service
123,I was charged $120 twice on my bill this month and would like it corrected. I have been a loyal customer for years and expected better.,2025-03-07,Mar-25,15:28,Customer Care Call,Austin,TX,73301,Open,No,Billing
124,"My internet has been completely down for two days and no technician has shown up yet. I need this resolved immediately, I cannot wait any longer!",2026-06-18,Jun-26,09:29,Internet,San Diego,CA,92101,Open,No,Technical
125,Could you send me information about available add-on packages?,2026-03-31,Mar-26,02:57,Internet,Phoenix,AZ,85001,Closed,No,Others
126,I was charged $40 twice on my bill this month and would like it corrected. This has happened before and I don't want it to happen again.,2025-11-29,Nov-25,12:38,Customer Care Call,Portland,OR,97201,Solved,No,Billing
127,"My bill shows a late fee even though I paid on time, please review my account. I've already called twice about this exact issue.",2025-08-09,Aug-25,13:28,Internet,Nashville,TN,37201,Solved,No,Billing
128,"I have a general question about upgrading my current plan. I need this resolved immediately, I cannot wait any longer!",2025-11-17,Nov-25,13:20,Customer Care Call,Austin,TX,73301,Closed,No,Others
129,I have been on hold for over an hour trying to reach customer support.,2025-03-29,Mar-25,02:27,Internet,Columbus,OH,43085,Closed,No,Service
130,This is the third technician appointment that has been missed and I still have no service. I have been a loyal customer for years and expected better.,2025-05-06,May-25,13:22,Customer Care Call,Atlanta,GA,30301,Open,No,Technical
131,"My connection drops every hour and I work from home, I cannot keep losing income like this. Please escalate this to a supervisor if needed.",2025-08-06,Aug-25,04:42,Customer Care Call,Boston,MA,02101,Pending,Yes,Technical
132,I cancelled my service a week ago and my $89.99 deposit still has not been refunded.,2025-10-13,Oct-25,18:14,Customer Care Call,San Diego,CA,92101,Open,No,Financial
133,"My monthly bill seems higher than usual this cycle, can you check the breakdown? No rush on this, whenever you get a chance is fine.",2025-12-14,Dec-25,11:00,Internet,Seattle,WA,98101,Pending,No,Billing
134,I was charged $120 twice on my bill this month and would like it corrected.,2026-06-28,Jun-26,06:24,Customer Care Call,Austin,TX,73301,Solved,No,Billing
135,This is the second month in a row my bill is wrong by $40 and support keeps ignoring my emails. I am extremely frustrated at this point.,2025-03-28,Mar-25,01:09,Internet,San Diego,CA,92101,Open,Yes,Billing
136,I requested a refund of $120 two weeks ago and have not received it yet. Thank you for looking into this.,2026-03-29,Mar-26,13:17,Internet,Portland,OR,97201,Open,No,Financial
137,I'd like a technician to take a look at my router configuration when convenient. This has happened before and I don't want it to happen again.,2026-05-14,May-26,16:42,Customer Care Call,Portland,OR,97201,Open,No,Technical
138,"My internet speed seems a little slower than what I'm paying for, could you check the line?",2025-11-05,Nov-25,06:49,Internet,Miami,FL,33101,Closed,No,Technical
139,"I cancelled my service two weeks ago and my $15 deposit still has not been refunded. I need this resolved immediately, I cannot wait any longer!",2025-06-29,Jun-25,04:24,Internet,Chicago,IL,60601,Closed,Yes,Financial
140,"My internet speed seems a little slower than what I'm paying for, could you check the line? I am considering switching providers over this.",2026-04-16,Apr-26,02:55,Customer Care Call,Springfield,IL,62701,Solved,No,Technical
141,The agent was extremely rude to me on the phone and hung up before resolving my issue.,2025-01-22,Jan-25,10:10,Customer Care Call,Chicago,IL,60601,Closed,Yes,Service
142,My internet connection keeps disconnecting every few minutes since yesterday. I am considering switching providers over this.,2026-02-15,Feb-26,16:05,Customer Care Call,Portland,OR,97201,Closed,No,Technical
143,I would like to ask about the refund process for a canceled service.,2025-04-27,Apr-25,16:32,Internet,Boston,MA,02101,Closed,No,Financial
144,The agent was extremely rude to me on the phone and hung up before resolving my issue. I've already called twice about this exact issue.,2025-08-30,Aug-25,03:09,Customer Care Call,Denver,CO,80014,Pending,No,Service
145,"My connection drops every hour and I work from home, I cannot keep losing income like this. This has happened before and I don't want it to happen again.",2025-07-01,Jul-25,20:31,Customer Care Call,Austin,TX,73301,Solved,No,Technical
146,Could you send me information about available add-on packages? Please let me know as soon as possible.,2025-03-11,Mar-25,15:28,Customer Care Call,Phoenix,AZ,85001,Closed,Yes,Others
147,I cancelled my service a week ago and my $15 deposit still has not been refunded. Thank you for looking into this.,2025-02-08,Feb-25,01:23,Customer Care Call,Phoenix,AZ,85001,Open,Yes,Financial
148,I had a fine experience overall but wanted to mention the hold time was a bit long. Thank you for looking into this.,2025-02-12,Feb-25,14:58,Internet,Portland,OR,97201,Closed,No,Service
149,My internet has been completely down for two weeks and no technician has shown up yet.,2025-12-18,Dec-25,22:05,Internet,San Diego,CA,92101,Open,No,Technical
150,I have been on hold for over an hour trying to reach customer support. I have been a loyal customer for years and expected better.,2025-06-12,Jun-25,11:23,Customer Care Call,Portland,OR,97201,Solved,No,Service
151,I have called three weeks in a row and every representative gives me a different answer with no resolution.,2025-12-09,Dec-25,02:21,Internet,San Diego,CA,92101,Solved,No,Service
152,Can someone confirm when my deposit will be returned after I closed my account? Please escalate this to a supervisor if needed.,2025-06-03,Jun-25,10:05,Internet,Columbus,OH,43085,Closed,No,Financial
153,Nobody can tell me why my account was suspended without any notice a month ago. I am considering switching providers over this.,2025-03-28,Mar-25,09:35,Customer Care Call,Denver,CO,80014,Closed,No,Others
154,The representative I spoke to was short with me and didn't answer my question. This has happened before and I don't want it to happen again.,2026-06-24,Jun-26,02:41,Customer Care Call,Baltimore,MD,21201,Closed,Yes,Service
155,Nobody will process my $22.50 refund even though I have called three days in a row about it. I am extremely frustrated at this point.,2026-05-13,May-26,06:14,Internet,San Diego,CA,92101,Pending,Yes,Financial
156,The promotional credit of $210 was never applied to my account as promised. I have been a loyal customer for years and expected better.,2026-06-24,Jun-26,01:42,Customer Care Call,San Diego,CA,92101,Pending,No,Financial
157,"This is the second month in a row my bill is wrong by $22.50 and support keeps ignoring my emails. I need this resolved immediately, I cannot wait any longer!",2025-06-19,Jun-25,23:28,Internet,San Diego,CA,92101,Solved,No,Billing
158,The representative I spoke to was short with me and didn't answer my question. Please escalate this to a supervisor if needed.,2026-04-05,Apr-26,07:34,Internet,Seattle,WA,98101,Closed,No,Service
159,"I moved recently and need to update my service address, but the website won't let me. This has happened before and I don't want it to happen again.",2026-03-28,Mar-26,14:49,Customer Care Call,Portland,OR,97201,Solved,No,Others
160,"Nobody can tell me why my account was suspended without any notice three days ago. No rush on this, whenever you get a chance is fine.",2025-05-22,May-25,08:03,Customer Care Call,Portland,OR,97201,Closed,Yes,Others
161,The agent was extremely rude to me on the phone and hung up before resolving my issue.,2025-03-27,Mar-25,05:17,Customer Care Call,Seattle,WA,98101,Pending,No,Service
162,"My bill shows a late fee even though I paid on time, please review my account. Thank you for looking into this.",2025-12-24,Dec-25,00:26,Internet,Baltimore,MD,21201,Solved,No,Billing
163,"I would like to ask about the refund process for a canceled service. This is not urgent, just wanted to flag it.",2025-11-23,Nov-25,03:53,Customer Care Call,Springfield,IL,62701,Pending,No,Financial
164,"My monthly bill seems higher than usual this cycle, can you check the breakdown? I need this resolved immediately, I cannot wait any longer!",2025-05-23,May-25,22:30,Customer Care Call,Columbus,OH,43085,Open,Yes,Billing
165,"I have a question about a charge of $22.50 on my latest bill, could someone clarify it? Please let me know as soon as possible.",2026-06-25,Jun-26,13:07,Customer Care Call,Boston,MA,02101,Pending,No,Billing
166,I have been overcharged $22.50 for two weeks now and no one has fixed my billing statement. This has happened before and I don't want it to happen again.,2026-04-14,Apr-26,02:07,Customer Care Call,San Diego,CA,92101,Open,No,Billing
167,The agent was extremely rude to me on the phone and hung up before resolving my issue.,2025-12-28,Dec-25,07:36,Customer Care Call,Portland,OR,97201,Pending,Yes,Service
168,My internet has been completely down for two days and no technician has shown up yet. I have been a loyal customer for years and expected better.,2026-06-04,Jun-26,16:35,Internet,Boston,MA,02101,Solved,No,Technical
169,I was charged $65 twice on my bill this month and would like it corrected. I would appreciate a quick response.,2025-01-17,Jan-25,11:50,Internet,Dallas,TX,75201,Closed,No,Billing
170,"The agent was extremely rude to me on the phone and hung up before resolving my issue. No rush on this, whenever you get a chance is fine.",2025-12-07,Dec-25,04:02,Customer Care Call,Portland,OR,97201,Closed,No,Service
171,"I have a general question about upgrading my current plan. I need this resolved immediately, I cannot wait any longer!",2025-07-06,Jul-25,04:04,Customer Care Call,Phoenix,AZ,85001,Open,No,Others
172,I was billed for a package I never signed up for and it has taken three days to even get a reply.,2025-11-14,Nov-25,16:25,Customer Care Call,Atlanta,GA,30301,Closed,Yes,Billing
173,I have called a week in a row and every representative gives me a different answer with no resolution. I am extremely frustrated at this point.,2025-02-18,Feb-25,20:21,Customer Care Call,Columbus,OH,43085,Open,No,Service
174,My internet connection keeps disconnecting every few minutes since yesterday. Thank you for looking into this.,2026-01-31,Jan-26,10:11,Customer Care Call,Baltimore,MD,21201,Solved,No,Technical
175,"I have tried to cancel my account for a week and keep getting transferred with no resolution. No rush on this, whenever you get a chance is fine.",2026-03-11,Mar-26,02:27,Internet,Austin,TX,73301,Closed,No,Others
176,I have been overcharged $40 for a month now and no one has fixed my billing statement. I would appreciate a quick response.,2026-04-02,Apr-26,19:45,Customer Care Call,Seattle,WA,98101,Pending,No,Billing
177,I cancelled my service a month ago and my $15 deposit still has not been refunded. I've already called twice about this exact issue.,2025-12-28,Dec-25,19:27,Customer Care Call,Baltimore,MD,21201,Open,Yes,Financial
178,The representative I spoke to was short with me and didn't answer my question. I have been a loyal customer for years and expected better.,2025-06-13,Jun-25,00:09,Customer Care Call,San Diego,CA,92101,Open,No,Service
179,I was charged $210 twice on my bill this month and would like it corrected. I am extremely frustrated at this point.,2026-01-28,Jan-26,18:02,Internet,Atlanta,GA,30301,Solved,No,Billing
180,Nobody will process my $210 refund even though I have called two days in a row about it. Please escalate this to a supervisor if needed.,2026-06-27,Jun-26,11:25,Customer Care Call,Denver,CO,80014,Closed,No,Financial
181,I have tried to cancel my account for a month and keep getting transferred with no resolution. Please let me know as soon as possible.,2026-06-15,Jun-26,12:58,Internet,Phoenix,AZ,85001,Closed,No,Others
182,I have been on hold for over an hour trying to reach customer support. I would appreciate a quick response.,2026-05-18,May-26,06:07,Internet,Dallas,TX,75201,Open,No,Service
183,This is the second month in a row my bill is wrong by $120 and support keeps ignoring my emails.,2025-11-24,Nov-25,21:22,Internet,San Diego,CA,92101,Closed,No,Billing
184,"Could you send me information about available add-on packages? I need this resolved immediately, I cannot wait any longer!",2025-06-28,Jun-25,11:32,Internet,Nashville,TN,37201,Open,No,Others
185,"Nobody has followed up with me after promising a callback several months ago, this is unacceptable. Thank you for looking into this.",2026-01-05,Jan-26,17:36,Customer Care Call,Springfield,IL,62701,Solved,No,Service
186,I had a fine experience overall but wanted to mention the hold time was a bit long. I would appreciate a quick response.,2026-05-06,May-26,16:26,Customer Care Call,Chicago,IL,60601,Open,No,Service
187,Nobody can tell me why my account was suspended without any notice two days ago. Thank you for looking into this.,2026-06-14,Jun-26,11:08,Internet,Phoenix,AZ,85001,Pending,No,Others
188,My internet has been completely down for two days and no technician has shown up yet. I've already called twice about this exact issue.,2026-06-15,Jun-26,04:19,Internet,Austin,TX,73301,Pending,No,Technical
189,I have tried to cancel my account for a week and keep getting transferred with no resolution. I have been a loyal customer for years and expected better.,2025-10-18,Oct-25,02:16,Internet,Baltimore,MD,21201,Closed,No,Others
190,I had a fine experience overall but wanted to mention the hold time was a bit long.,2025-06-22,Jun-25,18:37,Internet,Boston,MA,02101,Pending,No,Service
191,I have a general question about upgrading my current plan. I've already called twice about this exact issue.,2025-01-30,Jan-25,02:02,Customer Care Call,Columbus,OH,43085,Pending,No,Others
192,I had a fine experience overall but wanted to mention the hold time was a bit long. This has happened before and I don't want it to happen again.,2025-10-24,Oct-25,20:19,Customer Care Call,Boston,MA,02101,Pending,No,Service
193,The promotional credit of $15 was never applied to my account as promised.,2026-03-27,Mar-26,13:30,Customer Care Call,Denver,CO,80014,Pending,No,Financial
194,"My connection drops every hour and I work from home, I cannot keep losing income like this. I need this resolved immediately, I cannot wait any longer!",2025-12-20,Dec-25,12:08,Customer Care Call,Atlanta,GA,30301,Open,No,Technical
195,Can someone confirm when my deposit will be returned after I closed my account? Thank you for looking into this.,2025-05-25,May-25,03:03,Customer Care Call,Miami,FL,33101,Solved,No,Financial
196,Can someone confirm when my deposit will be returned after I closed my account? I've already called twice about this exact issue.,2025-11-17,Nov-25,06:48,Internet,Atlanta,GA,30301,Solved,No,Financial
197,My internet has been completely down for two weeks and no technician has shown up yet.,2026-02-07,Feb-26,16:29,Internet,Austin,TX,73301,Pending,No,Technical
198,I was charged $40 twice on my bill this month and would like it corrected. Please escalate this to a supervisor if needed.,2026-04-27,Apr-26,09:34,Internet,Baltimore,MD,21201,Open,No,Billing
199,I have been overcharged $40 for a month now and no one has fixed my billing statement. I am extremely frustrated at this point.,2026-02-17,Feb-26,11:02,Customer Care Call,San Diego,CA,92101,Open,No,Billing
200,Nobody will process my $40 refund even though I have called two days in a row about it. I am considering switching providers over this.,2026-04-07,Apr-26,17:17,Internet,Boston,MA,02101,Pending,Yes,Financial
201,"My internet speed seems a little slower than what I'm paying for, could you check the line? I have been a loyal customer for years and expected better.",2025-05-28,May-25,06:38,Customer Care Call,Atlanta,GA,30301,Open,Yes,Technical
202,"My monthly bill seems higher than usual this cycle, can you check the breakdown? No rush on this, whenever you get a chance is fine.",2026-06-16,Jun-26,14:09,Internet,Phoenix,AZ,85001,Closed,No,Billing
203,This is the second month in a row my bill is wrong by $89.99 and support keeps ignoring my emails. I've already called twice about this exact issue.,2025-12-11,Dec-25,16:53,Customer Care Call,Seattle,WA,98101,Closed,No,Billing
204,"Nobody has followed up with me after promising a callback a week ago, this is unacceptable. This has happened before and I don't want it to happen again.",2026-03-03,Mar-26,18:19,Internet,Austin,TX,73301,Solved,No,Service
205,Nobody can tell me why my account was suspended without any notice several months ago. Please escalate this to a supervisor if needed.,2025-08-22,Aug-25,23:03,Customer Care Call,Portland,OR,97201,Pending,No,Others
206,This is the second month in a row my bill is wrong by $120 and support keeps ignoring my emails.,2025-04-23,Apr-25,06:01,Customer Care Call,Portland,OR,97201,Closed,No,Billing
207,This is the second month in a row my bill is wrong by $120 and support keeps ignoring my emails. I am considering switching providers over this.,2026-04-28,Apr-26,23:46,Internet,Boston,MA,02101,Pending,No,Billing
208,This is the third technician appointment that has been missed and I still have no service. I have been a loyal customer for years and expected better.,2025-11-18,Nov-25,05:29,Customer Care Call,Chicago,IL,60601,Closed,No,Technical
209,I had a fine experience overall but wanted to mention the hold time was a bit long. I would appreciate a quick response.,2025-11-02,Nov-25,07:19,Customer Care Call,Boston,MA,02101,Pending,No,Service
210,"I cancelled my service three weeks ago and my $40 deposit still has not been refunded. No rush on this, whenever you get a chance is fine.",2025-10-08,Oct-25,09:07,Customer Care Call,Dallas,TX,75201,Solved,No,Financial
211,I have tried to cancel my account for three days and keep getting transferred with no resolution. I would appreciate a quick response.,2025-10-22,Oct-25,22:05,Customer Care Call,Springfield,IL,62701,Solved,No,Others
212,I have called three days in a row and every representative gives me a different answer with no resolution. I've already called twice about this exact issue.,2025-10-05,Oct-25,17:44,Customer Care Call,Boston,MA,02101,Pending,Yes,Service
213,"I had a fine experience overall but wanted to mention the hold time was a bit long. This is not urgent, just wanted to flag it.",2026-06-28,Jun-26,07:40,Internet,Springfield,IL,62701,Open,Yes,Service
214,"My internet speed seems a little slower than what I'm paying for, could you check the line?",2025-05-21,May-25,00:35,Internet,Nashville,TN,37201,Solved,No,Technical
215,My modem stopped working and I still don't have a working connection. I would appreciate a quick response.,2025-10-20,Oct-25,20:03,Internet,Atlanta,GA,30301,Pending,Yes,Technical
216,"I moved recently and need to update my service address, but the website won't let me. I've already called twice about this exact issue.",2025-02-07,Feb-25,12:50,Customer Care Call,Denver,CO,80014,Pending,No,Others
217,I want to cancel my subscription but keep getting transferred between departments. Please escalate this to a supervisor if needed.,2025-04-20,Apr-25,10:18,Customer Care Call,Portland,OR,97201,Solved,No,Others
218,"Could you send me information about available add-on packages? This is not urgent, just wanted to flag it.",2025-04-26,Apr-25,10:10,Customer Care Call,San Diego,CA,92101,Closed,No,Others
219,"I have a question about a charge of $40 on my latest bill, could someone clarify it? I would appreciate a quick response.",2025-07-17,Jul-25,05:39,Customer Care Call,Portland,OR,97201,Solved,No,Billing
220,"My bill shows a late fee even though I paid on time, please review my account. Please let me know as soon as possible.",2026-05-04,May-26,10:59,Internet,Denver,CO,80014,Open,No,Billing
221,Nobody will process my $65 refund even though I have called several months in a row about it. I would appreciate a quick response.,2025-11-06,Nov-25,18:46,Internet,Atlanta,GA,30301,Closed,No,Financial
222,I have been on hold for over an hour trying to reach customer support.,2025-11-11,Nov-25,05:25,Customer Care Call,Phoenix,AZ,85001,Open,No,Service
223,Nobody will process my $22.50 refund even though I have called three days in a row about it. Please let me know as soon as possible.,2025-06-06,Jun-25,14:47,Customer Care Call,Phoenix,AZ,85001,Solved,No,Financial
224,I have called a month in a row and every representative gives me a different answer with no resolution. I've already called twice about this exact issue.,2025-09-11,Sep-25,21:48,Internet,Miami,FL,33101,Solved,No,Service
225,"My bill shows a late fee even though I paid on time, please review my account.",2026-06-02,Jun-26,06:36,Internet,Columbus,OH,43085,Pending,No,Billing
226,Could you send me information about available add-on packages? This has happened before and I don't want it to happen again.,2026-05-16,May-26,02:57,Customer Care Call,Miami,FL,33101,Open,No,Others
227,I have been overcharged $65 for two weeks now and no one has fixed my billing statement. Please escalate this to a supervisor if needed.,2026-04-19,Apr-26,21:51,Customer Care Call,Springfield,IL,62701,Open,No,Billing
228,"Can someone confirm when my deposit will be returned after I closed my account? This is not urgent, just wanted to flag it.",2025-03-16,Mar-25,01:27,Customer Care Call,Portland,OR,97201,Open,Yes,Financial
229,I have tried to cancel my account for two weeks and keep getting transferred with no resolution.,2026-02-23,Feb-26,05:49,Internet,Seattle,WA,98101,Solved,No,Others
230,Nobody can tell me why my account was suspended without any notice two weeks ago. I've already called twice about this exact issue.,2026-01-22,Jan-26,12:05,Internet,Baltimore,MD,21201,Closed,Yes,Others
231,I was billed for a package I never signed up for and it has taken two weeks to even get a reply. I have been a loyal customer for years and expected better.,2025-08-17,Aug-25,00:48,Internet,Denver,CO,80014,Closed,No,Billing
232,The representative I spoke to was short with me and didn't answer my question. I have been a loyal customer for years and expected better.,2025-08-24,Aug-25,07:29,Customer Care Call,Chicago,IL,60601,Pending,No,Service
233,I was billed for a package I never signed up for and it has taken several months to even get a reply.,2026-03-06,Mar-26,19:49,Internet,Springfield,IL,62701,Pending,No,Billing
234,I was charged $89.99 twice on my bill this month and would like it corrected. Thank you for looking into this.,2025-02-19,Feb-25,07:47,Internet,Portland,OR,97201,Solved,No,Billing
235,I would like to ask about the refund process for a canceled service. I've already called twice about this exact issue.,2025-02-27,Feb-25,04:32,Customer Care Call,San Diego,CA,92101,Pending,No,Financial
236,"My connection drops every hour and I work from home, I cannot keep losing income like this. I've already called twice about this exact issue.",2025-08-31,Aug-25,09:56,Internet,Atlanta,GA,30301,Pending,No,Technical
237,The promotional credit of $15 was never applied to my account as promised. Please escalate this to a supervisor if needed.,2025-06-29,Jun-25,20:43,Customer Care Call,Baltimore,MD,21201,Solved,Yes,Financial
238,Nobody can tell me why my account was suspended without any notice a month ago. I am considering switching providers over this.,2026-06-22,Jun-26,10:44,Customer Care Call,San Diego,CA,92101,Solved,No,Others
239,The promotional credit of $22.50 was never applied to my account as promised. I have been a loyal customer for years and expected better.,2025-09-04,Sep-25,07:19,Internet,Phoenix,AZ,85001,Solved,Yes,Financial
240,This is the third technician appointment that has been missed and I still have no service. I have been a loyal customer for years and expected better.,2026-02-02,Feb-26,07:16,Internet,Denver,CO,80014,Closed,Yes,Technical
241,"I moved recently and need to update my service address, but the website won't let me.",2025-07-15,Jul-25,01:17,Customer Care Call,Boston,MA,02101,Open,Yes,Others
242,"I was billed for a package I never signed up for and it has taken three weeks to even get a reply. I need this resolved immediately, I cannot wait any longer!",2025-08-11,Aug-25,15:13,Customer Care Call,Nashville,TN,37201,Closed,Yes,Billing
243,I was billed for a package I never signed up for and it has taken a month to even get a reply.,2026-05-06,May-26,07:44,Internet,Dallas,TX,75201,Solved,No,Billing
244,This is the third technician appointment that has been missed and I still have no service. I am considering switching providers over this.,2026-01-03,Jan-26,09:16,Customer Care Call,Phoenix,AZ,85001,Solved,No,Technical
245,"My bill shows a late fee even though I paid on time, please review my account. No rush on this, whenever you get a chance is fine.",2025-11-24,Nov-25,06:23,Customer Care Call,Columbus,OH,43085,Solved,Yes,Billing
246,This is the third technician appointment that has been missed and I still have no service. Please let me know as soon as possible.,2025-09-25,Sep-25,17:59,Customer Care Call,Springfield,IL,62701,Closed,No,Technical
247,I was billed for a package I never signed up for and it has taken two weeks to even get a reply. Please escalate this to a supervisor if needed.,2025-09-09,Sep-25,15:35,Customer Care Call,Columbus,OH,43085,Closed,No,Billing
248,Nobody can tell me why my account was suspended without any notice a month ago. Thank you for looking into this.,2025-06-22,Jun-25,23:50,Customer Care Call,Phoenix,AZ,85001,Pending,No,Others
249,The agent was extremely rude to me on the phone and hung up before resolving my issue. I have been a loyal customer for years and expected better.,2025-03-02,Mar-25,16:02,Internet,Nashville,TN,37201,Open,Yes,Service
250,"My internet speed seems a little slower than what I'm paying for, could you check the line? This is not urgent, just wanted to flag it.",2025-06-04,Jun-25,00:13,Customer Care Call,Austin,TX,73301,Closed,Yes,Technical
251,I had a fine experience overall but wanted to mention the hold time was a bit long. Thank you for looking into this.,2026-05-15,May-26,00:00,Customer Care Call,Nashville,TN,37201,Open,Yes,Service
252,My internet has been completely down for three weeks and no technician has shown up yet. I would appreciate a quick response.,2026-05-30,May-26,22:43,Customer Care Call,Springfield,IL,62701,Pending,Yes,Technical
253,"I moved recently and need to update my service address, but the website won't let me. This is not urgent, just wanted to flag it.",2026-06-24,Jun-26,08:52,Customer Care Call,Miami,FL,33101,Closed,No,Others
254,"My bill shows a late fee even though I paid on time, please review my account. Please escalate this to a supervisor if needed.",2025-08-20,Aug-25,09:43,Internet,Miami,FL,33101,Open,Yes,Billing
255,"My internet speed seems a little slower than what I'm paying for, could you check the line? Thank you for looking into this.",2025-01-10,Jan-25,22:10,Internet,Springfield,IL,62701,Solved,No,Technical
256,Just leaving feedback that the chat support could be a little faster to respond. I've already called twice about this exact issue.,2026-06-25,Jun-26,01:14,Internet,Austin,TX,73301,Solved,No,Service
257,I was charged $15 twice on my bill this month and would like it corrected. I would appreciate a quick response.,2025-02-03,Feb-25,05:59,Customer Care Call,Baltimore,MD,21201,Open,No,Billing
258,"My connection drops every hour and I work from home, I cannot keep losing income like this. I need this resolved immediately, I cannot wait any longer!",2026-02-12,Feb-26,02:19,Internet,Columbus,OH,43085,Pending,No,Technical
259,The representative I spoke to was short with me and didn't answer my question. I am considering switching providers over this.,2025-05-24,May-25,22:46,Internet,San Diego,CA,92101,Closed,Yes,Service
260,"My bill shows a late fee even though I paid on time, please review my account.",2026-02-11,Feb-26,10:01,Customer Care Call,Atlanta,GA,30301,Solved,No,Billing
261,I would like to ask about the refund process for a canceled service. I am considering switching providers over this.,2026-01-25,Jan-26,02:49,Customer Care Call,Denver,CO,80014,Pending,Yes,Financial
262,"My bill shows a late fee even though I paid on time, please review my account. I need this resolved immediately, I cannot wait any longer!",2025-06-07,Jun-25,23:24,Customer Care Call,San Diego,CA,92101,Closed,Yes,Billing
263,"My bill shows a late fee even though I paid on time, please review my account. I am extremely frustrated at this point.",2025-10-04,Oct-25,03:08,Internet,San Diego,CA,92101,Pending,No,Billing
264,My internet connection keeps disconnecting every few minutes since yesterday. I am considering switching providers over this.,2025-01-27,Jan-25,02:22,Internet,Austin,TX,73301,Closed,No,Technical
265,"I have a question about a charge of $65 on my latest bill, could someone clarify it? No rush on this, whenever you get a chance is fine.",2025-09-06,Sep-25,18:33,Internet,Austin,TX,73301,Solved,No,Billing
266,I have been overcharged $40 for a week now and no one has fixed my billing statement. Thank you for looking into this.,2025-03-06,Mar-25,05:27,Customer Care Call,Denver,CO,80014,Solved,No,Billing
267,My modem stopped working and I still don't have a working connection. I would appreciate a quick response.,2026-05-23,May-26,19:39,Internet,Miami,FL,33101,Solved,Yes,Technical
268,I have been overcharged $15 for two weeks now and no one has fixed my billing statement. I am extremely frustrated at this point.,2026-01-25,Jan-26,10:28,Customer Care Call,Columbus,OH,43085,Solved,No,Billing
269,"The promotional credit of $89.99 was never applied to my account as promised. This is not urgent, just wanted to flag it.",2025-11-18,Nov-25,05:25,Customer Care Call,Phoenix,AZ,85001,Closed,No,Financial
270,Nobody can tell me why my account was suspended without any notice three days ago. I am extremely frustrated at this point.,2025-10-15,Oct-25,12:23,Internet,Chicago,IL,60601,Pending,No,Others
271,"I have been on hold for over an hour trying to reach customer support. I need this resolved immediately, I cannot wait any longer!",2025-08-03,Aug-25,14:51,Customer Care Call,Phoenix,AZ,85001,Open,No,Service
272,The representative I spoke to was short with me and didn't answer my question. I would appreciate a quick response.,2025-09-16,Sep-25,21:09,Customer Care Call,Miami,FL,33101,Solved,Yes,Service
273,My internet connection keeps disconnecting every few minutes since yesterday. Please escalate this to a supervisor if needed.,2026-06-03,Jun-26,22:26,Internet,Chicago,IL,60601,Closed,Yes,Technical
274,I have been overcharged $22.50 for a month now and no one has fixed my billing statement. This has happened before and I don't want it to happen again.,2025-06-20,Jun-25,20:39,Internet,Atlanta,GA,30301,Solved,No,Billing
275,Nobody can tell me why my account was suspended without any notice two days ago.,2025-09-22,Sep-25,07:32,Internet,Austin,TX,73301,Solved,No,Others
276,Nobody will process my $210 refund even though I have called a month in a row about it. Please escalate this to a supervisor if needed.,2026-05-28,May-26,04:22,Internet,Dallas,TX,75201,Solved,Yes,Financial
277,The promotional credit of $15 was never applied to my account as promised. I've already called twice about this exact issue.,2025-05-26,May-25,11:19,Customer Care Call,Dallas,TX,75201,Solved,No,Financial
278,My internet has been completely down for two weeks and no technician has shown up yet.,2026-04-09,Apr-26,10:04,Customer Care Call,Phoenix,AZ,85001,Open,Yes,Technical
279,"My monthly bill seems higher than usual this cycle, can you check the breakdown?",2025-06-18,Jun-25,23:15,Internet,Nashville,TN,37201,Pending,No,Billing
280,"This is the third technician appointment that has been missed and I still have no service. No rush on this, whenever you get a chance is fine.",2025-07-08,Jul-25,05:40,Customer Care Call,Chicago,IL,60601,Solved,Yes,Technical
281,The agent was extremely rude to me on the phone and hung up before resolving my issue. Please escalate this to a supervisor if needed.,2026-02-03,Feb-26,00:45,Internet,Chicago,IL,60601,Pending,No,Service
282,I have called several months in a row and every representative gives me a different answer with no resolution.,2025-04-15,Apr-25,17:11,Customer Care Call,Portland,OR,97201,Closed,No,Service
283,My internet connection keeps disconnecting every few minutes since yesterday. I've already called twice about this exact issue.,2026-06-25,Jun-26,20:20,Customer Care Call,Phoenix,AZ,85001,Solved,Yes,Technical
284,I cancelled my service two weeks ago and my $210 deposit still has not been refunded. Please escalate this to a supervisor if needed.,2025-11-01,Nov-25,19:37,Internet,Denver,CO,80014,Pending,No,Financial
285,I have been overcharged $40 for two days now and no one has fixed my billing statement. Please let me know as soon as possible.,2025-05-25,May-25,16:24,Customer Care Call,Atlanta,GA,30301,Pending,No,Billing
286,I'd like a technician to take a look at my router configuration when convenient. I have been a loyal customer for years and expected better.,2025-06-27,Jun-25,17:10,Customer Care Call,Dallas,TX,75201,Closed,No,Technical
287,I was billed for a package I never signed up for and it has taken two weeks to even get a reply. Please escalate this to a supervisor if needed.,2026-01-03,Jan-26,00:31,Internet,Springfield,IL,62701,Pending,No,Billing
288,Nobody can tell me why my account was suspended without any notice a month ago. Thank you for looking into this.,2026-05-19,May-26,13:45,Customer Care Call,Chicago,IL,60601,Solved,No,Others
289,"My bill shows a late fee even though I paid on time, please review my account. No rush on this, whenever you get a chance is fine.",2025-10-27,Oct-25,01:17,Internet,Miami,FL,33101,Closed,No,Billing
290,"I have called a month in a row and every representative gives me a different answer with no resolution. No rush on this, whenever you get a chance is fine.",2026-05-23,May-26,17:32,Internet,San Diego,CA,92101,Open,No,Service
291,I have called a week in a row and every representative gives me a different answer with no resolution. I have been a loyal customer for years and expected better.,2025-02-12,Feb-25,23:28,Internet,Columbus,OH,43085,Solved,Yes,Service
292,"The agent was extremely rude to me on the phone and hung up before resolving my issue. This is not urgent, just wanted to flag it.",2025-02-03,Feb-25,14:16,Customer Care Call,Seattle,WA,98101,Open,No,Service
293,"I want to cancel my subscription but keep getting transferred between departments. No rush on this, whenever you get a chance is fine.",2025-08-03,Aug-25,23:37,Customer Care Call,Miami,FL,33101,Solved,No,Others
294,I had a fine experience overall but wanted to mention the hold time was a bit long. I've already called twice about this exact issue.,2025-03-02,Mar-25,18:22,Customer Care Call,Miami,FL,33101,Pending,No,Service
295,Nobody can tell me why my account was suspended without any notice a week ago. Please escalate this to a supervisor if needed.,2026-06-11,Jun-26,21:52,Internet,Seattle,WA,98101,Pending,No,Others
296,"I moved recently and need to update my service address, but the website won't let me. This has happened before and I don't want it to happen again.",2025-05-16,May-25,07:09,Customer Care Call,Denver,CO,80014,Pending,No,Others
297,My modem stopped working and I still don't have a working connection. I would appreciate a quick response.,2026-03-01,Mar-26,12:28,Internet,Nashville,TN,37201,Open,No,Technical
298,My internet has been completely down for a month and no technician has shown up yet. I am extremely frustrated at this point.,2026-05-15,May-26,10:37,Internet,Phoenix,AZ,85001,Open,No,Technical
299,Just leaving feedback that the chat support could be a little faster to respond. I've already called twice about this exact issue.,2026-02-12,Feb-26,06:27,Internet,Austin,TX,73301,Solved,No,Service
300,I cancelled my service a week ago and my $40 deposit still has not been refunded. I have been a loyal customer for years and expected better.,2025-05-14,May-25,18:54,Customer Care Call,Portland,OR,97201,Closed,Yes,Financial
301,I was charged $120 twice on my bill this month and would like it corrected. I've already called twice about this exact issue.,2025-01-17,Jan-25,03:59,Internet,Phoenix,AZ,85001,Solved,No,Billing
302,"I have a question about a charge of $65 on my latest bill, could someone clarify it? I need this resolved immediately, I cannot wait any longer!",2025-05-16,May-25,20:19,Internet,Baltimore,MD,21201,Closed,Yes,Billing
303,The representative I spoke to was short with me and didn't answer my question. I am extremely frustrated at this point.,2025-06-19,Jun-25,01:25,Customer Care Call,Nashville,TN,37201,Pending,No,Service
304,The representative I spoke to was short with me and didn't answer my question.,2026-05-04,May-26,02:08,Internet,Miami,FL,33101,Solved,Yes,Service
305,"I have a question about a charge of $40 on my latest bill, could someone clarify it?",2026-03-09,Mar-26,22:08,Customer Care Call,Columbus,OH,43085,Open,No,Billing
306,Nobody will process my $120 refund even though I have called several months in a row about it.,2025-11-17,Nov-25,11:56,Customer Care Call,Austin,TX,73301,Pending,No,Financial
307,I have called several months in a row and every representative gives me a different answer with no resolution. Please let me know as soon as possible.,2025-05-27,May-25,02:33,Internet,Nashville,TN,37201,Pending,No,Service
308,"I cancelled my service a month ago and my $22.50 deposit still has not been refunded. I need this resolved immediately, I cannot wait any longer!",2026-02-26,Feb-26,19:43,Customer Care Call,Denver,CO,80014,Pending,Yes,Financial
309,"I moved recently and need to update my service address, but the website won't let me.",2026-01-29,Jan-26,11:27,Customer Care Call,Portland,OR,97201,Pending,No,Others
310,I requested a refund of $15 three days ago and have not received it yet. I have been a loyal customer for years and expected better.,2025-10-19,Oct-25,22:01,Customer Care Call,Portland,OR,97201,Pending,No,Financial
311,I have called a month in a row and every representative gives me a different answer with no resolution.,2025-09-03,Sep-25,15:24,Internet,San Diego,CA,92101,Pending,No,Service
312,Just leaving feedback that the chat support could be a little faster to respond.,2025-11-21,Nov-25,04:24,Customer Care Call,Atlanta,GA,30301,Closed,No,Service
313,I have called two days in a row and every representative gives me a different answer with no resolution.,2025-03-11,Mar-25,00:16,Internet,Portland,OR,97201,Open,Yes,Service
314,I have tried to cancel my account for three weeks and keep getting transferred with no resolution. I would appreciate a quick response.,2026-05-29,May-26,13:27,Customer Care Call,Nashville,TN,37201,Open,No,Others
315,I requested a refund of $40 two days ago and have not received it yet. I have been a loyal customer for years and expected better.,2025-07-28,Jul-25,04:34,Customer Care Call,Baltimore,MD,21201,Solved,Yes,Financial
316,The promotional credit of $65 was never applied to my account as promised. I've already called twice about this exact issue.,2025-03-01,Mar-25,07:05,Customer Care Call,Miami,FL,33101,Open,No,Financial
317,I had a fine experience overall but wanted to mention the hold time was a bit long. This has happened before and I don't want it to happen again.,2025-06-29,Jun-25,03:00,Internet,Dallas,TX,75201,Open,No,Service
318,My internet has been completely down for three weeks and no technician has shown up yet. I have been a loyal customer for years and expected better.,2025-09-23,Sep-25,05:23,Internet,San Diego,CA,92101,Closed,Yes,Technical
319,"I have called a week in a row and every representative gives me a different answer with no resolution. No rush on this, whenever you get a chance is fine.",2025-10-06,Oct-25,16:04,Customer Care Call,Chicago,IL,60601,Open,No,Service
320,My internet connection keeps disconnecting every few minutes since yesterday. Thank you for looking into this.,2025-06-20,Jun-25,11:10,Customer Care Call,Columbus,OH,43085,Open,Yes,Technical
321,I would like to ask about the refund process for a canceled service.,2025-01-13,Jan-25,07:02,Customer Care Call,Columbus,OH,43085,Closed,No,Financial
322,"I moved recently and need to update my service address, but the website won't let me.",2026-03-06,Mar-26,07:20,Internet,Boston,MA,02101,Solved,No,Others
323,I requested a refund of $15 three weeks ago and have not received it yet. I am extremely frustrated at this point.,2026-05-30,May-26,21:57,Internet,Austin,TX,73301,Pending,No,Financial
324,"Nobody has followed up with me after promising a callback two weeks ago, this is unacceptable.",2026-04-22,Apr-26,09:49,Customer Care Call,Baltimore,MD,21201,Closed,Yes,Service
325,"This is the third technician appointment that has been missed and I still have no service. This is not urgent, just wanted to flag it.",2025-11-08,Nov-25,23:39,Internet,Seattle,WA,98101,Solved,No,Technical
326,"My connection drops every hour and I work from home, I cannot keep losing income like this. No rush on this, whenever you get a chance is fine.",2025-09-09,Sep-25,04:00,Customer Care Call,Miami,FL,33101,Open,No,Technical
327,"This is the third technician appointment that has been missed and I still have no service. I need this resolved immediately, I cannot wait any longer!",2025-01-10,Jan-25,10:00,Customer Care Call,Baltimore,MD,21201,Closed,Yes,Technical
328,I was billed for a package I never signed up for and it has taken two weeks to even get a reply. Thank you for looking into this.,2025-05-26,May-25,22:17,Internet,Springfield,IL,62701,Open,No,Billing
329,"I moved recently and need to update my service address, but the website won't let me. I need this resolved immediately, I cannot wait any longer!",2026-01-17,Jan-26,14:47,Internet,Baltimore,MD,21201,Open,No,Others
330,Just leaving feedback that the chat support could be a little faster to respond. Please escalate this to a supervisor if needed.,2025-03-05,Mar-25,13:42,Internet,Portland,OR,97201,Pending,No,Service
331,I requested a refund of $40 several months ago and have not received it yet. I am considering switching providers over this.,2025-12-01,Dec-25,10:28,Customer Care Call,Dallas,TX,75201,Pending,Yes,Financial
332,"I have tried to cancel my account for several months and keep getting transferred with no resolution. No rush on this, whenever you get a chance is fine.",2025-04-22,Apr-25,04:06,Internet,Portland,OR,97201,Solved,No,Others
333,The promotional credit of $15 was never applied to my account as promised. I am extremely frustrated at this point.,2025-08-01,Aug-25,14:19,Customer Care Call,San Diego,CA,92101,Closed,Yes,Financial
334,"My bill shows a late fee even though I paid on time, please review my account. I would appreciate a quick response.",2025-02-11,Feb-25,06:53,Customer Care Call,Columbus,OH,43085,Pending,Yes,Billing
335,The agent was extremely rude to me on the phone and hung up before resolving my issue. I have been a loyal customer for years and expected better.,2025-11-03,Nov-25,08:52,Internet,Springfield,IL,62701,Open,No,Service
336,Could you send me information about available add-on packages? I have been a loyal customer for years and expected better.,2025-04-07,Apr-25,14:06,Internet,Miami,FL,33101,Open,Yes,Others
337,I was charged $210 twice on my bill this month and would like it corrected. Please let me know as soon as possible.,2026-02-15,Feb-26,11:43,Internet,Miami,FL,33101,Closed,Yes,Billing
338,"My monthly bill seems higher than usual this cycle, can you check the breakdown? This has happened before and I don't want it to happen again.",2025-05-12,May-25,02:57,Customer Care Call,Phoenix,AZ,85001,Open,Yes,Billing
339,I have tried to cancel my account for three days and keep getting transferred with no resolution. Please escalate this to a supervisor if needed.,2026-02-09,Feb-26,15:01,Customer Care Call,Chicago,IL,60601,Solved,No,Others
340,I cancelled my service a week ago and my $22.50 deposit still has not been refunded. I would appreciate a quick response.,2025-06-02,Jun-25,01:39,Internet,Phoenix,AZ,85001,Closed,No,Financial
341,"My internet speed seems a little slower than what I'm paying for, could you check the line?",2025-10-14,Oct-25,12:08,Customer Care Call,Austin,TX,73301,Pending,No,Technical
342,"Just leaving feedback that the chat support could be a little faster to respond. No rush on this, whenever you get a chance is fine.",2026-01-27,Jan-26,22:22,Customer Care Call,Springfield,IL,62701,Solved,No,Service
343,"I moved recently and need to update my service address, but the website won't let me. I am considering switching providers over this.",2025-07-04,Jul-25,00:20,Internet,Seattle,WA,98101,Open,No,Others
344,I was charged $65 twice on my bill this month and would like it corrected. I am extremely frustrated at this point.,2025-08-27,Aug-25,05:06,Internet,San Diego,CA,92101,Pending,No,Billing
345,This is the third technician appointment that has been missed and I still have no service.,2025-08-13,Aug-25,18:54,Customer Care Call,San Diego,CA,92101,Closed,No,Technical
346,"This is the second month in a row my bill is wrong by $89.99 and support keeps ignoring my emails. No rush on this, whenever you get a chance is fine.",2026-01-03,Jan-26,18:01,Customer Care Call,Dallas,TX,75201,Pending,No,Billing
347,I have a general question about upgrading my current plan. I have been a loyal customer for years and expected better.,2025-06-29,Jun-25,15:02,Internet,Seattle,WA,98101,Open,No,Others
348,"My connection drops every hour and I work from home, I cannot keep losing income like this. Thank you for looking into this.",2025-12-06,Dec-25,19:12,Internet,Springfield,IL,62701,Closed,No,Technical
349,"I moved recently and need to update my service address, but the website won't let me. I am extremely frustrated at this point.",2025-01-23,Jan-25,04:37,Internet,Springfield,IL,62701,Open,No,Others
350,I have tried to cancel my account for a month and keep getting transferred with no resolution. This has happened before and I don't want it to happen again.,2025-04-14,Apr-25,10:19,Customer Care Call,Chicago,IL,60601,Pending,No,Others
351,The agent was extremely rude to me on the phone and hung up before resolving my issue. This has happened before and I don't want it to happen again.,2025-11-21,Nov-25,05:45,Customer Care Call,Phoenix,AZ,85001,Pending,No,Service
352,Nobody will process my $120 refund even though I have called a month in a row about it. I would appreciate a quick response.,2025-07-01,Jul-25,23:00,Customer Care Call,Denver,CO,80014,Open,No,Financial
353,"My connection drops every hour and I work from home, I cannot keep losing income like this. This is not urgent, just wanted to flag it.",2025-04-17,Apr-25,15:09,Customer Care Call,Nashville,TN,37201,Open,No,Technical
354,I cancelled my service three days ago and my $40 deposit still has not been refunded. This has happened before and I don't want it to happen again.,2025-04-01,Apr-25,22:42,Customer Care Call,Baltimore,MD,21201,Solved,Yes,Financial
355,I requested a refund of $22.50 a month ago and have not received it yet.,2025-09-20,Sep-25,03:46,Internet,Atlanta,GA,30301,Open,No,Financial
356,My internet connection keeps disconnecting every few minutes since yesterday. I am considering switching providers over this.,2026-01-23,Jan-26,11:34,Customer Care Call,Phoenix,AZ,85001,Open,No,Technical
357,"Nobody has followed up with me after promising a callback a month ago, this is unacceptable. No rush on this, whenever you get a chance is fine.",2025-08-19,Aug-25,05:28,Internet,Nashville,TN,37201,Open,No,Service
358,"I have a question about a charge of $40 on my latest bill, could someone clarify it?",2025-06-24,Jun-25,12:10,Internet,Atlanta,GA,30301,Open,No,Billing
359,"My connection drops every hour and I work from home, I cannot keep losing income like this. I need this resolved immediately, I cannot wait any longer!",2026-03-18,Mar-26,20:10,Customer Care Call,Springfield,IL,62701,Pending,Yes,Technical
360,"My bill shows a late fee even though I paid on time, please review my account. I am considering switching providers over this.",2025-09-29,Sep-25,21:18,Customer Care Call,Dallas,TX,75201,Pending,Yes,Billing
361,I was charged $89.99 twice on my bill this month and would like it corrected. I've already called twice about this exact issue.,2025-06-07,Jun-25,01:23,Internet,Phoenix,AZ,85001,Solved,Yes,Billing
362,The promotional credit of $120 was never applied to my account as promised. Please escalate this to a supervisor if needed.,2025-07-24,Jul-25,03:01,Internet,Phoenix,AZ,85001,Pending,No,Financial
363,Nobody can tell me why my account was suspended without any notice several months ago.,2026-02-12,Feb-26,15:31,Customer Care Call,Seattle,WA,98101,Open,No,Others
364,I was billed for a package I never signed up for and it has taken a week to even get a reply. Please let me know as soon as possible.,2025-02-15,Feb-25,08:28,Customer Care Call,Phoenix,AZ,85001,Closed,No,Billing
365,I have a general question about upgrading my current plan. Please let me know as soon as possible.,2025-04-10,Apr-25,02:42,Customer Care Call,San Diego,CA,92101,Solved,No,Others
366,This is the third technician appointment that has been missed and I still have no service. I've already called twice about this exact issue.,2026-03-05,Mar-26,17:43,Customer Care Call,Boston,MA,02101,Pending,No,Technical
367,"The promotional credit of $65 was never applied to my account as promised. I need this resolved immediately, I cannot wait any longer!",2026-05-30,May-26,18:57,Internet,Springfield,IL,62701,Open,No,Financial
368,"This is the second month in a row my bill is wrong by $22.50 and support keeps ignoring my emails. No rush on this, whenever you get a chance is fine.",2025-05-10,May-25,01:27,Internet,Miami,FL,33101,Solved,No,Billing
369,Nobody can tell me why my account was suspended without any notice three days ago. I've already called twice about this exact issue.,2025-09-22,Sep-25,10:58,Internet,Portland,OR,97201,Open,No,Others
370,This is the third technician appointment that has been missed and I still have no service. I've already called twice about this exact issue.,2026-06-17,Jun-26,14:58,Internet,Seattle,WA,98101,Solved,Yes,Technical
371,I'd like a technician to take a look at my router configuration when convenient. Please escalate this to a supervisor if needed.,2025-04-13,Apr-25,03:36,Internet,Portland,OR,97201,Closed,No,Technical
372,I want to cancel my subscription but keep getting transferred between departments. This has happened before and I don't want it to happen again.,2026-04-30,Apr-26,01:11,Customer Care Call,Phoenix,AZ,85001,Solved,No,Others
373,I had a fine experience overall but wanted to mention the hold time was a bit long. I am considering switching providers over this.,2026-02-10,Feb-26,10:44,Internet,Springfield,IL,62701,Open,No,Service
374,"I moved recently and need to update my service address, but the website won't let me. I am extremely frustrated at this point.",2025-11-07,Nov-25,09:17,Customer Care Call,Columbus,OH,43085,Open,No,Others
375,"I have been overcharged $120 for two weeks now and no one has fixed my billing statement. No rush on this, whenever you get a chance is fine.",2025-11-25,Nov-25,08:46,Customer Care Call,Columbus,OH,43085,Open,No,Billing
376,"My internet connection keeps disconnecting every few minutes since yesterday. I need this resolved immediately, I cannot wait any longer!",2026-06-13,Jun-26,11:52,Internet,Phoenix,AZ,85001,Pending,Yes,Technical
377,The promotional credit of $89.99 was never applied to my account as promised. Please let me know as soon as possible.,2026-06-21,Jun-26,18:01,Internet,San Diego,CA,92101,Pending,No,Financial
378,I have a general question about upgrading my current plan. Thank you for looking into this.,2026-01-05,Jan-26,22:12,Customer Care Call,Springfield,IL,62701,Closed,No,Others
379,My internet has been completely down for two days and no technician has shown up yet. This has happened before and I don't want it to happen again.,2025-09-05,Sep-25,11:31,Customer Care Call,Springfield,IL,62701,Pending,No,Technical
380,"My connection drops every hour and I work from home, I cannot keep losing income like this. Please let me know as soon as possible.",2025-09-22,Sep-25,23:53,Internet,Columbus,OH,43085,Closed,Yes,Technical
381,Nobody will process my $22.50 refund even though I have called several months in a row about it. Please escalate this to a supervisor if needed.,2025-08-08,Aug-25,07:41,Internet,San Diego,CA,92101,Pending,No,Financial
382,The representative I spoke to was short with me and didn't answer my question. I've already called twice about this exact issue.,2025-01-10,Jan-25,15:58,Internet,San Diego,CA,92101,Pending,Yes,Service
383,I would like to ask about the refund process for a canceled service. I would appreciate a quick response.,2025-10-09,Oct-25,13:57,Customer Care Call,Dallas,TX,75201,Closed,No,Financial
384,Can someone confirm when my deposit will be returned after I closed my account? This has happened before and I don't want it to happen again.,2026-02-11,Feb-26,18:06,Internet,Boston,MA,02101,Closed,No,Financial
385,The promotional credit of $15 was never applied to my account as promised.,2025-10-11,Oct-25,20:20,Customer Care Call,Atlanta,GA,30301,Closed,No,Financial
386,"I was billed for a package I never signed up for and it has taken several months to even get a reply. This is not urgent, just wanted to flag it.",2025-02-28,Feb-25,19:25,Customer Care Call,Baltimore,MD,21201,Pending,Yes,Billing
387,The representative I spoke to was short with me and didn't answer my question. I am considering switching providers over this.,2026-02-02,Feb-26,23:02,Internet,Chicago,IL,60601,Closed,No,Service
388,I have been on hold for over an hour trying to reach customer support. Thank you for looking into this.,2026-01-03,Jan-26,16:19,Internet,Baltimore,MD,21201,Pending,No,Service
389,"My bill shows a late fee even though I paid on time, please review my account. I would appreciate a quick response.",2025-07-07,Jul-25,21:57,Customer Care Call,Dallas,TX,75201,Open,No,Billing
390,Nobody will process my $120 refund even though I have called several months in a row about it. I would appreciate a quick response.,2025-12-06,Dec-25,11:16,Customer Care Call,Chicago,IL,60601,Solved,Yes,Financial
391,My modem stopped working and I still don't have a working connection. Please escalate this to a supervisor if needed.,2025-03-14,Mar-25,15:56,Internet,Portland,OR,97201,Open,No,Technical
392,My internet has been completely down for two days and no technician has shown up yet. I've already called twice about this exact issue.,2025-06-04,Jun-25,04:12,Customer Care Call,Columbus,OH,43085,Solved,No,Technical
393,This is the second month in a row my bill is wrong by $210 and support keeps ignoring my emails. Please let me know as soon as possible.,2025-03-24,Mar-25,15:21,Internet,San Diego,CA,92101,Closed,Yes,Billing
394,"I have a question about a charge of $40 on my latest bill, could someone clarify it? No rush on this, whenever you get a chance is fine.",2025-06-22,Jun-25,18:48,Internet,San Diego,CA,92101,Solved,Yes,Billing
395,I have been overcharged $65 for a month now and no one has fixed my billing statement. I am considering switching providers over this.,2026-03-16,Mar-26,15:24,Internet,Chicago,IL,60601,Open,No,Billing
396,"The agent was extremely rude to me on the phone and hung up before resolving my issue. No rush on this, whenever you get a chance is fine.",2026-06-28,Jun-26,06:01,Internet,Columbus,OH,43085,Pending,No,Service
397,I have been on hold for over an hour trying to reach customer support. Please let me know as soon as possible.,2026-01-28,Jan-26,16:37,Customer Care Call,Austin,TX,73301,Pending,Yes,Service
398,I have a general question about upgrading my current plan. Thank you for looking into this.,2026-06-17,Jun-26,19:33,Customer Care Call,Dallas,TX,75201,Solved,No,Others
399,"I cancelled my service a week ago and my $65 deposit still has not been refunded. No rush on this, whenever you get a chance is fine.",2025-06-18,Jun-25,12:01,Internet,Miami,FL,33101,Pending,No,Financial
400,I was billed for a package I never signed up for and it has taken three weeks to even get a reply. I have been a loyal customer for years and expected better.,2025-05-07,May-25,11:45,Internet,Denver,CO,80014,Solved,No,Billing
401,I have called two days in a row and every representative gives me a different answer with no resolution. Please escalate this to a supervisor if needed.,2025-04-21,Apr-25,20:53,Internet,Springfield,IL,62701,Open,Yes,Service
402,I'd like a technician to take a look at my router configuration when convenient. I have been a loyal customer for years and expected better.,2026-05-01,May-26,22:09,Internet,Seattle,WA,98101,Open,No,Technical
403,I'd like a technician to take a look at my router configuration when convenient. I have been a loyal customer for years and expected better.,2025-05-21,May-25,13:53,Internet,Seattle,WA,98101,Open,No,Technical
404,"I have been overcharged $15 for two weeks now and no one has fixed my billing statement. This is not urgent, just wanted to flag it.",2025-07-24,Jul-25,08:53,Internet,Portland,OR,97201,Closed,No,Billing
405,The promotional credit of $15 was never applied to my account as promised. Thank you for looking into this.,2025-08-01,Aug-25,22:59,Customer Care Call,Baltimore,MD,21201,Closed,No,Financial
406,"I have a question about a charge of $120 on my latest bill, could someone clarify it?",2026-05-21,May-26,04:05,Internet,Columbus,OH,43085,Open,No,Billing
407,Just leaving feedback that the chat support could be a little faster to respond. I would appreciate a quick response.,2025-02-21,Feb-25,03:52,Internet,Phoenix,AZ,85001,Open,No,Service
408,Nobody will process my $120 refund even though I have called a week in a row about it. I am considering switching providers over this.,2025-04-29,Apr-25,03:54,Internet,Dallas,TX,75201,Open,No,Financial
409,The representative I spoke to was short with me and didn't answer my question. I am extremely frustrated at this point.,2026-03-25,Mar-26,19:17,Internet,Baltimore,MD,21201,Closed,No,Service
410,I was billed for a package I never signed up for and it has taken two weeks to even get a reply. Thank you for looking into this.,2026-01-30,Jan-26,22:54,Customer Care Call,Seattle,WA,98101,Solved,No,Billing
411,I have been overcharged $120 for a month now and no one has fixed my billing statement.,2025-06-13,Jun-25,03:26,Customer Care Call,Columbus,OH,43085,Solved,No,Billing
412,I had a fine experience overall but wanted to mention the hold time was a bit long. Please escalate this to a supervisor if needed.,2025-05-14,May-25,15:58,Customer Care Call,Springfield,IL,62701,Open,No,Service
413,My internet connection keeps disconnecting every few minutes since yesterday. This has happened before and I don't want it to happen again.,2025-01-13,Jan-25,22:55,Internet,Atlanta,GA,30301,Closed,Yes,Technical
414,I'd like a technician to take a look at my router configuration when convenient. Thank you for looking into this.,2026-01-30,Jan-26,04:53,Internet,Atlanta,GA,30301,Open,No,Technical
415,My internet has been completely down for several months and no technician has shown up yet. Thank you for looking into this.,2025-06-19,Jun-25,02:48,Customer Care Call,Columbus,OH,43085,Closed,No,Technical
416,I cancelled my service two days ago and my $40 deposit still has not been refunded. I have been a loyal customer for years and expected better.,2026-01-23,Jan-26,12:52,Internet,Miami,FL,33101,Open,No,Financial
417,My internet connection keeps disconnecting every few minutes since yesterday.,2026-05-26,May-26,14:20,Internet,Columbus,OH,43085,Solved,Yes,Technical
418,I have been overcharged $65 for two days now and no one has fixed my billing statement. I have been a loyal customer for years and expected better.,2025-01-01,Jan-25,02:50,Customer Care Call,Boston,MA,02101,Pending,No,Billing
419,I have tried to cancel my account for several months and keep getting transferred with no resolution.,2025-08-17,Aug-25,14:21,Customer Care Call,Columbus,OH,43085,Closed,No,Others
420,"I have been overcharged $210 for a month now and no one has fixed my billing statement. This is not urgent, just wanted to flag it.",2025-12-16,Dec-25,11:53,Customer Care Call,Springfield,IL,62701,Closed,Yes,Billing
421,I was charged $22.50 twice on my bill this month and would like it corrected. Please let me know as soon as possible.,2026-02-24,Feb-26,03:16,Internet,Columbus,OH,43085,Pending,Yes,Billing
422,I have tried to cancel my account for three days and keep getting transferred with no resolution. Thank you for looking into this.,2025-07-15,Jul-25,22:21,Internet,Columbus,OH,43085,Solved,Yes,Others
423,I have tried to cancel my account for a month and keep getting transferred with no resolution. Please escalate this to a supervisor if needed.,2026-04-07,Apr-26,14:42,Internet,Austin,TX,73301,Solved,Yes,Others
424,My internet has been completely down for three weeks and no technician has shown up yet. I am considering switching providers over this.,2026-05-10,May-26,16:49,Internet,Columbus,OH,43085,Pending,No,Technical
425,I have been overcharged $120 for three weeks now and no one has fixed my billing statement. Please escalate this to a supervisor if needed.,2025-11-26,Nov-25,16:56,Customer Care Call,Baltimore,MD,21201,Solved,No,Billing
426,I requested a refund of $40 a week ago and have not received it yet. Thank you for looking into this.,2025-05-17,May-25,04:26,Customer Care Call,San Diego,CA,92101,Closed,No,Financial
427,I was billed for a package I never signed up for and it has taken a month to even get a reply. I would appreciate a quick response.,2025-12-20,Dec-25,21:08,Internet,Nashville,TN,37201,Closed,Yes,Billing
428,I have called two weeks in a row and every representative gives me a different answer with no resolution. Please escalate this to a supervisor if needed.,2026-03-04,Mar-26,21:47,Customer Care Call,Portland,OR,97201,Solved,Yes,Service
429,My internet has been completely down for two weeks and no technician has shown up yet. Please let me know as soon as possible.,2025-02-27,Feb-25,06:17,Internet,Springfield,IL,62701,Closed,No,Technical
430,"This is the second month in a row my bill is wrong by $15 and support keeps ignoring my emails. No rush on this, whenever you get a chance is fine.",2025-07-28,Jul-25,17:02,Customer Care Call,Seattle,WA,98101,Solved,Yes,Billing
431,I had a fine experience overall but wanted to mention the hold time was a bit long. I have been a loyal customer for years and expected better.,2025-08-18,Aug-25,23:41,Customer Care Call,Columbus,OH,43085,Pending,No,Service
432,I have been on hold for over an hour trying to reach customer support. I am considering switching providers over this.,2025-11-17,Nov-25,17:03,Internet,Chicago,IL,60601,Closed,No,Service
433,I had a fine experience overall but wanted to mention the hold time was a bit long. I've already called twice about this exact issue.,2025-08-19,Aug-25,20:45,Customer Care Call,Phoenix,AZ,85001,Pending,No,Service
434,The promotional credit of $22.50 was never applied to my account as promised.,2025-06-27,Jun-25,23:32,Internet,Denver,CO,80014,Solved,Yes,Financial
435,I'd like a technician to take a look at my router configuration when convenient. Please let me know as soon as possible.,2025-09-19,Sep-25,00:21,Customer Care Call,Denver,CO,80014,Pending,Yes,Technical
436,This is the second month in a row my bill is wrong by $40 and support keeps ignoring my emails.,2025-11-05,Nov-25,15:50,Customer Care Call,San Diego,CA,92101,Open,No,Billing
437,My internet has been completely down for three weeks and no technician has shown up yet.,2026-06-02,Jun-26,05:26,Customer Care Call,San Diego,CA,92101,Open,No,Technical
438,I would like to ask about the refund process for a canceled service. I am extremely frustrated at this point.,2026-01-05,Jan-26,09:13,Customer Care Call,Atlanta,GA,30301,Open,Yes,Financial
439,The representative I spoke to was short with me and didn't answer my question. This has happened before and I don't want it to happen again.,2025-09-07,Sep-25,01:43,Customer Care Call,Portland,OR,97201,Solved,Yes,Service
440,Nobody will process my $89.99 refund even though I have called a month in a row about it. I would appreciate a quick response.,2026-06-14,Jun-26,11:32,Customer Care Call,Springfield,IL,62701,Solved,Yes,Financial
441,The promotional credit of $120 was never applied to my account as promised. I am extremely frustrated at this point.,2025-03-26,Mar-25,03:10,Internet,Boston,MA,02101,Open,No,Financial
442,The representative I spoke to was short with me and didn't answer my question. I've already called twice about this exact issue.,2026-03-11,Mar-26,03:13,Customer Care Call,Nashville,TN,37201,Open,No,Service
443,"My monthly bill seems higher than usual this cycle, can you check the breakdown?",2025-03-17,Mar-25,01:11,Customer Care Call,Austin,TX,73301,Open,No,Billing
444,"I moved recently and need to update my service address, but the website won't let me. Thank you for looking into this.",2026-02-19,Feb-26,13:20,Internet,Nashville,TN,37201,Solved,Yes,Others
445,This is the third technician appointment that has been missed and I still have no service. Please escalate this to a supervisor if needed.,2025-02-16,Feb-25,22:54,Internet,Austin,TX,73301,Closed,Yes,Technical
446,The promotional credit of $120 was never applied to my account as promised. Please escalate this to a supervisor if needed.,2025-10-16,Oct-25,14:24,Customer Care Call,Austin,TX,73301,Open,No,Financial
447,"This is the second month in a row my bill is wrong by $22.50 and support keeps ignoring my emails. I need this resolved immediately, I cannot wait any longer!",2025-10-30,Oct-25,20:09,Customer Care Call,Chicago,IL,60601,Closed,Yes,Billing
448,This is the third technician appointment that has been missed and I still have no service.,2025-01-06,Jan-25,18:38,Customer Care Call,Springfield,IL,62701,Open,No,Technical
449,I was billed for a package I never signed up for and it has taken a month to even get a reply. I am extremely frustrated at this point.,2026-02-27,Feb-26,20:54,Internet,Miami,FL,33101,Pending,No,Billing
450,"I would like to ask about the refund process for a canceled service. This is not urgent, just wanted to flag it.",2025-07-05,Jul-25,21:51,Internet,Austin,TX,73301,Solved,Yes,Financial
451,The promotional credit of $15 was never applied to my account as promised.,2026-05-14,May-26,10:22,Internet,Miami,FL,33101,Pending,Yes,Financial
452,I requested a refund of $15 three days ago and have not received it yet. I am extremely frustrated at this point.,2026-04-07,Apr-26,10:39,Customer Care Call,Phoenix,AZ,85001,Pending,No,Financial
453,"Nobody has followed up with me after promising a callback three days ago, this is unacceptable.",2025-09-10,Sep-25,07:45,Customer Care Call,Atlanta,GA,30301,Closed,No,Service
454,I have been overcharged $120 for a week now and no one has fixed my billing statement. Thank you for looking into this.,2026-04-02,Apr-26,11:49,Customer Care Call,Phoenix,AZ,85001,Solved,Yes,Billing
455,This is the second month in a row my bill is wrong by $89.99 and support keeps ignoring my emails. I've already called twice about this exact issue.,2025-05-24,May-25,17:12,Customer Care Call,Seattle,WA,98101,Open,Yes,Billing
456,I want to cancel my subscription but keep getting transferred between departments. This has happened before and I don't want it to happen again.,2026-02-19,Feb-26,18:13,Internet,Springfield,IL,62701,Closed,No,Others
457,The representative I spoke to was short with me and didn't answer my question. I am considering switching providers over this.,2025-10-25,Oct-25,04:29,Internet,Miami,FL,33101,Solved,No,Service
458,My internet has been completely down for three days and no technician has shown up yet. I've already called twice about this exact issue.,2025-06-19,Jun-25,16:08,Customer Care Call,San Diego,CA,92101,Pending,No,Technical
459,This is the third technician appointment that has been missed and I still have no service. I've already called twice about this exact issue.,2026-05-11,May-26,11:02,Internet,Denver,CO,80014,Solved,No,Technical
460,I was charged $40 twice on my bill this month and would like it corrected.,2025-07-31,Jul-25,16:58,Customer Care Call,Nashville,TN,37201,Solved,No,Billing
461,"I moved recently and need to update my service address, but the website won't let me. This has happened before and I don't want it to happen again.",2025-04-16,Apr-25,22:33,Customer Care Call,Atlanta,GA,30301,Closed,No,Others
462,Nobody will process my $65 refund even though I have called a week in a row about it. Please escalate this to a supervisor if needed.,2025-03-21,Mar-25,16:16,Customer Care Call,Nashville,TN,37201,Pending,No,Financial
463,I cancelled my service a week ago and my $210 deposit still has not been refunded. Thank you for looking into this.,2026-05-09,May-26,19:00,Internet,San Diego,CA,92101,Solved,No,Financial
464,I would like to ask about the refund process for a canceled service. I would appreciate a quick response.,2025-06-03,Jun-25,05:10,Customer Care Call,Miami,FL,33101,Open,No,Financial
465,I'd like a technician to take a look at my router configuration when convenient.,2026-05-06,May-26,15:13,Internet,Phoenix,AZ,85001,Solved,Yes,Technical
466,Can someone confirm when my deposit will be returned after I closed my account? Please escalate this to a supervisor if needed.,2025-05-18,May-25,20:32,Internet,Denver,CO,80014,Pending,Yes,Financial
467,This is the second month in a row my bill is wrong by $22.50 and support keeps ignoring my emails. I am considering switching providers over this.,2025-01-20,Jan-25,23:46,Customer Care Call,Portland,OR,97201,Open,No,Billing
468,My internet connection keeps disconnecting every few minutes since yesterday. Thank you for looking into this.,2025-08-13,Aug-25,13:38,Internet,Denver,CO,80014,Pending,No,Technical
469,This is the second month in a row my bill is wrong by $120 and support keeps ignoring my emails. Thank you for looking into this.,2025-03-12,Mar-25,07:24,Customer Care Call,Portland,OR,97201,Pending,Yes,Billing
470,"I have a question about a charge of $89.99 on my latest bill, could someone clarify it? I have been a loyal customer for years and expected better.",2026-03-06,Mar-26,04:38,Internet,Nashville,TN,37201,Pending,No,Billing
471,"I moved recently and need to update my service address, but the website won't let me. No rush on this, whenever you get a chance is fine.",2026-05-31,May-26,03:05,Customer Care Call,Boston,MA,02101,Pending,Yes,Others
472,"I moved recently and need to update my service address, but the website won't let me. This has happened before and I don't want it to happen again.",2026-06-19,Jun-26,13:23,Internet,Chicago,IL,60601,Solved,No,Others
473,"I have tried to cancel my account for several months and keep getting transferred with no resolution. No rush on this, whenever you get a chance is fine.",2025-12-25,Dec-25,18:51,Internet,Chicago,IL,60601,Solved,No,Others
474,Can someone confirm when my deposit will be returned after I closed my account? I've already called twice about this exact issue.,2025-10-18,Oct-25,19:56,Customer Care Call,Austin,TX,73301,Closed,No,Financial
475,"I have a question about a charge of $120 on my latest bill, could someone clarify it?",2026-06-20,Jun-26,03:33,Internet,Portland,OR,97201,Solved,No,Billing
476,I have been on hold for over an hour trying to reach customer support. I am extremely frustrated at this point.,2025-06-08,Jun-25,13:41,Customer Care Call,Austin,TX,73301,Closed,No,Service
477,This is the third technician appointment that has been missed and I still have no service. This has happened before and I don't want it to happen again.,2025-07-28,Jul-25,13:35,Customer Care Call,Chicago,IL,60601,Pending,No,Technical
478,This is the third technician appointment that has been missed and I still have no service. I would appreciate a quick response.,2025-12-19,Dec-25,22:25,Internet,Portland,OR,97201,Open,No,Technical
479,My internet connection keeps disconnecting every few minutes since yesterday.,2026-06-05,Jun-26,12:50,Customer Care Call,Miami,FL,33101,Open,No,Technical
480,"Nobody will process my $120 refund even though I have called two days in a row about it. No rush on this, whenever you get a chance is fine.",2025-05-29,May-25,15:59,Customer Care Call,Austin,TX,73301,Open,Yes,Financial
481,I requested a refund of $40 two days ago and have not received it yet. Please escalate this to a supervisor if needed.,2026-01-29,Jan-26,12:39,Customer Care Call,Springfield,IL,62701,Open,No,Financial
482,"Just leaving feedback that the chat support could be a little faster to respond. This is not urgent, just wanted to flag it.",2026-06-15,Jun-26,09:12,Internet,Columbus,OH,43085,Pending,No,Service
483,The representative I spoke to was short with me and didn't answer my question. This has happened before and I don't want it to happen again.,2025-06-11,Jun-25,02:17,Customer Care Call,Springfield,IL,62701,Closed,No,Service
484,"My internet speed seems a little slower than what I'm paying for, could you check the line?",2025-03-12,Mar-25,02:35,Customer Care Call,Dallas,TX,75201,Closed,No,Technical
485,Nobody can tell me why my account was suspended without any notice three days ago. Please escalate this to a supervisor if needed.,2026-04-11,Apr-26,12:36,Internet,Miami,FL,33101,Closed,No,Others
486,"My internet speed seems a little slower than what I'm paying for, could you check the line?",2025-10-29,Oct-25,10:07,Customer Care Call,Boston,MA,02101,Closed,No,Technical
487,"Nobody can tell me why my account was suspended without any notice two weeks ago. No rush on this, whenever you get a chance is fine.",2025-12-14,Dec-25,14:43,Customer Care Call,Miami,FL,33101,Open,No,Others
488,I have been overcharged $15 for two weeks now and no one has fixed my billing statement. This has happened before and I don't want it to happen again.,2025-08-14,Aug-25,21:44,Internet,San Diego,CA,92101,Closed,No,Billing
489,I have tried to cancel my account for three weeks and keep getting transferred with no resolution.,2025-09-27,Sep-25,07:18,Internet,Dallas,TX,75201,Solved,No,Others
490,"My bill shows a late fee even though I paid on time, please review my account. I am extremely frustrated at this point.",2025-08-12,Aug-25,18:17,Internet,Atlanta,GA,30301,Pending,No,Billing
491,"The agent was extremely rude to me on the phone and hung up before resolving my issue. This is not urgent, just wanted to flag it.",2025-09-29,Sep-25,06:14,Internet,Columbus,OH,43085,Pending,No,Service
492,This is the second month in a row my bill is wrong by $15 and support keeps ignoring my emails.,2026-05-20,May-26,19:00,Internet,Nashville,TN,37201,Solved,No,Billing
493,I had a fine experience overall but wanted to mention the hold time was a bit long. I've already called twice about this exact issue.,2026-05-18,May-26,05:48,Customer Care Call,Seattle,WA,98101,Solved,No,Service
494,I have called two days in a row and every representative gives me a different answer with no resolution. I have been a loyal customer for years and expected better.,2026-03-10,Mar-26,15:34,Internet,San Diego,CA,92101,Closed,No,Service
495,Could you send me information about available add-on packages? Thank you for looking into this.,2026-06-15,Jun-26,14:20,Internet,Austin,TX,73301,Open,No,Others
496,Nobody will process my $15 refund even though I have called a week in a row about it. I am extremely frustrated at this point.,2025-09-23,Sep-25,05:35,Customer Care Call,Portland,OR,97201,Pending,No,Financial
497,My modem stopped working and I still don't have a working connection. I am extremely frustrated at this point.,2026-05-26,May-26,13:13,Customer Care Call,Denver,CO,80014,Closed,No,Technical
498,Could you send me information about available add-on packages? Please let me know as soon as possible.,2025-05-15,May-25,18:43,Internet,Portland,OR,97201,Open,No,Others
499,"Nobody has followed up with me after promising a callback two weeks ago, this is unacceptable. I've already called twice about this exact issue.",2025-07-20,Jul-25,04:51,Internet,Chicago,IL,60601,Solved,Yes,Service
500,This is the second month in a row my bill is wrong by $65 and support keeps ignoring my emails. I've already called twice about this exact issue.,2026-06-14,Jun-26,17:46,Customer Care Call,Nashville,TN,37201,Solved,No,Billing
501,Can someone confirm when my deposit will be returned after I closed my account?,2025-04-12,Apr-25,22:10,Internet,Chicago,IL,60601,Pending,No,Financial
502,My modem stopped working and I still don't have a working connection. Thank you for looking into this.,2025-12-09,Dec-25,08:23,Customer Care Call,Dallas,TX,75201,Closed,No,Technical
503,"I have a question about a charge of $15 on my latest bill, could someone clarify it? I've already called twice about this exact issue.",2025-07-23,Jul-25,18:36,Internet,Nashville,TN,37201,Closed,No,Billing
504,"I cancelled my service two weeks ago and my $89.99 deposit still has not been refunded. No rush on this, whenever you get a chance is fine.",2026-04-03,Apr-26,02:24,Customer Care Call,Dallas,TX,75201,Solved,No,Financial
505,I want to cancel my subscription but keep getting transferred between departments. I am extremely frustrated at this point.,2026-02-19,Feb-26,02:05,Internet,Chicago,IL,60601,Closed,No,Others
506,"The promotional credit of $120 was never applied to my account as promised. I need this resolved immediately, I cannot wait any longer!",2026-02-09,Feb-26,08:56,Customer Care Call,Seattle,WA,98101,Closed,No,Financial
507,I'd like a technician to take a look at my router configuration when convenient.,2025-08-29,Aug-25,21:16,Internet,Denver,CO,80014,Pending,No,Technical
508,"My internet speed seems a little slower than what I'm paying for, could you check the line? Thank you for looking into this.",2025-02-25,Feb-25,00:49,Customer Care Call,Boston,MA,02101,Open,Yes,Technical
509,I requested a refund of $22.50 two days ago and have not received it yet. This has happened before and I don't want it to happen again.,2026-02-04,Feb-26,09:14,Internet,Baltimore,MD,21201,Closed,No,Financial
510,I had a fine experience overall but wanted to mention the hold time was a bit long. I've already called twice about this exact issue.,2025-01-30,Jan-25,01:42,Customer Care Call,Denver,CO,80014,Closed,No,Service
511,My modem stopped working and I still don't have a working connection. I would appreciate a quick response.,2026-04-01,Apr-26,04:44,Internet,Boston,MA,02101,Solved,No,Technical
512,My internet has been completely down for three weeks and no technician has shown up yet. I would appreciate a quick response.,2025-12-22,Dec-25,15:34,Internet,Baltimore,MD,21201,Open,No,Technical
513,The promotional credit of $65 was never applied to my account as promised. Please let me know as soon as possible.,2025-01-11,Jan-25,00:33,Internet,Seattle,WA,98101,Closed,No,Financial
514,My modem stopped working and I still don't have a working connection. Thank you for looking into this.,2026-05-04,May-26,09:00,Customer Care Call,San Diego,CA,92101,Closed,No,Technical
515,"Nobody has followed up with me after promising a callback a week ago, this is unacceptable. This is not urgent, just wanted to flag it.",2026-03-24,Mar-26,12:15,Internet,Chicago,IL,60601,Solved,No,Service
516,I would like to ask about the refund process for a canceled service. This has happened before and I don't want it to happen again.,2026-06-14,Jun-26,19:51,Customer Care Call,Miami,FL,33101,Closed,No,Financial
517,"My internet speed seems a little slower than what I'm paying for, could you check the line? Please let me know as soon as possible.",2025-10-24,Oct-25,03:40,Customer Care Call,Denver,CO,80014,Solved,No,Technical
518,I have been on hold for over an hour trying to reach customer support. I am extremely frustrated at this point.,2025-06-05,Jun-25,01:34,Internet,Springfield,IL,62701,Pending,Yes,Service
519,I requested a refund of $22.50 a month ago and have not received it yet. Thank you for looking into this.,2025-01-09,Jan-25,07:05,Internet,Dallas,TX,75201,Open,No,Financial
520,"I would like to ask about the refund process for a canceled service. No rush on this, whenever you get a chance is fine.",2026-05-26,May-26,11:29,Internet,San Diego,CA,92101,Closed,Yes,Financial
521,I have a general question about upgrading my current plan. I would appreciate a quick response.,2026-02-06,Feb-26,02:34,Customer Care Call,San Diego,CA,92101,Pending,No,Others
522,"I moved recently and need to update my service address, but the website won't let me. I am considering switching providers over this.",2025-01-13,Jan-25,03:49,Internet,Columbus,OH,43085,Solved,No,Others
523,Can someone confirm when my deposit will be returned after I closed my account? Thank you for looking into this.,2025-04-07,Apr-25,16:42,Internet,Dallas,TX,75201,Solved,No,Financial
524,I have been on hold for over an hour trying to reach customer support. Please let me know as soon as possible.,2025-02-13,Feb-25,23:59,Internet,Nashville,TN,37201,Closed,No,Service
525,Just leaving feedback that the chat support could be a little faster to respond.,2025-08-12,Aug-25,03:15,Customer Care Call,Columbus,OH,43085,Closed,Yes,Service
526,This is the second month in a row my bill is wrong by $40 and support keeps ignoring my emails.,2025-09-06,Sep-25,00:02,Customer Care Call,Chicago,IL,60601,Pending,No,Billing
527,I have called three days in a row and every representative gives me a different answer with no resolution. Thank you for looking into this.,2025-12-13,Dec-25,20:03,Internet,Austin,TX,73301,Closed,No,Service
528,I have been on hold for over an hour trying to reach customer support. Please let me know as soon as possible.,2025-08-27,Aug-25,10:35,Customer Care Call,Phoenix,AZ,85001,Solved,No,Service
529,"My monthly bill seems higher than usual this cycle, can you check the breakdown? I need this resolved immediately, I cannot wait any longer!",2025-09-14,Sep-25,01:31,Customer Care Call,Denver,CO,80014,Closed,No,Billing
530,I was billed for a package I never signed up for and it has taken three weeks to even get a reply. I am extremely frustrated at this point.,2026-04-25,Apr-26,08:55,Internet,Atlanta,GA,30301,Open,No,Billing
531,My internet connection keeps disconnecting every few minutes since yesterday. I have been a loyal customer for years and expected better.,2026-04-10,Apr-26,00:49,Customer Care Call,Atlanta,GA,30301,Pending,Yes,Technical
532,I had a fine experience overall but wanted to mention the hold time was a bit long. Please escalate this to a supervisor if needed.,2025-11-25,Nov-25,23:04,Customer Care Call,Miami,FL,33101,Pending,No,Service
533,I have called three weeks in a row and every representative gives me a different answer with no resolution. I would appreciate a quick response.,2026-02-24,Feb-26,20:20,Internet,Atlanta,GA,30301,Open,Yes,Service
534,I was charged $22.50 twice on my bill this month and would like it corrected. I've already called twice about this exact issue.,2025-07-26,Jul-25,03:31,Internet,Springfield,IL,62701,Open,Yes,Billing
535,"My connection drops every hour and I work from home, I cannot keep losing income like this. This has happened before and I don't want it to happen again.",2026-06-23,Jun-26,19:44,Customer Care Call,Phoenix,AZ,85001,Open,No,Technical
536,I would like to ask about the refund process for a canceled service.,2025-08-02,Aug-25,20:31,Internet,Baltimore,MD,21201,Solved,Yes,Financial
537,Nobody will process my $120 refund even though I have called two weeks in a row about it. I've already called twice about this exact issue.,2025-03-01,Mar-25,19:17,Internet,Atlanta,GA,30301,Open,No,Financial
538,"My bill shows a late fee even though I paid on time, please review my account.",2025-08-25,Aug-25,17:24,Internet,Austin,TX,73301,Pending,No,Billing
539,"My connection drops every hour and I work from home, I cannot keep losing income like this. I need this resolved immediately, I cannot wait any longer!",2026-03-02,Mar-26,23:06,Customer Care Call,Boston,MA,02101,Solved,No,Technical
540,I want to cancel my subscription but keep getting transferred between departments. Please let me know as soon as possible.,2026-02-16,Feb-26,16:21,Internet,Boston,MA,02101,Solved,No,Others
541,"I moved recently and need to update my service address, but the website won't let me. I've already called twice about this exact issue.",2026-02-27,Feb-26,20:27,Customer Care Call,Atlanta,GA,30301,Pending,No,Others
542,Nobody will process my $89.99 refund even though I have called a month in a row about it. I would appreciate a quick response.,2026-04-09,Apr-26,14:25,Internet,Atlanta,GA,30301,Open,No,Financial
543,"My connection drops every hour and I work from home, I cannot keep losing income like this. I would appreciate a quick response.",2025-11-04,Nov-25,07:13,Customer Care Call,Springfield,IL,62701,Open,No,Technical
544,"I moved recently and need to update my service address, but the website won't let me. Please escalate this to a supervisor if needed.",2025-06-08,Jun-25,03:02,Customer Care Call,Baltimore,MD,21201,Closed,No,Others
545,"I have been overcharged $40 for three weeks now and no one has fixed my billing statement. This is not urgent, just wanted to flag it.",2025-09-20,Sep-25,09:05,Customer Care Call,Miami,FL,33101,Pending,Yes,Billing
546,The agent was extremely rude to me on the phone and hung up before resolving my issue. Please let me know as soon as possible.,2025-04-08,Apr-25,19:41,Customer Care Call,Phoenix,AZ,85001,Open,No,Service
547,"My bill shows a late fee even though I paid on time, please review my account. I am extremely frustrated at this point.",2026-03-21,Mar-26,13:59,Internet,Atlanta,GA,30301,Pending,Yes,Billing
548,Just leaving feedback that the chat support could be a little faster to respond.,2026-06-21,Jun-26,01:20,Internet,Seattle,WA,98101,Closed,No,Service
549,This is the second month in a row my bill is wrong by $120 and support keeps ignoring my emails. I am considering switching providers over this.,2026-06-01,Jun-26,02:14,Customer Care Call,Phoenix,AZ,85001,Closed,No,Billing
550,This is the second month in a row my bill is wrong by $40 and support keeps ignoring my emails. Thank you for looking into this.,2025-02-20,Feb-25,17:25,Customer Care Call,Portland,OR,97201,Open,No,Billing
551,My internet has been completely down for a month and no technician has shown up yet. Please let me know as soon as possible.,2025-05-19,May-25,15:35,Internet,San Diego,CA,92101,Solved,No,Technical
552,The representative I spoke to was short with me and didn't answer my question. Please escalate this to a supervisor if needed.,2026-06-21,Jun-26,07:15,Internet,Dallas,TX,75201,Closed,No,Service
553,I cancelled my service two days ago and my $89.99 deposit still has not been refunded.,2026-02-28,Feb-26,13:23,Customer Care Call,Nashville,TN,37201,Pending,No,Financial
554,"I cancelled my service two days ago and my $120 deposit still has not been refunded. No rush on this, whenever you get a chance is fine.",2025-06-23,Jun-25,11:39,Customer Care Call,Seattle,WA,98101,Pending,No,Financial
555,"I was charged $210 twice on my bill this month and would like it corrected. This is not urgent, just wanted to flag it.",2026-01-18,Jan-26,04:48,Internet,Nashville,TN,37201,Open,Yes,Billing
556,Can someone confirm when my deposit will be returned after I closed my account? I've already called twice about this exact issue.,2025-10-22,Oct-25,00:21,Internet,Columbus,OH,43085,Closed,No,Financial
557,"My modem stopped working and I still don't have a working connection. I need this resolved immediately, I cannot wait any longer!",2025-08-05,Aug-25,06:34,Customer Care Call,Boston,MA,02101,Solved,No,Technical
558,I have been on hold for over an hour trying to reach customer support. I am considering switching providers over this.,2026-06-24,Jun-26,01:16,Internet,Portland,OR,97201,Open,No,Service
559,I was billed for a package I never signed up for and it has taken three weeks to even get a reply. I would appreciate a quick response.,2026-04-22,Apr-26,20:00,Internet,Springfield,IL,62701,Solved,No,Billing
560,The representative I spoke to was short with me and didn't answer my question. I've already called twice about this exact issue.,2025-01-20,Jan-25,09:55,Customer Care Call,Austin,TX,73301,Pending,No,Service
561,My internet has been completely down for two days and no technician has shown up yet. I am extremely frustrated at this point.,2026-06-29,Jun-26,02:11,Internet,Phoenix,AZ,85001,Solved,Yes,Technical
562,"My monthly bill seems higher than usual this cycle, can you check the breakdown? I am extremely frustrated at this point.",2026-02-07,Feb-26,23:10,Internet,Phoenix,AZ,85001,Closed,No,Billing
563,Nobody will process my $40 refund even though I have called three days in a row about it. I have been a loyal customer for years and expected better.,2025-03-05,Mar-25,20:16,Customer Care Call,Seattle,WA,98101,Open,No,Financial
564,I would like to ask about the refund process for a canceled service. This has happened before and I don't want it to happen again.,2025-03-31,Mar-25,23:24,Internet,Denver,CO,80014,Solved,No,Financial
565,"My connection drops every hour and I work from home, I cannot keep losing income like this. Please escalate this to a supervisor if needed.",2026-04-05,Apr-26,17:08,Internet,Atlanta,GA,30301,Pending,No,Technical
566,"Could you send me information about available add-on packages? I need this resolved immediately, I cannot wait any longer!",2026-06-21,Jun-26,04:27,Internet,Baltimore,MD,21201,Pending,No,Others
567,I was charged $89.99 twice on my bill this month and would like it corrected.,2025-11-22,Nov-25,04:46,Internet,Denver,CO,80014,Closed,No,Billing
568,"I have tried to cancel my account for two weeks and keep getting transferred with no resolution. I need this resolved immediately, I cannot wait any longer!",2025-10-08,Oct-25,04:49,Internet,Baltimore,MD,21201,Open,No,Others
569,I was billed for a package I never signed up for and it has taken three weeks to even get a reply. Please escalate this to a supervisor if needed.,2025-08-25,Aug-25,19:14,Internet,Seattle,WA,98101,Open,No,Billing
570,"My bill shows a late fee even though I paid on time, please review my account. Please let me know as soon as possible.",2026-04-26,Apr-26,22:41,Customer Care Call,Boston,MA,02101,Pending,No,Billing
571,"My modem stopped working and I still don't have a working connection. This is not urgent, just wanted to flag it.",2025-02-03,Feb-25,13:48,Internet,Miami,FL,33101,Closed,No,Technical
572,"I would like to ask about the refund process for a canceled service. No rush on this, whenever you get a chance is fine.",2025-03-09,Mar-25,05:59,Customer Care Call,Miami,FL,33101,Solved,No,Financial
573,I want to cancel my subscription but keep getting transferred between departments. I am considering switching providers over this.,2025-02-12,Feb-25,19:47,Customer Care Call,San Diego,CA,92101,Closed,No,Others
574,I had a fine experience overall but wanted to mention the hold time was a bit long. Please escalate this to a supervisor if needed.,2026-06-22,Jun-26,20:56,Internet,Boston,MA,02101,Open,No,Service
575,My internet connection keeps disconnecting every few minutes since yesterday. I have been a loyal customer for years and expected better.,2026-02-10,Feb-26,23:02,Customer Care Call,Boston,MA,02101,Open,No,Technical
576,"The promotional credit of $65 was never applied to my account as promised. No rush on this, whenever you get a chance is fine.",2025-10-20,Oct-25,14:10,Customer Care Call,Columbus,OH,43085,Closed,Yes,Financial
577,I have been on hold for over an hour trying to reach customer support. I've already called twice about this exact issue.,2026-04-08,Apr-26,02:46,Internet,Nashville,TN,37201,Pending,No,Service
578,"My internet speed seems a little slower than what I'm paying for, could you check the line?",2026-04-10,Apr-26,18:57,Internet,Denver,CO,80014,Solved,Yes,Technical
579,"Can someone confirm when my deposit will be returned after I closed my account? I need this resolved immediately, I cannot wait any longer!",2025-06-17,Jun-25,22:46,Internet,San Diego,CA,92101,Open,Yes,Financial
580,I have been on hold for over an hour trying to reach customer support.,2026-01-29,Jan-26,23:50,Internet,Boston,MA,02101,Solved,No,Service
581,I was charged $22.50 twice on my bill this month and would like it corrected. Please escalate this to a supervisor if needed.,2025-06-03,Jun-25,05:55,Internet,Columbus,OH,43085,Pending,Yes,Billing
582,"I'd like a technician to take a look at my router configuration when convenient. No rush on this, whenever you get a chance is fine.",2025-10-23,Oct-25,20:11,Internet,Phoenix,AZ,85001,Pending,No,Technical
583,"I have a question about a charge of $210 on my latest bill, could someone clarify it?",2026-05-25,May-26,15:34,Internet,Phoenix,AZ,85001,Solved,No,Billing
584,I would like to ask about the refund process for a canceled service. Thank you for looking into this.,2026-03-29,Mar-26,02:38,Internet,Chicago,IL,60601,Pending,No,Financial
585,I had a fine experience overall but wanted to mention the hold time was a bit long. I've already called twice about this exact issue.,2025-02-20,Feb-25,05:09,Internet,Miami,FL,33101,Closed,Yes,Service
586,This is the second month in a row my bill is wrong by $15 and support keeps ignoring my emails. Please escalate this to a supervisor if needed.,2025-11-02,Nov-25,10:58,Internet,Columbus,OH,43085,Open,Yes,Billing
587,I'd like a technician to take a look at my router configuration when convenient. This has happened before and I don't want it to happen again.,2025-07-01,Jul-25,14:47,Customer Care Call,Seattle,WA,98101,Open,Yes,Technical
588,I have called a week in a row and every representative gives me a different answer with no resolution. I am considering switching providers over this.,2025-03-11,Mar-25,13:53,Internet,Columbus,OH,43085,Closed,No,Service
589,I have been overcharged $120 for several months now and no one has fixed my billing statement. I would appreciate a quick response.,2026-06-24,Jun-26,13:33,Internet,Atlanta,GA,30301,Pending,Yes,Billing
590,I have been overcharged $120 for a month now and no one has fixed my billing statement. I have been a loyal customer for years and expected better.,2026-05-11,May-26,23:44,Customer Care Call,Austin,TX,73301,Solved,No,Billing
591,I requested a refund of $89.99 three weeks ago and have not received it yet. I am extremely frustrated at this point.,2025-05-13,May-25,19:36,Customer Care Call,Baltimore,MD,21201,Solved,No,Financial
592,"Nobody has followed up with me after promising a callback three days ago, this is unacceptable. I need this resolved immediately, I cannot wait any longer!",2025-07-18,Jul-25,00:07,Internet,Seattle,WA,98101,Solved,Yes,Service
593,The agent was extremely rude to me on the phone and hung up before resolving my issue. Please escalate this to a supervisor if needed.,2026-02-28,Feb-26,01:21,Customer Care Call,Chicago,IL,60601,Pending,Yes,Service
594,Just leaving feedback that the chat support could be a little faster to respond. I would appreciate a quick response.,2025-03-11,Mar-25,09:19,Customer Care Call,San Diego,CA,92101,Open,Yes,Service
595,"I have been on hold for over an hour trying to reach customer support. I need this resolved immediately, I cannot wait any longer!",2025-01-30,Jan-25,05:12,Customer Care Call,Portland,OR,97201,Closed,No,Service
596,"I moved recently and need to update my service address, but the website won't let me. This has happened before and I don't want it to happen again.",2026-05-09,May-26,04:40,Customer Care Call,Denver,CO,80014,Closed,No,Others
597,I have called a month in a row and every representative gives me a different answer with no resolution.,2026-06-18,Jun-26,09:36,Customer Care Call,Columbus,OH,43085,Open,No,Service
598,"My connection drops every hour and I work from home, I cannot keep losing income like this. No rush on this, whenever you get a chance is fine.",2025-03-09,Mar-25,04:17,Internet,Atlanta,GA,30301,Closed,No,Technical
599,I had a fine experience overall but wanted to mention the hold time was a bit long. Please escalate this to a supervisor if needed.,2026-02-03,Feb-26,05:38,Internet,Portland,OR,97201,Closed,No,Service
600,The agent was extremely rude to me on the phone and hung up before resolving my issue.,2025-09-01,Sep-25,11:28,Customer Care Call,Phoenix,AZ,85001,Pending,No,Service
601,This is the second month in a row my bill is wrong by $40 and support keeps ignoring my emails.,2025-07-26,Jul-25,02:28,Internet,San Diego,CA,92101,Solved,No,Billing
602,I was billed for a package I never signed up for and it has taken a month to even get a reply. I've already called twice about this exact issue.,2025-11-14,Nov-25,10:09,Internet,Boston,MA,02101,Pending,No,Billing
603,"The agent was extremely rude to me on the phone and hung up before resolving my issue. I need this resolved immediately, I cannot wait any longer!",2026-06-19,Jun-26,03:00,Customer Care Call,Columbus,OH,43085,Open,Yes,Service
604,I cancelled my service two days ago and my $15 deposit still has not been refunded. I have been a loyal customer for years and expected better.,2025-11-16,Nov-25,00:36,Customer Care Call,San Diego,CA,92101,Pending,No,Financial
605,I was billed for a package I never signed up for and it has taken a week to even get a reply. I have been a loyal customer for years and expected better.,2026-03-28,Mar-26,21:07,Customer Care Call,Atlanta,GA,30301,Pending,No,Billing
606,I requested a refund of $15 three weeks ago and have not received it yet. I have been a loyal customer for years and expected better.,2025-04-15,Apr-25,06:34,Customer Care Call,Boston,MA,02101,Closed,No,Financial
607,This is the second month in a row my bill is wrong by $120 and support keeps ignoring my emails. I would appreciate a quick response.,2025-09-08,Sep-25,05:04,Customer Care Call,Portland,OR,97201,Closed,No,Billing
608,I was charged $15 twice on my bill this month and would like it corrected. This has happened before and I don't want it to happen again.,2025-04-19,Apr-25,12:03,Internet,Springfield,IL,62701,Solved,No,Billing
609,I was billed for a package I never signed up for and it has taken three weeks to even get a reply. This has happened before and I don't want it to happen again.,2026-04-02,Apr-26,19:22,Customer Care Call,Columbus,OH,43085,Closed,No,Billing
610,The agent was extremely rude to me on the phone and hung up before resolving my issue. I have been a loyal customer for years and expected better.,2026-04-22,Apr-26,18:08,Internet,Austin,TX,73301,Solved,Yes,Service
611,"My internet connection keeps disconnecting every few minutes since yesterday. I need this resolved immediately, I cannot wait any longer!",2026-04-22,Apr-26,15:14,Internet,San Diego,CA,92101,Pending,No,Technical
612,"I moved recently and need to update my service address, but the website won't let me. I need this resolved immediately, I cannot wait any longer!",2025-12-05,Dec-25,10:29,Customer Care Call,Baltimore,MD,21201,Open,Yes,Others
613,My modem stopped working and I still don't have a working connection. Thank you for looking into this.,2025-06-24,Jun-25,09:49,Customer Care Call,Columbus,OH,43085,Pending,Yes,Technical
614,"My internet speed seems a little slower than what I'm paying for, could you check the line?",2025-03-14,Mar-25,09:34,Customer Care Call,Atlanta,GA,30301,Solved,No,Technical
615,Can someone confirm when my deposit will be returned after I closed my account? Please let me know as soon as possible.,2026-01-29,Jan-26,02:21,Internet,Phoenix,AZ,85001,Solved,No,Financial
616,"This is the third technician appointment that has been missed and I still have no service. I need this resolved immediately, I cannot wait any longer!",2025-06-27,Jun-25,21:42,Internet,Miami,FL,33101,Solved,Yes,Technical
617,"My connection drops every hour and I work from home, I cannot keep losing income like this. I have been a loyal customer for years and expected better.",2026-04-01,Apr-26,05:19,Customer Care Call,Austin,TX,73301,Open,Yes,Technical
618,I have been on hold for over an hour trying to reach customer support. I've already called twice about this exact issue.,2025-12-02,Dec-25,15:41,Internet,Chicago,IL,60601,Open,No,Service
619,"Nobody has followed up with me after promising a callback several months ago, this is unacceptable. This has happened before and I don't want it to happen again.",2025-01-01,Jan-25,04:42,Internet,San Diego,CA,92101,Solved,No,Service
620,"Nobody will process my $89.99 refund even though I have called two weeks in a row about it. This is not urgent, just wanted to flag it.",2025-11-21,Nov-25,09:36,Customer Care Call,Miami,FL,33101,Solved,No,Financial
621,Nobody can tell me why my account was suspended without any notice two days ago. Please escalate this to a supervisor if needed.,2026-02-18,Feb-26,04:54,Customer Care Call,Boston,MA,02101,Open,No,Others
622,"I moved recently and need to update my service address, but the website won't let me. I need this resolved immediately, I cannot wait any longer!",2026-01-03,Jan-26,03:55,Customer Care Call,Boston,MA,02101,Open,No,Others
623,I'd like a technician to take a look at my router configuration when convenient. This has happened before and I don't want it to happen again.,2026-01-27,Jan-26,12:24,Customer Care Call,Atlanta,GA,30301,Pending,No,Technical
624,My modem stopped working and I still don't have a working connection. I am considering switching providers over this.,2026-01-04,Jan-26,13:09,Customer Care Call,Columbus,OH,43085,Pending,No,Technical
625,"I have a question about a charge of $120 on my latest bill, could someone clarify it? Please let me know as soon as possible.",2026-05-14,May-26,21:27,Internet,Dallas,TX,75201,Open,No,Billing
626,Just leaving feedback that the chat support could be a little faster to respond. Thank you for looking into this.,2026-03-12,Mar-26,19:11,Customer Care Call,Baltimore,MD,21201,Solved,No,Service
627,Nobody will process my $22.50 refund even though I have called three days in a row about it. I am considering switching providers over this.,2025-01-08,Jan-25,18:31,Internet,Portland,OR,97201,Closed,No,Financial
628,I have tried to cancel my account for a week and keep getting transferred with no resolution.,2026-05-10,May-26,22:23,Internet,Springfield,IL,62701,Solved,Yes,Others
629,This is the second month in a row my bill is wrong by $120 and support keeps ignoring my emails. I've already called twice about this exact issue.,2025-10-14,Oct-25,14:33,Internet,San Diego,CA,92101,Open,No,Billing
630,My modem stopped working and I still don't have a working connection. This has happened before and I don't want it to happen again.,2025-11-16,Nov-25,19:03,Customer Care Call,Austin,TX,73301,Open,No,Technical
631,"My internet connection keeps disconnecting every few minutes since yesterday. I need this resolved immediately, I cannot wait any longer!",2026-03-08,Mar-26,11:51,Customer Care Call,Atlanta,GA,30301,Closed,No,Technical
632,"My monthly bill seems higher than usual this cycle, can you check the breakdown? I would appreciate a quick response.",2025-09-24,Sep-25,01:40,Customer Care Call,Dallas,TX,75201,Pending,Yes,Billing
633,"The representative I spoke to was short with me and didn't answer my question. I need this resolved immediately, I cannot wait any longer!",2025-01-28,Jan-25,09:31,Internet,Portland,OR,97201,Pending,Yes,Service
634,Could you send me information about available add-on packages? Please let me know as soon as possible.,2025-10-15,Oct-25,08:54,Customer Care Call,Portland,OR,97201,Open,Yes,Others
635,"My connection drops every hour and I work from home, I cannot keep losing income like this. Please let me know as soon as possible.",2026-04-03,Apr-26,11:51,Internet,Nashville,TN,37201,Closed,No,Technical
636,My modem stopped working and I still don't have a working connection. I've already called twice about this exact issue.,2025-12-18,Dec-25,02:09,Internet,Springfield,IL,62701,Solved,No,Technical
637,I have called a month in a row and every representative gives me a different answer with no resolution. Thank you for looking into this.,2025-06-21,Jun-25,06:36,Customer Care Call,Dallas,TX,75201,Open,No,Service
638,I have called two days in a row and every representative gives me a different answer with no resolution. Please let me know as soon as possible.,2026-02-13,Feb-26,15:19,Customer Care Call,Phoenix,AZ,85001,Pending,No,Service
639,I have been on hold for over an hour trying to reach customer support. I would appreciate a quick response.,2026-06-28,Jun-26,13:00,Customer Care Call,Denver,CO,80014,Solved,No,Service
640,The representative I spoke to was short with me and didn't answer my question.,2026-06-29,Jun-26,20:22,Customer Care Call,Austin,TX,73301,Closed,No,Service
641,I requested a refund of $210 two days ago and have not received it yet. I would appreciate a quick response.,2026-02-05,Feb-26,14:49,Internet,Nashville,TN,37201,Pending,No,Financial
642,The representative I spoke to was short with me and didn't answer my question. I have been a loyal customer for years and expected better.,2025-01-09,Jan-25,02:00,Customer Care Call,Springfield,IL,62701,Open,Yes,Service
643,"I have been on hold for over an hour trying to reach customer support. I need this resolved immediately, I cannot wait any longer!",2025-09-15,Sep-25,06:02,Internet,Seattle,WA,98101,Open,Yes,Service
644,"I have tried to cancel my account for several months and keep getting transferred with no resolution. This is not urgent, just wanted to flag it.",2025-05-05,May-25,22:07,Internet,Portland,OR,97201,Pending,No,Others
645,"The representative I spoke to was short with me and didn't answer my question. No rush on this, whenever you get a chance is fine.",2025-04-24,Apr-25,22:11,Customer Care Call,Denver,CO,80014,Closed,No,Service
646,The representative I spoke to was short with me and didn't answer my question. Thank you for looking into this.,2025-10-11,Oct-25,13:44,Customer Care Call,Baltimore,MD,21201,Closed,No,Service
647,I have called several months in a row and every representative gives me a different answer with no resolution.,2026-02-02,Feb-26,10:03,Customer Care Call,Chicago,IL,60601,Closed,No,Service
648,My internet connection keeps disconnecting every few minutes since yesterday. Please escalate this to a supervisor if needed.,2025-07-02,Jul-25,20:31,Internet,Chicago,IL,60601,Pending,No,Technical
649,I would like to ask about the refund process for a canceled service. Thank you for looking into this.,2025-09-23,Sep-25,03:02,Internet,Dallas,TX,75201,Open,No,Financial
650,I have called two weeks in a row and every representative gives me a different answer with no resolution. Please let me know as soon as possible.,2025-01-01,Jan-25,01:42,Customer Care Call,Nashville,TN,37201,Closed,No,Service
651,I have been on hold for over an hour trying to reach customer support.,2026-05-18,May-26,15:27,Customer Care Call,Boston,MA,02101,Open,No,Service
652,"I have a question about a charge of $120 on my latest bill, could someone clarify it? No rush on this, whenever you get a chance is fine.",2025-05-05,May-25,18:34,Customer Care Call,Phoenix,AZ,85001,Closed,No,Billing
653,"My internet speed seems a little slower than what I'm paying for, could you check the line?",2025-12-15,Dec-25,02:53,Customer Care Call,Atlanta,GA,30301,Closed,No,Technical
654,This is the second month in a row my bill is wrong by $15 and support keeps ignoring my emails. This has happened before and I don't want it to happen again.,2025-11-03,Nov-25,22:24,Internet,Miami,FL,33101,Closed,No,Billing
655,"My bill shows a late fee even though I paid on time, please review my account. I need this resolved immediately, I cannot wait any longer!",2025-05-24,May-25,01:12,Internet,Miami,FL,33101,Pending,No,Billing
656,Nobody will process my $210 refund even though I have called three weeks in a row about it. This has happened before and I don't want it to happen again.,2026-05-27,May-26,17:53,Customer Care Call,Seattle,WA,98101,Open,Yes,Financial
657,"I cancelled my service several months ago and my $40 deposit still has not been refunded. I need this resolved immediately, I cannot wait any longer!",2026-02-20,Feb-26,03:13,Customer Care Call,Springfield,IL,62701,Pending,No,Financial
658,I have tried to cancel my account for a month and keep getting transferred with no resolution. Please let me know as soon as possible.,2025-01-20,Jan-25,15:58,Internet,Phoenix,AZ,85001,Pending,No,Others
659,"I have a question about a charge of $120 on my latest bill, could someone clarify it? I would appreciate a quick response.",2025-04-10,Apr-25,14:39,Internet,Columbus,OH,43085,Open,Yes,Billing
660,I have been overcharged $89.99 for several months now and no one has fixed my billing statement. Please escalate this to a supervisor if needed.,2025-03-06,Mar-25,06:27,Customer Care Call,Miami,FL,33101,Solved,No,Billing
661,I have been overcharged $120 for three weeks now and no one has fixed my billing statement. I have been a loyal customer for years and expected better.,2025-11-26,Nov-25,06:48,Internet,Denver,CO,80014,Pending,No,Billing
662,"I was charged $40 twice on my bill this month and would like it corrected. No rush on this, whenever you get a chance is fine.",2025-06-22,Jun-25,22:23,Internet,Chicago,IL,60601,Solved,No,Billing
663,I have tried to cancel my account for three days and keep getting transferred with no resolution.,2026-01-21,Jan-26,05:01,Customer Care Call,San Diego,CA,92101,Open,Yes,Others
664,"I have a question about a charge of $15 on my latest bill, could someone clarify it? This has happened before and I don't want it to happen again.",2025-10-18,Oct-25,13:44,Customer Care Call,Portland,OR,97201,Pending,No,Billing
665,This is the second month in a row my bill is wrong by $40 and support keeps ignoring my emails. Thank you for looking into this.,2025-09-02,Sep-25,05:39,Internet,Chicago,IL,60601,Pending,No,Billing
666,I had a fine experience overall but wanted to mention the hold time was a bit long. I've already called twice about this exact issue.,2025-11-05,Nov-25,11:26,Internet,San Diego,CA,92101,Pending,No,Service
667,I have been overcharged $89.99 for two days now and no one has fixed my billing statement. Please escalate this to a supervisor if needed.,2026-06-04,Jun-26,07:29,Internet,Atlanta,GA,30301,Closed,Yes,Billing
668,I was billed for a package I never signed up for and it has taken three days to even get a reply. This has happened before and I don't want it to happen again.,2026-05-01,May-26,15:11,Internet,Columbus,OH,43085,Open,Yes,Billing
669,Just leaving feedback that the chat support could be a little faster to respond. I am considering switching providers over this.,2025-12-09,Dec-25,19:51,Customer Care Call,Seattle,WA,98101,Open,Yes,Service
670,The agent was extremely rude to me on the phone and hung up before resolving my issue. Please let me know as soon as possible.,2025-01-30,Jan-25,15:32,Internet,San Diego,CA,92101,Open,No,Service
671,The agent was extremely rude to me on the phone and hung up before resolving my issue. I am extremely frustrated at this point.,2025-07-23,Jul-25,23:43,Customer Care Call,Chicago,IL,60601,Pending,Yes,Service
672,"I cancelled my service three days ago and my $15 deposit still has not been refunded. I need this resolved immediately, I cannot wait any longer!",2025-07-24,Jul-25,12:57,Internet,Chicago,IL,60601,Open,No,Financial
673,"My connection drops every hour and I work from home, I cannot keep losing income like this. Please let me know as soon as possible.",2026-04-11,Apr-26,05:24,Customer Care Call,Miami,FL,33101,Pending,No,Technical
674,The agent was extremely rude to me on the phone and hung up before resolving my issue. I would appreciate a quick response.,2025-12-10,Dec-25,04:02,Internet,Miami,FL,33101,Closed,No,Service
675,I have been overcharged $65 for two weeks now and no one has fixed my billing statement. I am considering switching providers over this.,2025-12-18,Dec-25,07:56,Customer Care Call,Denver,CO,80014,Pending,No,Billing
676,"My connection drops every hour and I work from home, I cannot keep losing income like this. This is not urgent, just wanted to flag it.",2026-02-26,Feb-26,16:31,Internet,Austin,TX,73301,Solved,No,Technical
677,"I requested a refund of $120 two weeks ago and have not received it yet. I need this resolved immediately, I cannot wait any longer!",2025-09-10,Sep-25,07:20,Customer Care Call,Columbus,OH,43085,Pending,No,Financial
678,"I moved recently and need to update my service address, but the website won't let me.",2026-04-27,Apr-26,23:49,Internet,Springfield,IL,62701,Solved,No,Others
679,My modem stopped working and I still don't have a working connection. I've already called twice about this exact issue.,2026-04-09,Apr-26,15:15,Internet,Austin,TX,73301,Open,No,Technical
680,I have tried to cancel my account for a week and keep getting transferred with no resolution. I would appreciate a quick response.,2025-04-03,Apr-25,00:30,Customer Care Call,Miami,FL,33101,Pending,No,Others
681,Could you send me information about available add-on packages?,2026-04-20,Apr-26,04:55,Customer Care Call,Phoenix,AZ,85001,Pending,No,Others
682,I had a fine experience overall but wanted to mention the hold time was a bit long.,2025-03-14,Mar-25,12:57,Customer Care Call,Columbus,OH,43085,Open,No,Service
683,I'd like a technician to take a look at my router configuration when convenient. Please escalate this to a supervisor if needed.,2025-08-01,Aug-25,21:05,Customer Care Call,Boston,MA,02101,Open,No,Technical
684,I want to cancel my subscription but keep getting transferred between departments. I am extremely frustrated at this point.,2025-02-11,Feb-25,11:23,Internet,Phoenix,AZ,85001,Open,No,Others
685,I have been overcharged $40 for three days now and no one has fixed my billing statement. I have been a loyal customer for years and expected better.,2026-05-05,May-26,23:48,Internet,Austin,TX,73301,Pending,No,Billing
686,I cancelled my service three weeks ago and my $40 deposit still has not been refunded. This has happened before and I don't want it to happen again.,2025-10-11,Oct-25,01:04,Customer Care Call,Chicago,IL,60601,Closed,No,Financial
687,My modem stopped working and I still don't have a working connection.,2026-06-29,Jun-26,21:52,Customer Care Call,Phoenix,AZ,85001,Solved,No,Technical
688,"Nobody has followed up with me after promising a callback several months ago, this is unacceptable.",2026-04-14,Apr-26,02:05,Customer Care Call,Miami,FL,33101,Pending,No,Service
689,I have tried to cancel my account for two days and keep getting transferred with no resolution. Please let me know as soon as possible.,2025-04-25,Apr-25,22:09,Customer Care Call,Seattle,WA,98101,Pending,No,Others
690,My internet has been completely down for two days and no technician has shown up yet. I would appreciate a quick response.,2025-05-16,May-25,15:22,Customer Care Call,Chicago,IL,60601,Solved,Yes,Technical
691,The promotional credit of $15 was never applied to my account as promised. I've already called twice about this exact issue.,2025-08-26,Aug-25,16:41,Customer Care Call,San Diego,CA,92101,Solved,No,Financial
692,The representative I spoke to was short with me and didn't answer my question. Thank you for looking into this.,2026-06-27,Jun-26,17:28,Customer Care Call,Portland,OR,97201,Closed,No,Service
693,"I moved recently and need to update my service address, but the website won't let me. No rush on this, whenever you get a chance is fine.",2025-08-21,Aug-25,15:23,Customer Care Call,Seattle,WA,98101,Open,No,Others
694,I cancelled my service three days ago and my $65 deposit still has not been refunded. Please escalate this to a supervisor if needed.,2025-06-14,Jun-25,22:34,Customer Care Call,Baltimore,MD,21201,Pending,No,Financial
695,"I have a general question about upgrading my current plan. No rush on this, whenever you get a chance is fine.",2025-06-15,Jun-25,07:07,Internet,Denver,CO,80014,Closed,No,Others
696,"My internet connection keeps disconnecting every few minutes since yesterday. This is not urgent, just wanted to flag it.",2025-02-05,Feb-25,21:20,Customer Care Call,Boston,MA,02101,Pending,No,Technical
697,My internet connection keeps disconnecting every few minutes since yesterday. I would appreciate a quick response.,2025-01-26,Jan-25,12:59,Customer Care Call,Austin,TX,73301,Pending,No,Technical
698,"I have tried to cancel my account for two days and keep getting transferred with no resolution. I need this resolved immediately, I cannot wait any longer!",2026-06-04,Jun-26,10:41,Customer Care Call,Boston,MA,02101,Solved,No,Others
699,Nobody can tell me why my account was suspended without any notice three weeks ago. This has happened before and I don't want it to happen again.,2026-03-29,Mar-26,10:44,Internet,Denver,CO,80014,Solved,Yes,Others
700,This is the second month in a row my bill is wrong by $89.99 and support keeps ignoring my emails. I would appreciate a quick response.,2026-02-16,Feb-26,19:53,Internet,Springfield,IL,62701,Solved,No,Billing
